{
"Action": "إجراء",
"Activity": "نشاط",
"Address": "عنوان",
"Advanced": "متقدم",
"Align": "محاذاة",
"Align center": "محاذاة في الوسط",
"Align left": "محاذاة إلى اليسار",
"Align right": "محاذاة إلى اليمين",
"Alignment": "محاذاة",
"All": "الكل",
"Alternative source": "مصدر بديل",
"Alternative source URL": "رابط المصدر البديل",
"Anchor": "مرساة",
"Anchor...": "مرساة...",
"Anchors": "المراسي",
"Animals and Nature": "الحيوانات والطبيعة",
"Arrows": "السهام",
"B": "ب",
"Background color": "لون الخلفية",
"Black": "أسود",
"Block": "كتلة",
"Blockquote": "اقتباس",
"Blue": "أزرق",
"Body": "الجسم",
"Bold": "عريض",
"Border": "حدود",
"Border color": "لون الحدود",
"Border style": "نمط الحدود",
"Border width": "عرض الحدود",
"Bottom": "أسفل",
"Browse for an image": "تصفح للبحث عن صورة",
"Bullet list": "قائمة نقاط",
"Cancel": "إلغاء",
"Capitalization": "التهذيب",
"Caption": "تسمية",
"Cell": "خلية",
"Cell padding": "تباعد الخلية الداخلي",
"Cell properties": "خصائص الخلية",
"Cell spacing": "تباعد الخلايا",
"Cell type": "نوع الخلية",
"Center": "وسط",
"Characters": "الأحرف",
"Characters (no spaces)": "الأحرف (بدون مسافات)",
"Circle": "دائرة",
"Class": "فصل",
"Clear formatting": "مسح التنسيق",
"Close": "إغلاق",
"Code": "كود",
"Code sample": "عينة الكود",
"Color": "لون",
"Color Picker": "منتقي الألوان",
"Color swatch": "عينة اللون",
"Cols": "أعمدة",
"Column": "عمود",
"Column group": "مجموعة الأعمدة",
"Constrain proportions": "تقييد النسب",
"Copy": "نسخ",
"Copy row": "نسخ الصف",
"Could not find the specified string.": "تعذر العثور على السلسلة المحددة.",
"Could not load emoticons": "تعذر تحميل الرموز التعبيرية",
"Count": "عدد",
"Currency": "عملة",
"Current window": "النافذة الحالية",
"Custom color": "لون مخصص",
"Custom...": "مخصص...",
"Cut": "قص",
"Cut row": "قص الصف",
"Dark Blue": "أزرق داكن",
"Dark Gray": "رمادي داكن",
"Dark Green": "أخضر داكن",
"Dark Orange": "برتقالي داكن",
"Dark Purple": "بنفسجي داكن",
"Dark Red": "أحمر داكن",
"Dark Turquoise": "تركواز داكن",
"Dark Yellow": "أصفر داكن",
"Date/time": "تاريخ/وقت",
"Decrease indent": "تقليل المسافة البادئة",
"Default": "افتراضي",
"Delete column": "حذف العمود",
"Delete row": "حذف الصف",
"Delete table": "حذف الجدول",
"Dimensions": "الأبعاد",
"Disc": "قرص",
"Div": "تقسيم",
"Document": "مستند",
"Document properties": "خصائص المستند",
"Drop an image here": "اسحب صورة هنا",
"Edit": "تحرير",
"Edit image": "تحرير الصورة",
"Embed": "تضمين",
"Emoticons": "رموز تعبيرية",
"Emoticons...": "رموز تعبيرية...",
"Error": "خطأ",
"Extended Latin": "لاتيني موسع",
"Failed to upload image: {0}": "فشل في تحميل الصورة: {0}",
"Find": "بحث",
"Find and replace": "البحث والاستبدال",
"Find and replace...": "البحث والاستبدال..",
"Find whole words only": "البحث في الكلمات كاملة فقط",
"Finish": "إنهاء",
"Flags": "علم",
"Font": "الخط",
"Font Sizes": "أحجام الخط",
"Fonts": "الخطوط",
"Food and Drink": "الطعام والشراب",
"Footer": "تذييل",
"Format": "تنسيق",
"Format Painter": "منسق النسق",
"Formats": "التنسيقات",
"Fullscreen": "ملء الشاشة",
"G": "ج",
"General": "عام",
"Gray": "رمادي",
"Green": "أخضر",
"H Align": "محاذاة أفقية",
"Header": "رأس الصفحة",
"Header 1": "رأس الصفحة 1",
"Header 2": "رأس الصفحة 2",
"Header 3": "رأس الصفحة 3",
"Header 4": "رأس الصفحة 4",
"Header 5": "رأس الصفحة 5",
"Header 6": "رأس الصفحة 6",
"Header cell": "خلية رأس الصفحة",
"Headers": "رؤوس الصفحة",
"Heading 1": "عنوان 1",
"Heading 2": "عنوان 2",
"Heading 3": "عنوان 3",
"Heading 4": "عنوان 4",
"Heading 5": "عنوان 5",
"Heading 6": "عنوان 6",
"Headings": "العناوين",
"Height": "الارتفاع",
"Help": "مساعدة",
"Horizontal line": "خط أفقي",
"Horizontal space": "المسافة الأفقية",
"Id": "هوية",
"Id should start with a letter, followed only by letters, numbers, dashes, dots, colons or underscores.": "يجب أن تبدأ الهوية بحرف، يتبعها فقط حروف، أرقام، شرطات، نقاط، نقاط، نقاط، نقاط، نقاط، أو خطوط سفلية.",
"Ignore": "تجاهل",
"Ignore all": "تجاهل الكل",
"Image": "صورة",
"Image description": "وصف الصورة",
"Image list": "قائمة الصور",
"Image options": "خيارات الصورة",
"Image title": "عنوان الصورة",
"Image...": "صورة...",
"Increase indent": "زيادة المسافة البادئة",
"Inline": "في السطر",
"Insert": "إدراج",
"Insert column after": "إدراج عمود بعد",
"Insert column before": "إدراج عمود قبل",
"Insert date/time": "إدراج التاريخ/الوقت",
"Insert image": "إدراج صورة",
"Insert link": "إدراج رابط",
"Insert row after": "إدراج صف بعد",
"Insert row before": "إدراج صف قبل",
"Insert table": "إدراج جدول",
"Insert video": "إدراج فيديو",
"Insert/Edit Link": "إدراج/تحرير الرابط",
"Insert/edit iframe": "إدراج/تحرير إطار",
"Insert/edit image": "إدراج/تحرير صورة",
"Insert/edit link": "إدراج/تحرير رابط",
"Insert/edit media": "إدراج/تحرير وسائط",
"Insert/edit video": "إدراج/تحرير فيديو",
"Italic": "مائل",
"Justify": "ضبط",
"Keyboard Navigation": "التنقل بالمفاتيح",
"Language": "لغة",
"Left": "يسار",
"Left to right": "من اليسار إلى اليمين",
"Light Blue": "أزرق فاتح",
"Light Gray": "رمادي فاتح",
"Light Green": "أخضر فاتح",
"Light Purple": "بنفسجي فاتح",
"Light Red": "أحمر فاتح",
"Light Yellow": "أصفر فاتح",
"Link": "رابط",
"Link list": "قائمة الروابط",
"Link...": "رابط...",
"Loading emoticons...": "جارٍ تحميل الرموز التعبيرية...",
"Lower Alpha": "ألفا الصغيرة",
"Lower Greek": "يوناني صغير",
"Lower Roman": "روماني صغير",
"Match case": "مطابقة الحالة",
"Mathematical": "رياضي",
"Media": "وسائط",
"Media poster (Image URL)": "ملصق الوسائط (رابط الصورة)",
"Media...": "وسائط...",
"Medium Blue": "أزرق متوسط",
"Medium Gray": "رمادي متوسط",
"Medium Purple": "بنفسجي متوسط",
"Merge cells": "دمج الخلايا",
"Middle": "وسط",
"Midnight Blue": "أزرق منتصف الليل",
"More...": "المزيد...",
"Name": "الاسم",
"Navy Blue": "أزرق بحري",
"New window": "نافذة جديدة",
"Next": "التالي",
"No": "لا",
"No color": "لا يوجد لون",
"Nonbreaking space": "مسافة غير قابلة للانقسام",
"None": "لا شيء",
"Numbered list": "قائمة مرقمة",
"OR": "أو",
"Objects": "الكائنات",
"Ok": "موافق",
"Open help dialog": "فتح مربع الحوار للمساعدة",
"Open link in...": "فتح الرابط في...",
"Orange": "برتقالي",
"Page break": "فاصل الصفحات",
"Paragraph": "فقرة",
"Paste": "لصق",
"Paste as text": "لصق كنص",
"Paste or type a link": "لصق أو كتابة رابط",
"Paste row after": "لصق الصف بعد",
"Paste row before": "لصق الصف قبل",
"Paste your embed code below:": "الصق كود التضمين الخاص بك أدناه:",
"People": "أشخاص",
"Permanent Pen Properties": "خصائص القلم الدائم",
"Permanent pen properties...": "خصائص القلم الدائم...",
"Poster": "ملصق",
"Powered by {0}": "مدعوم بواسطة {0}",
"Pre": "مسبقًا",
"Preferences": "التفضيلات",
"Preformatted": "منسق مسبقا",
"Prev": "السابق",
"Preview": "معاينة",
"Previous": "السابق",
"Print": "طباعة",
"Print...": "طباعة...",
"Purple": "بنفسجي",
"Quotations": "اقتباسات",
"R": "ر",
"Red": "أحمر",
"Redo": "إعادة",
"Remove color": "إزالة اللون",
"Remove link": "إزالة الرابط",
"Replace": "استبدال",
"Replace all": "استبدال الكل",
"Replace with": "استبدال بـ",
"Restore last draft": "استعادة المسودة الأخيرة",
"Rich Text Area. Press ALT-0 for help.": "منطقة النص الغنية. اضغط على ALT-0 للمساعدة.",
"Rich Text Area. Press ALT-F9 for menu. Press ALT-F10 for toolbar. Press ALT-0 for help": "منطقة النص الغنية. اضغط على ALT-F9 للقائمة. اضغط على ALT-F10 لشريط الأدوات. اضغط على ALT-0 للمساعدة",
"Right": "يمين",
"Right to left": "من اليمين إلى اليسار",
"Row": "صف",
"Row group": "مجموعة الصفوف",
"Row properties": "خصائص الصف",
"Row type": "نوع الصف",
"Rows": "الصفوف",
"Save": "حفظ",
"Scope": "نطاق",
"Search": "بحث",
"Select all": "تحديد الكل",
"Select...": "تحديد...",
"Selection": "التحديد",
"Shortcut": "اختصار",
"Show caption": "عرض التسمية",
"Show invisible characters": "عرض الأحرف الغير مرئية",
"Size": "الحجم",
"Source": "المصدر",
"Source code": "كود المصدر",
"Special character": "حرف خاص",
"Special character...": "حرف خاص...",
"Spellcheck": "فحص إملائي",
"Split cell": "تقسيم الخلية",
"Square": "مربع",
"Strikethrough": "مشطوب",
"Style": "النمط",
"Subscript": "رمز سفلي",
"Superscript": "رمز علوي",
"Switch to or from fullscreen mode": "التبديل إلى وضع ملء الشاشة أو الخروج منه",
"Symbols": "رموز",
"System Font": "خط النظام",
"Table": "جدول",
"Table of Contents": "جدول المحتويات",
"Table properties": "خصائص الجدول",
"Target": "الهدف",
"Text": "نص",
"Text color": "لون النص",
"Text to display": "النص المعروض",
"The URL you entered seems to be an email address. Do you want to add the required mailto: prefix?": "يبدو أن الرابط الذي أدخلته عنوان بريد إلكتروني. هل ترغب في إضافة البادئة اللازمة mailto:؟",
"The URL you entered seems to be an external link. Do you want to add the required http:// prefix?": "يبدو أن الرابط الذي أدخلته رابط خارجي. هل ترغب في إضافة البادئة اللازمة http://؟",
"Title Case": "حالة العنوان",
"To open the popup, press Shift+Enter": "لفتح القائمة المنبثقة، اضغط Shift+Enter",
"Tools": "أدوات",
"Top": "أعلى",
"Travel and Places": "السفر والأماكن",
"Turquoise": "تركواز",
"UPPERCASE": "حروف كبيرة",
"Underline": "تسطير",
"Undo": "تراجع",
"Update": "تحديث",
"Upload": "تحميل",
"Upper Alpha": "ألفا كبيرة",
"Upper Roman": "روماني كبير",
"Url": "رابط",
"User Defined": "معرفة المستخدم",
"V Align": "محاذاة رأسي",
"Valid": "صالح",
"Version": "الإصدار",
"Vertical space": "المسافة الرأسية",
"View": "عرض",
"Warn": "تحذير",
"White": "أبيض",
"Whole words": "كلمات كاملة",
"Width": "العرض",
"preformatted": "منسق مسبقا",
"quote": "اقتباس",
"redo": "إعادة",
"remove all formatting": "إزالة جميع التنسيقات",
"remove format": "إزالة التنسيق",
"uppercase": "حروف كبيرة",
"used": "مستخدم",
"via {0}": "عبر {0}",
"visual aid": "مساعد بصري",
"width": "العرض",
"Word count": "عدد الكلمات",
"Words": "كلمات",
"Words: {0}": "كلمات: {0}",
"Yellow": "أصفر",
"Yes": "نعم",
"You have unsaved changes are you sure you want to navigate away?": "لديك تغييرات غير محفوظة، هل أنت متأكد أنك تريد المغادرة؟",
"alignment": "محاذاة",
"comments": "تعليقات",
"example": "مثال",
"formatting": "تنسيق",
"history": "تاريخ",
"indentation": "المسافة البادئة",
"lowercase": "حروف صغيرة",
"permanent pen": "قلم دائم",
"styles": "أنماط",
"{0} characters": "{0} حروف",
"{0} words": "{0} كلمات"
} 
