{
  "author": {
    "addNewAuthor": "Neuen Autor hinzufügen",
    "author": "Autor",
    "authorDataParsingErrorMessage": "Fehler beim Parsen der Autorendaten für ID: ",
    "authorHasBeenUpdated": "Autor wurde aktualisiert",
    "authorLink": "Autor-Link",
    "authorName": "Autor-Name",
    "authorNameCannotBeEmptyErrorMessage": "Der Name des Autors darf nicht leer sein. Bitte geben Sie einen Namen ein",
    "authorNameInUseErrorMessage": "Der angegebene Autorenname wird bereits verwendet. Bitte mit einem anderen Namen versuchen.",
    "authorNameSimilarInUseErrorMessage": "Der angegebene Autorenname wird bereits verwendet; Autorennamen unterscheiden nicht zwischen Groß- und Kleinschreibung. Bitte mit einem anderen Namen versuchen.",
    "authorPage": "Autorenseite",
    "authorSlugCannotBeEmpty": "Autor-Slug darf nicht leer sein",
    "avatar": "Avatar",
    "avatarAndFeaturedImage": "Avatar und hervorgehobenes Bild",
    "cannotRemoveMainAuthor": "Der Hauptautor kann nicht gelöscht werden.",
    "changePostAuthor": "Beitragsautor ändern",
    "editAuthor": "Autor bearbeiten",
    "eMail": "E-Mail",
    "filterOrSearchAuthors": "Autoren filtern oder suchen...",
    "gravatarEmailWarningMessage": "Geben Sie die E-Mail-Adresse ein, die Sie für die Registrierung Ihres Kontos bei Gravatar verwendet haben.",
    "mainAuthor": "Hauptautor",
    "mainAuthorCannotBeRemoved": "Dies ist der Hauptautor dieser Webseite. Er kann nicht entfernt werden.",
    "newAuthorHasBeenCreated": "Neuer Autor wurde erstellt",
    "noAuthorsMatchingYourCriteria": "Es gibt keine Autoren, die Ihren Kriterien entsprechen.",
    "removeAuthorsMessage": "Möchten Sie die ausgewählten Autoren wirklich löschen?",
    "removeAuthorsSuccessMessage": "Ausgewählte Autoren wurden gelöscht",
    "selectAuthor": "Autor auswählen",
    "selectAuthorPage": "Autorenseite auswählen",
    "themeDoesNotSupportFeaturedImagesForAuthors": "Ihr Theme unterstützt keine vorgestellten Bilder für Autoren",
    "whenYouUseGravatarYourSiteVisitorsWillQueryAThirdPartyServer": "Wenn Sie den Gravatar-Service benutzen, beachten Sie bitte, dass Ihre Webseitenbesucher für das Laden Ihres Avatarbildes einen Drittanbieter benutzen müssen.",
    "toUseThisOptionEnableIndexingAuthorPages": "Um diese Option zu verwenden, aktivieren Sie zunächst die Indexierung von Autorenseiten in den SEO-Einstellungen.",
    "useGravatarMessage": "Verwenden Sie <a href=\"https://gravatar.com/\" target=\"_blank\" rel=\"noopener noreferrer\">Gravatar</a>, um Ihren Autoren-Avatar bereitzustellen",
    "useGravatarServiceMessage": "Um den Gravatar-Dienst zu nutzen, geben Sie hier die E-Mail-Adresse des Autors an.",
    "website": "Webseite"
  },
  "core": {
    "archive": {
      "destinationNotExists": "Angegebenes Ausgabeziel existiert nicht",
      "errorDuringCreatingTAR": "Während der Erstellung des TAR-Archivs ist ein Fehler aufgetreten. Bitte erneut versuchen.",
      "errorDuringCreatingZIP": "Beim Erstellen des ZIP-Archivs ist ein Fehler aufgetreten. Bitte erneut versuchen."
    },
    "backup": {
      "destinationDirectoryDoesNotExists": "Zielverzeichnis existiert nicht",
      "errorDuringFileSaveProcess": "Beim Speichern der Datei ist ein Fehler aufgetreten",
      "errorDuringReadingBackupFile": "Beim Lesen der Sicherungsdatei ist ein Fehler aufgetreten",
      "fileDoesNotExists": "Sicherungsdatei existiert nicht",
      "fileIsCorrupted": "Die Sicherungsdatei ist beschädigt – der Wiederherstellungsprozess wird abgebrochen.",
      "locationDoesNotExists": "Backup-Verzeichnis existiert nicht",
      "temporaryDirectoryDoesNotExists": "Temporäres Verzeichnis existiert nicht"
    },
    "credits": {
      "errorLoadingLicenseMsg": "Beim Laden der Lizenz ist ein Fehler aufgetreten. Bitte erneut versuchen."
    },
    "images": {
      "responsiveImagesDisabled": "Responsive Bilder sind in den Seiteneinstellungen deaktiviert – alle responsiven Bilder wurden entfernt."
    },
    "rendering": {
      "renderingProcessCrashed": "Der Rendervorgang ist abgestürzt",
      "renderingProcessCrashedMsg": "Weitere Informationen finden Sie in den Dateien rendering-errors.log und rendering-process.log unter Tools -> Log Viewer.",
      "renderingProcessFailed": "Rendervorgang fehlgeschlagen"
    },
    "server": {
      "branchDoesNotExist": "Ausgewählter Branch existiert nicht.",
      "creatingNewRemoteFilesTree": "Erstellen einer neuen Remote-Verzeichnisstruktur...",
      "finishingDeploymentProcess": "Fertigstellen der Synchronisierung...",
      "getInfoAboutLatestCommit": "Informationen zum neuesten Commit...",
      "preparingFilesTreeToUpload": "Verzeichnisstruktur zum Hochladen vorbereiten...",
      "repositoryDoesNotExist": "Das ausgewählte Repository existiert nicht.",
      "requestLimitExceededInfo": "Ihr API-Anfragelimit wurde überschritten ({remaining} Anfragen übrig). Bitte warten Sie bis {resetTime} UTC und versuchen Sie es dann erneut.",
      "requestTimeout": "Zeitüberschreitung der Anforderung.",
      "retrievingHandlerOfRemoteFilesTree": "Remote-Verzeichnisstruktur-Dienst wird abgerufen...",
      "retrievingRemoteFilesTree": "Abrufen der Remote-Verzeichnisstruktur...",
      "tokenOrServerAddressInvalid": "Angegebenes Token oder Serveradresse ist ungültig.",
      "tooManyFilesInfo": "Ihre Webseite enthält über 4000 Elemente ({numberOfFiles} Dateien und Verzeichnisse). Derzeit unterstützt unsere Implementierung von GitHub-Pages nur Webseiten mit bis zu 4000 Elementen."
    },
    "site": {
      "noConfigurationForResponsiveImages": "Es gibt keine Konfigurationsdaten für responsive Bilder",
      "noImagesToRegenerate": "Es sind keine Bilder zum Regenerieren vorhanden",
      "noThemeSelected": "Kein Theme ausgewählt"
    },
    "sureYouWantQuit": "Sind Sie sicher, dass Sie aufhören wollen?\nAlle ungespeicherten Änderungen gehen verloren.",
    "wpImport": {
      "authorsProgressInfo": "Autoren importieren ({progress} / {total})",
      "imageDownloadError": "Beim Herunterladen des Bildes ist ein Fehler aufgetreten: {image}",
      "imagesProgressInfo": "Herunterladen von Bildern ({progress} / {total})",
      "postsProgressInfo": "Beiträge importieren ({progress} / {total})",
      "tagsProgressInfo": "Schlagworte importieren ({progress} / {total})"
    }
  },
  "customHTML": {
    "tabs": {
      "head": "Head",
      "body": "Body",
      "comments": "Comments",
      "searchInput": "Search input",
      "searchContent": "Search content",
      "footer": "Footer",
      "ampHead": "AMP Head",
      "ampFooter": "AMP Footer",
      "beforePost": "Before every post",
      "afterPost": "After every post"
    }
  },
  "date": {
    "apr": "Apr.",
    "aug": "Aug.",
    "changePostPublicationDate": "Veröffentlichungsdatum des Beitrags ändern",
    "dec": "Dez.",
    "feb": "Feb.",
    "jan": "Jan.",
    "jul": "Jul.",
    "jun": "Jun.",
    "mar": "Mär.",
    "may": "Mai",
    "nov": "Nov.",
    "oct": "Okt.",
    "sep": "Sep."
  },
  "editor": {
    "addHeading": "Überschrift hinzufügen",
    "addLabel": "Label hinzufügen",
    "alignTextCenter": "Text zentriert ausrichten",
    "alignTextLeft": "Text linksbündig ausrichten",
    "alignTextRight": "Text rechtsbündig ausrichten",
    "blockEditorHelpPanelDesc": "Sie können einen Block einfügen, indem Sie entweder auf die Schaltfläche <span>+</span> oder <span>TAB</span> in einer neuen Zeile klicken oder die folgenden Tastenkombinationen oder Markdown-Syntax in einer neuen Zeile eingeben:",
    "blocks": {
      "code": {
        "idTooltip": "Dieser Wert wird als Code-ID verwendet"
      },
      "cssClassesLabel": "CSS-Klasse",
      "cssClassesTooltip": "Diese CSS-Klassen werden im Klassenattribut des Felds hinzugefügt",
      "embed": {
        "idTooltip": "Dieser Wert wird als Einbettungs-ID verwendet"
      },
      "gallery": {
        "idTooltip": "Dieser Wert wird als Galerie-ID verwendet"
      },
      "header": {
        "customIdLabel": "Benutzerdefinierte ID verwenden",
        "customIdTooltip": "Aktivieren Sie diese Option, wenn Sie anstelle der automatisch generierten ID Ihre eigene ID verwenden möchten",
        "idTooltip": "Dieser Wert wird als Header-ID verwendet"
      },
      "html": {
        "idTooltip": "Dieser Wert wird als HTML-ID verwendet"
      },
      "idLabel": "ID",
      "image": {
        "idTooltip": "Dieser Wert wird als Bild-ID verwendet"
      },
      "list": {
        "idTooltip": "Dieser Wert wird als Listen-ID verwendet"
      },
      "paragraph": {
        "idTooltip": "Dieser Wert wird als Paragraph-ID verwendet",
        "styleLabel": "Paragraph-Stil",
        "styles": {
          "highlight": "Hervorhebung",
          "info": "Info",
          "success": "Erfolg",
          "warning": "Warnung"
        },
        "styleTooltip": "Zusätzliche Stile für den Paragraphenblock auswählen"
      },
      "quote": {
        "idTooltip": "Dieser Wert wird als Zitats-ID verwendet"
      },
      "separator": {
        "idTooltip": "Dieser Wert wird als Trennzeichen-ID verwendet"
      },
      "toc": {
        "idTooltip": "Dieser Wert wird als Inhaltsverzeichnis-ID verwendet"
      }
    },
    "cantSavePostWithEmptyTitle": "Sie können einen Beitrag nicht ohne Titel speichern.",
    "changesSaved": "Die Änderungen wurden gespeichert",
    "clearFormatting": "Formatierung löschen",
    "clickToConfirm": "Klicken zum Bestätigen",
    "code": "Code",
    "conversions": {
      "toCode": "Code",
      "toHeader": "Header",
      "toHTML": "HTML",
      "toList": "Liste",
      "toParagraph": "Paragraph",
      "toQuote": "Zitieren"
    },
    "convertTo": "Konvertieren zu:",
    "custom": "Benutzerdefiniert",
    "defaultSelect": "- Auswählen -",
    "deleteBlock": "Block löschen",
    "dot": "Punkt",
    "dots": "Punkte",
    "dragAndDropImgToEditor": "Bild in den Editor ziehen und hier ablegen",
    "dropToUploadYourPhotoOr": "Hier ablegen, um Ihr Foto hochzuladen oder",
    "dropToUploadYourPhotosOr": "Hier ablegen, um Ihre Fotos hochzuladen oder",
    "element": "Element",
    "emptyGalleryBlock": "Leerer Galerieblock",
    "emptyImageBlock": "Leerer Bildblock",
    "enterAltText": "Alternativtext eingeben",
    "enterCaption": "Bildunterschrift eingeben",
    "enterUrlOrEmbedCode": "URL eingeben oder Code einbetten...",
    "errorOccurred": "Es ist ein Fehler aufgetreten. Versuchen Sie es erneut.",
    "gallery": "Galerie",
    "header": "Überschrift",
    "heading1": "Überschrift 1",
    "heading2": "Überschrift 2",
    "heading3": "Überschrift 3",
    "heading4": "Überschrift 4",
    "heading5": "Überschrift 5",
    "heading6": "Überschrift 6",
    "hideHelp": "Hilfe ausblenden",
    "hideStats": "Statistiken ausblenden",
    "html": "HTML",
    "insertGallery": "Galerie einfügen",
    "list": "Liste",
    "markdown": "Markdown",
    "markdownHelpPanelDesc": "Sie können Überschriften, Textstile oder andere HTML-Elemente einfach verwalten, indem Sie die folgenden Tastenkombinationen oder Markdown-Syntax verwenden:",
    "newDraftCreated": "Neuer Entwurf wurde erstellt",
    "newPostCreated": "Neuer Beitrag wurde erstellt",
    "quote": "Zitat",
    "quoteAuthor": "Autor zitieren",
    "quoteText": "Zitattext",
    "readMore": "Weiterlesen",
    "readMoreBlockName": "Weiterlesen",
    "selectFiles": "Dateien auswählen",
    "separator": "Trennzeichen",
    "shortcuts": "Tastenkombination",
    "sourceCode": "Quellcode",
    "startWriting": "Beginnen Sie mit dem Schreiben...",
    "startWritingOrPressTabToChooseBlock": "Beginnen Sie mit dem Schreiben oder drücken Sie die TAB-Taste, um einen Block auszuwählen.",
    "toc": "Inhaltsverzeichnis",
    "tocAutoGenerationInfo": "Das Inhaltsverzeichnis wird anhand der Überschriften (Ü1-Ü6) Ihrer Inhalte automatisch generiert.",
    "togglePostStatsPanel": "Beitragsstatistik-Panel umschalten",
    "unableToSetSpellCheckerForLanguage": "(!) Die Rechtschreibprüfung kann nicht auf die ausgewählte Sprache eingestellt werden -",
    "useOrderedList": "Geordnete Liste verwenden",
    "useUnorderedList": "Ungeordnete Liste verwenden",
    "viewHelp": "Hilfe anzeigen",
    "viewStats": "Statistiken anzeigen",
    "wideLine": "Breite Linie"
  },
  "file": {
    "addNewFile": "Neue Datei hinzufügen",
    "backups": "Backups",
    "createBackup": "Ein Backup erstellen",
    "createBackupConfirmMsg": "Wählen Sie einen Namen für Ihr Backup - Dateiname darf nur alphanumerische Zeichen, Bindestriche und Unterstriche enthalten:",
    "createBackupErrorMsg": "Beim Erstellen der Sicherung ist ein Fehler aufgetreten. Bitte versuchen Sie es erneut.",
    "createBackupNameEmptyMsg": "Der angegebene Dateiname darf nicht leer sein. Bitte geben Sie einen Namen ein.",
    "createBackupNameInUseMsg": "Der angegebene Dateiname (<strong>{filename}</strong>) wird bereits von einem vorhandenen Backup verwendet. Bitte mit einem anderen Namen erneut versuchen.",
    "createBackupSuccessMsg": "Sicherung wurde erstellt.",
    "createFirstBackupMsg": "Sie haben noch keine Backups. Lassen Sie uns das erste erstellen!",
    "creatingBackup": "Backup erstellen",
    "creationDate": "Erstellungsdatum",
    "deleteBackupsConfirmMsg": "Möchten Sie die ausgewählten Backups wirklich entfernen? Diese Aktion kann nicht rückgängig gemacht werden.",
    "deleteBackupsErrorMsg": "Beim Entfernen der ausgewählten Backups ist ein Fehler aufgetreten. Bitte versuchen Sie es erneut.",
    "deleteBackupsSuccessMsg": "Ausgewählte Backups wurden entfernt",
    "dragAndDropBackupFile": "Backup-Datei hierher ziehen und hier ablegen oder",
    "dropYourFileHere": "Datei hier ablegen oder",
    "file": "Datei",
    "fileFromFileManager": "Datei aus dem Dateimanager",
    "fileManager": "Dateimanager",
    "filename": "Dateiname",
    "files": "Dateien",
    "fileSemicolon": "Datei:",
    "fileSize": "Dateigröße",
    "filterOrSearchFiles": "Dateien filtern oder suchen...",
    "mediaFiles": "Medien/Dateien",
    "noBackupsAvailable": "Keine Backups verfügbar",
    "noFileInMediaFilesDirInfo": "Es sind keine Dateien im Medien/Dateien-Verzeichnis...",
    "noFileInRootDirInfo": "Es sind keine Dateien im Wurzelverzeichnis...",
    "noFileMatchingCriteriaInfo": "Es gibt keine Dateien, die Ihren Kriterien entsprechen.",
    "operations": "Operationen",
    "preparingFilesInOutputDir": "Dateien im Ausgabeverzeichnis vorbereiten",
    "provideNameForNewFile": "Bitte geben Sie einen Namen für eine neue Datei an",
    "removeFilesConfirmMsg": "Möchten Sie die ausgewählten Dateien wirklich entfernen? Diese Aktion kann nicht rückgängig gemacht werden.",
    "removeFilesSuccessMsg": "Ausgewählte Dateien wurden entfernt",
    "rename": "Umbenennen",
    "renameBackupConfirmLabel": "Datei umbenennen",
    "renameBackupConfirmMsg": "Bitte geben Sie einen neuen Backup-Dateinamen an:",
    "renameBackupErrorMsg": "Beim Umbenennen der ausgewählten Backup-Datei ist ein Fehler aufgetreten. Bitte erneut versuchen.",
    "renameBackupNameEmptyMsg": "Der Backup-Dateiname darf nicht leer sein. Bitte versuchen Sie es erneut.",
    "renameBackupNameInUseMsg": "Der angegebene Name wird von einer anderen Backup-Datei verwendet. Bitte erneut versuchen.",
    "renameBackupSameNameMsg": "Der angegebene Name ist derselbe wie der alte Name. Bitte erneut versuchen.",
    "renameBackupSuccessMsg": "Das Backup wurde erfolgreich umbenannt.",
    "restore": "Wiederherstellen",
    "restoreBackupConfirmLabel": "Backup wiederherstellen",
    "restoreBackupConfirmMsg": "Möchten Sie das ausgewählte Backup wirklich wiederherstellen? Vorhandene Dateien werden überschrieben.",
    "restoreBackupErrorMsg": "Beim Wiederherstellen der ausgewählten Backup-Datei ist ein Fehler aufgetreten:",
    "restoreBackupSuccessMsg": "Die Webseite wurde erfolgreich wiederhergestellt.",
    "rootDirectory": "Wurzelverzeichnis",
    "selectedFileExistsMsg": "Die folgenden Dateien können nicht kopiert werden, da sie bereits im ausgewählten Verzeichnis vorhanden sind: ",
    "selectedFilenameInUseMsg": "Der ausgewählte Dateiname wird verwendet. Bitte einen anderen Dateinamen verwenden.",
    "selectFile": "Datei auswählen",
    "selectFileFromFileManager": "Wählen Sie eine Datei aus dem Dateimanager aus",
    "uploadFiles": "Daten hochladen"
  },
  "gdpr": {
    "addGroup": "Gruppe hinzufügen",
    "embedConsents": {
      "addRule": "Regel hinzufügen",
      "groupButtonLabel": "Schaltflächenbeschriftung",
      "groupCookieGroup": "Cookie-Gruppe",
      "groupRule": "URL enthält",
      "groupRulePlaceholder": "youtube.com",
      "groupTextPlaceholder": "Einwilligungstext"
    },
    "groupDescriptionPlaceholder": "Hier eine Cookie-Gruppebeschreibung eingeben",
    "groupID": "Gruppen-ID",
    "groupName": "Gruppenname",
    "state": "Status"
  },
  "image": {
    "addImages": "Bilder hinzufügen",
    "align": "Ausrichtung",
    "centeredImage": "Zentriertes Bild",
    "columns": "Spalten:",
    "dropFeaturedImageOr": "Beitragsbild hier ablegen oder",
    "dropToUploadPhotoOr": "Hier ablegen, um Ihr Foto hochzuladen oder",
    "eightColumns": "8 Spalten",
    "enterAltText": "Alternativtext eingeben",
    "enterCaption": "Bildunterschrift eingeben",
    "fiveColumns": "5 Spalten",
    "fourColumns": "4 Spalten",
    "fullWidth": "Volle Breite",
    "fullWidthImage": "Bild in voller Breite",
    "image": "Bild",
    "imageAlternativeText": "Bildalternativtext",
    "imageCaption": "Bildbeschreibung",
    "images": "Bilder",
    "insertEditGallery": "Galerie einfügen/bearbeiten",
    "layout": "Layout",
    "loadingImage": "Bild wird geladen...",
    "none": "Keine",
    "oneColumn": "1 Spalte",
    "pictures": "Bilder",
    "removeImage": "Bild entfernen",
    "sevenColumns": "7 Spalten",
    "sixColumns": "6 Spalten",
    "threeColumns": "3 Spalten",
    "twoColumns": "2 Spalten",
    "uploading": "Hochladen",
    "wide": "Breit",
    "wideImage": "Breites Bild",
    "yourGalleryIsEmpty": "Ihre Galerie ist leer"
  },
  "langs": {
    "addLanguageSuccessMessage": "Sprache wurde hinzugefügt",
    "deleteLanguage": "Sprache löschen",
    "getMoreLanguages": "Weitere Sprachen besorgen",
    "goToLanguagesManager": "Zur Spracheinstellung",
    "installLanguage": "Sprache installieren",
    "isOutdated": "Veraltet",
    "isOutdatedTitle": "Diese Sprache unterstützt Publii bis v.{supportedVersion}, während Sie Publii v.{currentVersion} verwenden. Bitte aktualisieren Sie Publii, um diese Sprache zu verwenden.",
    "language": "Sprache:",
    "languageChangedMsg": "App-Sprache geändert",
    "languageChangeError": "Fehler bei Sprachänderung aufgetreten - bitte versuchen Sie es erneut.",
    "languageLoadingError": "Beim Laden der App-Sprache ist ein Fehler aufgetreten. Stattdessen wird die Standardsprache (Englisch) verwendet. Bitte gehen Sie zu den Spracheinstellungen, um eine andere auszuwählen.",
    "languages": "Sprachen",
    "removeLanguageMessage": "Möchten Sie die Sprache {languageName} wirklich löschen?",
    "removeLanguageSuccessMessage": "Die ausgewählte Sprache wurde gelöscht",
    "updatedLanguageSuccessMessage": "Ausgewählte Sprache wurde aktualisiert",
    "uploadLanguageErrorMessage": "Bei der Installation ist ein Fehler aufgetreten. Bitte versuchen Sie es erneut."
  },
  "link": {
    "addDownloadAttr": "Attribut \"Download\" hinzufügen",
    "addLink": "Link hinzufügen",
    "addNofollow": "rel=\"nofollow\" hinzufügen",
    "downloadAttribute": "Attribut 'download':",
    "insertEditLink": "Link einfügen/bearbeiten",
    "linkInvalidMsg": "Sorry! Dieser Link scheint ungültig zu sein.",
    "linkRelAttribute": "Link-Attribut \"rel\"",
    "linkTitleAttribute": "Link-Attribut \"title\"",
    "openInNewTab": "In neuem Tab öffnen",
    "previewLinkInBrowser": "Vorschau dieses Links im Browser",
    "previewOnlyExternalLinksMsg": "Vorschau externer Links ist nur im Beitrags-Editor möglich",
    "removeLink": "Link entfernen",
    "selectLinkType": "Link-Typ auswählen"
  },
  "menu": {
    "addMenuItem": "Menüeintrag hinzufügen",
    "addNewMenu": "Neues Menü hinzufügen",
    "addNewMenuItem": "Neuen Menüeintrag hinzufügen",
    "addSubmenu": "Untermenü hinzufügen",
    "addSubmenuItem": "Untermenüeintrag hinzufügen",
    "assignedMenu": "Zugewiesenes Menü",
    "classCSS": "CSS-Klasse",
    "createNewMenu": "Neues Menü erstellen",
    "deleteThisMenuItem": "Löschen Sie diesen Menüeintrag",
    "duplicateThisMenuItem": "Duplizieren Sie diesen Menüeintrag",
    "editMenuItem": "Menüeintrag bearbeiten",
    "editMenuName": "Menüname bearbeiten",
    "editThisMenuItem": "Diesen Menüeintrag bearbeiten",
    "externalLink": "Externer Link",
    "externalURL": "Externe URL",
    "hideThisMenuItem": "Diesen Menüeintrag ausblenden",
    "insertActions": "Aktion einfügen:",
    "insertAfter": "nach",
    "insertAsChild": "als Untermenü",
    "insertBefore": "vor",
    "internalLink": "Interner Link",
    "items": "Einträge",
    "label": "Beschriftung",
    "likedItemError": "Verlinktes Element wurde nicht gerendert (leere Schlagwort/Autor-Seite), existiert nicht oder wurde gelöscht",
    "likedItemIsADraft": "Verlinktes Element ist ein Entwurf",
    "menu": "Menü",
    "menuItemsRemoveMessage": "Möchten Sie den ausgewählten Menüeintrag wirklich löschen?",
    "menuItemIsHidden": "Dieser Menüeintrag ist ausgeblendet",
    "menuNameCannotBeEmptyCreateNewMenuErrorMessage": "Das Feld für den Menünamen darf nicht leer sein. Bitte geben Sie einen Menünamen ein.",
    "menuNameCannotBeEmptyErrorMessage": "Das Feld für den Menünamen darf nicht leer sein. Bitte geben Sie einen neuen Menünamen ein.",
    "menuNameExistsErrorMessage": "Der angegebene Menüname existiert bereits. Bitte verwenden Sie einen anderen Namen.",
    "menuNameHasBeenEdited": "Menüname wurde bearbeitet",
    "menuNameInUseErrorMessage": "Der angegebene Menüname wird verwendet. Bitte geben Sie einen neuen Menünamen ein.",
    "menusRemoveMessage": "Möchten Sie die ausgewählten Menüs wirklich entfernen?",
    "menusRemoveSuccessMessage": "Die ausgewählten Menüs wurden entfernt",
    "moveItem": "Verschieben",
    "newMenuCreated": "Neues Menü wurde erstellt",
    "noMenusAvailable": "Keine Menüs verfügbar",
    "noMenusCreateNewOne": "Sie haben noch keine Menüs. Lassen Sie uns das erste erstellen!",
    "noMenusMessage": "Es gibt noch keine Menüeinträge; erstellen Sie neue über die obige Schaltfläche \"Neuen Menüeintrag hinzufügen\".",
    "provideNameForNewMenu": "Einen Namen für Ihr neues Menü angeben:",
    "provideNewNameForMenu": "Neuen Namen für das ausgewählte Menü angeben:",
    "selectItemType": "Eintragstyp auswählen",
    "selectLinkTarget": "Linkziel auswählen",
    "showThisMenuItem": "Diesen Menüeintrag anzeigen",
    "textSeparator": "Text-Trennzeichen",
    "type": "Typ",
    "unassigned": "Nicht zugewiesen",
    "unselectItem": "Unausgewählt"
  },
  "plugins": {
    "addPluginSuccessMessage": "Plugin wurde hinzugefügt",
    "deletePlugin": "Plugin löschen",
    "getMorePlugins": "Weitere Plugins besorgen",
    "goToPluginsManager": "Zum Plugin-Manager",
    "installPlugin": "PIugin installieren",
    "isIncompatible": "Ist veraltet",
    "isIncompatibleTitle": "Dieses Plugin unterstützt Publii ab v.{supportedVersion}, während Sie Publii v.{currentVersion} verwenden. Bitte aktualisieren Sie Publii, um dieses Plugin zu verwenden.",
    "plugin": "Plugin:",
    "plugins": "Plugins",
    "removePluginMessage": "Möchten Sie das Plugin {pluginName} wirklich entfernen?",
    "removePluginSuccessMessage": "Das ausgewählte Plugin wurde entfernt",
    "updatedPluginSuccessMessage": "Ausgewähltes Plugin wurde aktualisiert",
    "uploadPluginErrorMessage": "Während der Installation ist ein Fehler aufgetreten. Bitte versuchen Sie es erneut."
  },
  "post": {
    "addNewPost": "Neuen Beitrag hinzufügen",
    "addPostTitle": "Beitragstitel hinzufügen",
    "all": "Alle",
    "changePostDate": "Beitragsdatum ändern",
    "characters": "Zeichen",
    "configureThemeBeforeGeneratingPreview": "Für diese Webseite muss ein Theme ausgewählt und konfiguriert werden, bevor eine Vorschau dieses Beitrags generiert werden kann.",
    "currentDefaultTemplate": "Aktuelle Standardvorlage",
    "customPostTypes": "Benutzerdefinierte Beitragstypen",
    "drafts": "Entwürfe",
    "duplicate": "Duplizieren",
    "duplicatePostErrorMessage": "Beim Duplizieren der ausgewählten Beiträge ist ein Fehler aufgetreten. Bitte versuchen Sie es erneut.",
    "duplicatePostSuccessMessage": "Ausgewählte Beiträge wurden dupliziert",
    "editorBlock": "Blockeditor",
    "editorBlockInfo": "Ein moderner und intuitiver Editor mit Shortkey- und Markdown-Unterstützung, um das Bloggen zu vereinfachen, ohne sich um HTML oder andere Codeelemente kümmern zu müssen.",
    "editorBlockNotSupportedEditPostInfo": "Das aktuelle Theme unterstützt den in diesem Beitrag verwendeten Blockeditor nicht. Dieser Beitrag wird möglicherweise falsch in die Ausgabedateien gerendert.",
    "editorBlockNotSupportedNewPostInfo": "Das aktuelle Theme unterstützt den in diesem Beitrag verwendeten Blockeditor nicht. Dieser Beitrag wird möglicherweise falsch in die Ausgabedateien gerendert.",
    "editorBlockUse": "Den Blockeditor verwenden",
    "editorMarkdown": "Markdown-Editor",
    "editorMarkdownInfo": "Dieser Editor unterstützt die Markdown-Syntax als Abkürzung für die schnelle Erstellung von Inhalten; ideal für umfangreiche, schnörkellose Projekte wie Dokumentation.",
    "editorMarkdownUse": "Den Markdown-Editor verwenden",
    "editorWYSIWYG": "WYSIWYG-Editor",
    "editorWYSIWYGInfo": "Dieser Editor bietet ein vertrautes Textverarbeitungserlebnis mit zusätzlichen Tools für Benutzer, die jeden Aspekt ihres Seiteninhalts steuern möchten.",
    "editorWYSIWYGUse": "Den WYSIWYG-Editor verwenden",
    "editPostAnyway": "Beitrag trotzdem editieren",
    "excluded": "Ausgeschlossen",
    "excludeFromHomepage": "Von Webseite ausschließen",
    "featured": "Hervorgehoben",
    "filterOrSearchPosts": "Beiträge filtern oder suchen...",
    "hidden": "Ausgeblendet",
    "hidePost": "Beitrag ausblenden",
    "includeInHomepage": "In Webseite einschließen",
    "markAsDraft": "Als Entwurf markieren",
    "markAsFeatured": "Als hervorgehoben markieren",
    "markAsUnfeatured": "Als nicht hervorgehoben markieren",
    "min": "Min",
    "modificationDate": "Änderungsdatum",
    "moveToTrash": "Verwerfen",
    "noPostsMatchingYourCriteria": "Es gibt keine Beiträge, die Ihren Kriterien entsprechen.",
    "openEditorAnyway": "Editor trotzdem öffnen",
    "paragraphs": "Absätze",
    "post": "Beitrag",
    "postAuthor": "Beitragsautor",
    "postLink": "Beitragslink",
    "postName": "Beitragsname:",
    "postPage": "Beitragsseite",
    "posts": "Beiträge",
    "postSettings": "Beitragseinstellungen",
    "postSlug": "Beitrag-Slug",
    "postSlugLengthWarning": "Beitrag-Slugs mit mehr als 250 Zeichen können beim Rendern der Webseite zur Erstellung fehlerhafter Dateien führen.",
    "postSlugTooLong": "Beitrag-Slug ist zu lang",
    "postState": "Beitragsstatus",
    "postStatusChangeSuccessMessage": "Der Status der ausgewählten Beiträge wurde geändert",
    "postTemplate": "Beitragsvorlage",
    "postWillNotAppearOnHomepageListMsg": "Der Beitrag erscheint nicht in den Webseite-Einträgen",
    "postWillNotAppearOnListMsg": "Der Beitrag wird nicht in generierten Beitragslisten wie Schlagwort- oder Autorenseiten angezeigt",
    "publicationDate": "Veröffentlichungsdatum",
    "publish": "Veröffentlichen",
    "published": "Veröffentlicht",
    "readingTime": "Lesedauer",
    "removePostMessage": "Möchten Sie die ausgewählten Beiträge wirklich löschen? Dies kann nicht rückgängig gemacht werden.",
    "removePostSuccessMessage": "Ausgewählte Beiträge wurden gelöscht",
    "selectPostPage": "Beitragsseite auswählen",
    "sentences": "Sätze",
    "setCustomPostDate": "Veröffentlichungsdatum manuell festlegen",
    "status": "Status",
    "thisPostIsADraft": "Dieser Beitrag ist ein Entwurf",
    "thisPostIsExcludedFromHomepage": "Dieser Beitrag ist von der Webseite ausgeschlossen",
    "thisPostIsFeatured": "Dieser Beitrag ist hervorgehoben",
    "thisPostIsHidden": "Dieser Beitrag ist ausgeblendet",
    "title": "Titel",
    "trashed": "Verworfen",
    "uniqueWords": "Einzelne Worte",
    "updatedOn": "Aktualisiert am",
    "url": "URL",
    "words": "Wörter"
  },
  "publii": {
    "aboutPublii": "Über Publii",
    "currentPubliiVersion": "Version",
    "accept": "Akzeptieren",
    "copyright": "Copyright 2022 <a href=\"https://tidycustoms.net\" target=\"_blank\" rel=\"noopener noreferrer\">TidyCustoms</a>. Alle Rechte vorbehalten.<br>Publii wird vom Kernteam in Zusammenarbeit mit <a href=\"https://github.com/dziudek\" target=\"_blank\" rel=\"noopener noreferrer\">Dev Zen</a> entworfen und gepflegt, und wird durch das Open-Source-Projekt <a href=\"https://electronjs.org\" target=\"_blank\" rel=\"noopener noreferrer\">Electron</a> und weiterer ",
    "creditsIntro": "Publii verwendet folgende Open-Source-Software von Drittanbietern:",
    "dataCollectionInfo": "<strong>Wir erheben keine</strong> personenbezogenen Daten, während Sie die Publii-App verwenden. Wir speichern oder sammeln keine personenbezogene Daten von Ihnen und gestatten dies auch Dritten nicht.",
    "homepage": "Startseite",
    "license": "Lizenz",
    "licensingInformation": "Lizenzinformationen",
    "openSourceSoftware": "Open-Source-Software ermöglicht",
    "publiiLicenseAgreement": "Publii Lizenzvereinbarung.",
    "publiiLicenseAgreementInfo": "Diese Software ist unter GNU GPL Version 3 lizenziert.<br>Indem Sie auf „Akzeptieren“ klicken, stimmen Sie dem zu"
  },
  "rendering": {
    "errorDuringPreviewCreatingMsg": "Beim Erstellen der Vorschau ist ein Fehler aufgetreten.",
    "rendering": "Rendern...",
    "renderingErrorText": "Beim Rendern der Webseite ist ein Fehler aufgetreten.",
    "renderingPleaseWait": "Bitte warten Sie, während der Rendervorgang abgeschlossen ist.",
    "selectThemeBeforeCreatingPreviewMsg": "Sie müssen ein Theme auswählen, bevor Sie versuchen, eine Vorschau Ihrer Webseite zu erstellen. Bitte gehen Sie zum Abschnitt Seiteneinstellungen und wählen Sie ein Theme aus."
  },
  "settings": {
    "addGDPRCookieBanner": "Banner hinzufügen",
    "additionalValidElementsInWYSIWYGEditor": "Zusätzliche gültige Elemente im WYSIWYG-Editor",
    "additionalValidElementsInWYSIWYGEditorInfo": "Wenn der WYSIWYG-Editor automatisch einige Tags aus Ihrem HTML-Code entfernt, können Sie diese hier als zulässige Elemente hinzufügen.<br>Beispiel: <strong>v-select[*],v-dropdown[*]</strong> erlaubt benutzerdefinierte v-select- und v-dropdown-Tags mit beliebigen Attributen.",
    "advancedOptions": "Erweiterte Optionen",
    "advancedPreviewDesc": "Mit der erweiterten Vorschau können Sie eine Webseite rendern, ohne Ihren Browser zu öffnen",
    "alwaysAddIndexHTMLInURLs": "Immer index.html zu URLs hinzufügen",
    "alwaysSaveSearchState": "Suchstatus immer speichern",
    "anchorLink": "Anker-Link",
    "appSettings": "App-Einstellungen",
    "appSettingsSavedMsg": "App-Einstellungen wurden erfolgreich gespeichert.",
    "appSettingsSaveErrorMsg": "Beim Speichern der App-Einstellungen ist ein Fehler aufgetreten. Bitte erneut versuchen.",
    "ascending": "Aufsteigend",
    "authorPage": "Autorenseite",
    "authorPages": "Autorenseiten",
    "authorPageTitleVariables": "Im Autorseitentitel können folgende Variable verwendet werden: %authorname, %sitename.",
    "authorPrefix": "Autorenpräfix:",
    "authorPrefixInfo": "Definiert das Präfix, das vor dem Autoren-Slug in einer URL erscheint, z. B. <strong>https://example.com/AUTHOR_PREFIX/author-slug</strong> .<br>",
    "authorsPrefixCannotBeEmpty": "Das Autorenpräfix darf nicht leer sein.",
    "authorsPrefixCannotEqualTagsPrefix": "Das Präfix des Autors darf nicht mit dem Präfix der Tags identisch sein.",
    "backupLocation": "Backup-Verzeichnis",
    "backupLocationChangedConfirmMsg": "Der Speicherort für Backups wurde geändert. Alle neuen Backups werden in diesem Verzeichnis gespeichert. Wenn Sie Zugriff auf frühere Sicherungen benötigen, können diese manuell in das neue Verzeichnis verschoben werden.",
    "badge": "Plakette",
    "badgeAndCustomLink": "Plakette + benutzerdefinierter Link",
    "badgeLabel": "Plakettenbeschriftung",
    "bannerPosition": "Bannerposition",
    "basicSettings": "Grundeinstellungen",
    "byIDAscending": "Nach ID aufsteigend",
    "byIDDescending": "Nach ID absteigend",
    "cannotAddIndexHTMLInURLsInfo": "Aktivieren Sie diese Option, wenn Sie das standardmäßige Laden von index.html-Dateien beim Öffnen eines Ordners auf Ihrem Server nicht aktivieren können.",
    "cardTypes": "Card-Typen:",
    "changeSitesLocationWithoutCopyingFiles": "Ändern Sie den Standort von Webseiten, ohne vorhandene Webseiten in den neuen Katalog zu verschieben",
    "closePostEditorOnSave": "Beitags-Editor beim Speichern schließen",
    "codeEditor": "Code-Editor (CodeMirror)",
    "colorTheme": "Farbschema",
    "content": "Inhalt",
    "cookieGroups": "Cookie-Gruppen",
    "cookieBanner": "Cookie-Banner",
    "cookieBasic": "Einfach",
    "cookieBasicDescription": "Dieser Abschnitt enthält Einstellungen zur Anzeige des Cookie-Banners auf Ihrer Webseite, um Ihre Besucher zu informieren, ob die Webseite Cookies benutzt.",
    "cookieAdvanced": "Fortgeschritten",
    "cookieAdvancedDescription": "Dieser Abschnitt enthält Optionen zur Anzeige eines modularen Pop-Ups mit fortgeschrittenen Cookie-Einstellungen, sodass Besucher ihr Einverständnis für eine bestimmte Gruppe von Cookies verwalten können.",
    "createXMLSitemap": "XML-Sitemap erstellen",
    "currentTheme": "Aktuelles Theme:",
    "customFeedTitle": "Benutzerdefinierter Feed-Titel",
    "customLanguageCode": "Benutzerdefinierter Sprachcode:",
    "darkMode": "Dunkler Modus",
    "defaultAuthorsOrdering": "Standardreihenfolge Autoren:",
    "defaultOrderingOnLists": "Standardreihenfolge Listen:",
    "defaultPostsOrdering": "Standardreihenfolge Beiträge:",
    "defaultTagsOrdering": "Standardreihenfolge Schlagworte:",
    "descending": "Absteigend",
    "disableAuthorsPagination": "Paginierung der Autoren deaktivieren",
    "disableAuthorsPaginationIndexing": "Paginierungsindexierung für Autoren deaktivieren",
    "disableAuthorsPaginationIndexingInfo": "Falls aktiviert, werden die Paginierungsdateien Ihrer Autoren aus der Sitemap ausgeschlossen und es werden die Robots-Metatags <strong>noindex, follow</strong> hinzugefügt.",
    "disableAuthorsPaginationInfo": "Falls aktiviert, wird keine Autoren-Paginierung generiert.",
    "disableHomepagePaginationIndexing": "Paginierungsindexierung der Startseite deaktivieren",
    "disableTagsPagination": "Schlagwort-Paginierung deaktivieren",
    "disableTagsPaginationIndexing": "Paginierungsindexierung von Schlagworten deaktivieren",
    "disableTagsPaginationIndexingInfo": "Falls aktiviert, werden die Paginierungsdateien Ihrer Schlagworte aus der Sitemap ausgeschlossen und es werden die Robots-Metatags <strong>noindex, follow</strong> hinzugefügt.",
    "disableTagsPaginationInfo": "Falls aktiviert, wird keine Schlagwort-Paginierung generiert.",
    "displayEmptyAuthors": "Autoren ohne Beiträge anzeigen",
    "displayEmptyAuthorsInfo": "Falls aktiviert, werden für Autoren ohne ihnen zugewiesene Beiträge trotzdem Unterseiten erstellt und in der Autorenliste angezeigt.",
    "displayEmptyTags": "Tags ohne Beiträge anzeigen",
    "displayEmptyTagsInfo": "Falls aktiviert, werden für Schlagworte ohne zugewiesene Beiträge trotzdem Unterseiten erstellt und in der Schlagwort-Liste angezeigt.",
    "dontIndexThisPage": "Bitten Sie Suchmaschinen, nicht die gesamte Webseite zu indexieren.",
    "editorFontFamily": "Schriftfamilie",
    "editorFontFamilySansSerif": "Serifenlos",
    "editorFontFamilySerif": "Mit Serifen",
    "editorFontSize": "Schriftgröße (px)",
    "editors": "Editoren",
    "embedConsents": "Einwilligungen für Inhalte einbinden",
    "embedConsentsDescription": "Mit diesem Abschnitt können Sie Inhalte blockieren, die in iframes von Drittanbietern geladen werden, und Cookies setzen können. Durch Angabe der Domain der iframe-URL, z. B. <strong>youtube.com</strong>, dem Ausfüllen der erforderlichen Elemente wie eine Nachricht und eine Schaltfläche zum Akzeptieren, und die Zuordnung zu einer bestehenden Cookie-Gruppe werden iframes durch einen Platzhalter ersetzt, der die Besucher darüber informiert, dass der Inhalt aufgrund ihrer Zustimmungseinstellungen blockiert wird (d. h. dass der Besucher den vom iframe im Cookie-Banner verwendeten Cookie-Typen nicht zugestimmt hat).",
    "embedVideos": "Videos einbetten",
    "enableAdvancedPreview": "Erweiterte Vorschau aktivieren",
    "enableAMP": "AMP aktivieren",
    "enableAMPInfo": "AMP (Accelerated Mobile Pages) erstellt optimierte Seiten für Mobilgeräte ihrer statischen Inhalte, die schnell gerendert werden.<br/> <strong>Bitte beachten:</strong> Wenn diese Option aktiviert ist, lädt Ihre Webseite Skripte von Drittanbietern, die von Googles AMP-CDN bereitgestellt werden.",
    "enableAutoIndent": "Automatisches Einrücken aktivieren",
    "enableCSSCompression": "CSS-Komprimierung aktivieren",
    "enableHTMLCompression": "HTML-Komprimierung aktivieren",
    "enableJSONFeed": "JSON-Feed aktivieren",
    "enableMediaLazyLoad": "Medien-Lazy-Loading aktivieren",
    "enableMediaLazyLoadInfo": "Aktivieren Sie diese Option, wenn Sie natives Lazy-Loading verwenden möchten, das Bilder, Videos und Iframes verzögert lädt.",
    "enableResponsiveImages": "Responsive Bilder aktivieren",
    "enableResponsiveImagesInfo": "Aktivieren Sie diese Option, wenn Sie Bilder unterschiedlicher Größe mit unterschiedlichen Bildschirmauflösungen bereitstellen möchten, abhängig von Breakpoints, die in Datei config.json im Ordner eines Themes definiert sind.",
    "enableRSSFeed": "RSS-Feed aktivieren",
    "enableSharingButtons": "Freigabeschaltflächen aktivieren",
    "enableSpellchecker": "Rechtschreibprüfung aktivieren",
    "errorPage": "Fehlerseite:",
    "errorPageFilenameCannotBeEmpty": "Dateiname der Fehlerseite darf nicht leer sein.",
    "errorPageFilenameCannotEqualSearchPageFilename": "Der Dateiname der Fehlerseite darf nicht mit dem Dateinamen der Suchseite identisch sein.,",
    "errorPageTitleVariables": "Im Titel der Fehlerseite können folgende Variablen verwendet werden: %sitename.",
    "excludedFiles": "Ausgeschlossene Dateien",
    "excludeFeaturedPosts": "Hervorgehobene Beiträge ausschließen",
    "excludeFilesFromSitemapInfo": "Geben Sie eine durch Kommas getrennte Liste von HTML-Dateien oder -Ordnern ein, die aus der Sitemap ausgeschlossen werden sollen.<br>Zum Beispiel: <strong>vermeide-diese-Datei.html,vermeide-auch-diesen-Ordner</strong>.",
    "experimentalFeaturesWarning": "Wir suchen immer nach Möglichkeiten, unsere App zu verbessern. Dieser Abschnitt enthält experimentelle Funktionen, die die Funktionalität von Publii erweitern sollen. Da sie experimentell sind, können wir nicht garantieren, dass sie korrekt funktionieren; aktivieren Sie sie auf eigene Gefahr.",
    "experimentalFeatureAppAutoBeautifySourceCode": "Automatische Verschönerung des Quellcodes im WYSIWYG-Editor",
    "experimentalFeatureAppAutoBeautifySourceCodeDesc": "Diese Funktion aktiviert die automatische Verschönerung für Quellcode im WYSIWYG-Editor",
    "externalImages": "Externe Bilder",
    "externalPage": "Externe Seite",
    "facebook": "Facebook",
    "facebookAppID": "Facebook-App-ID",
    "facebookAppIDInfo": "Lesen Sie hier, wie Sie die <a href=\"https://developers.facebook.com/docs/apps/\" target=\"_blank\" rel=\"noopener noreferrer\">Facebook-App-ID</a> erhalten.",
    "fallbackImage": "Bild-Ausweichmöglichkeit",
    "fallbackLogoImage": "Bild der Logo-Ausweichmöglichkeit",
    "fallbackLogoImageInfo": "Das Logo muss in eine 60 &times; 600 Pixel-Box passen.",
    "featuredPostsOrderBy": "Hervorgehobene Beiträge sortiert nach:",
    "featuredPostsOrdering": "Reihenfolge hervorgehobener Beiträge:",
    "feedTitle": "Feed-Titel:",
    "filesLocation": "Speicherorte der Dateien",
    "footerText": "Fußzeile",
    "frontpage": "Startseite",
    "GDPR": "Datenschutz-Einstellungen",
    "gdprBannerPosition": {
      "centered": "Zentriert",
      "left": "Links",
      "right": "Rechts",
      "bar": "Balken"
    },
    "gdprAllowAdvancedConfiguration": "Fortgeschrittene Cookie-Einstellungen aktivieren",
    "gdprAdvancedConfigurationLinkLabel": "Fortgeschrittene Einstellungen Schaltflächenbeschriftung",
    "gdprAdvancedConfigurationLinkPlaceholder": "Einstellungen verwalten",
    "gdprAdvancedConfigurationAcceptButtonLabel": "Beschriftung Akzeptieren-Schaltfläche",
    "gdprAdvancedConfigurationRejectButtonLabel": "Beschriftung Ablehnen-Schaltfläche",
    "gdprAdvancedConfigurationSaveButtonLabel": "Beschriftung Speichern-Schaltfläche",
    "gdprAdvancedConfigurationTitle": "Pop-Up-Titel",
    "gdprAdvancedConfigurationDescription": "Pop-Up-Nachricht",
    "gdprAdvancedConfigurationPrivacyLink": "Link zur Datenschutzrichtlinie",
    "gdprAdvancedConfigurationPrivacyLinkDescription": "Einen Link zur Datenschutzrichtlinie in der Pop-Up-Nachricht anzeigen. Falls die Option 'Link zur Datenschutzrichtlinie anzeigen' im einfachen Abschnitt section deaktiviert ist, wird der Link auch nicht im Pop-Up angezeigt.",
    "gdprBehaviourInfo": "Denken Sie daran, einen Link auf den obigen Anker in Ihre Webseiten-Navigation oder -Inhalte einzufügen (z. B. <a href=\"#cookie-settings\">Cookie-Einstellungen</a>). Andernfalls können Ihre Webseitenbesucher möglicherweise nicht ihre eigenen Cookie-Einstellungen anpassen.",
    "gdprCookieSettingsRevision": "Version der Einstellungen",
    "gdprCookieSettingsTTL": "Einwilligungseinstellungen der Besucher für X Tage speichern",
    "gdprDebugMode": "Debug-Modus aktivieren",
    "gdprShowRejectButton": "Ablehnen-Schaltfläche anzeigen",
    "gdprRejectButtonLabel": "Beschriftung Ablehnen-Schaltfläche",
    "gdprBannerTitle": "Banner-Titel",
    "gdprBannerMessage": "Banner-Nachricht",
    "generateOpenGraphTags": "Open-Graph-Tags erstellen",
    "generateTwitterCards": "Twitter-Cards erstellen",
    "googleAnalyticsTrackingID": "Google Analytics-Tracking-ID",
    "hiddenPostsOrderBy": "Versteckte Beiträge ordnen nach:",
    "hiddenPostsOrdering": "Reihenfolge versteckter Beiträge:",
    "hideCustomExcerptsOnPostPages": "Manuelle Auszüge auf Beitragsseiten ausblenden",
    "hideCustomExcerptsOnPostPagesInfo": "Falls aktiviert, zeigen Ihre Beitragsseiten keinen Text an, der über dem „Weiterlesen“-Element im Beitragseditor platziert wird.",
    "homepageNoIndexPagination": "Falls aktiviert, werden Ihre Webseite-Paginierungsdateien von der Sitemap ausgeschlossen und es werden die Robots-Metatags <strong>noindex, follow</strong> hinzugefügt.",
    "homepagePagination": "Webseite-Paginierung",
    "howToPrepareYourThemeForGDPRInfo": "Bei Aktivierung dieser Option wird ein Cookie-Banner auf Ihrer Webseite angezeigt. Bitte lesen Sie die den Artikel zur <a href=\"https://getpublii.com/docs/gdpr-cookie-banner-configuration.html\" target=\"_blank\" rel=\"noopener noreferrer\">DSGVO-Cookie-Banner-Einstellungen</a> für weitere Informationen zur korrekten Einstellung des Banners. ",
    "howYtNoCookiesWorks": "Falls aktiviert, wird die YouTube-Domain für die Einbettungs-URL, z. B. 'www.youtube.com' automatisch geändert auf 'www.youtube-nocookie.com', um das eingebettete Abspielprogramm an der Personalisierung der YouTube-Nutzung der Besucher zu hindern, und außerdem die Informationsnutzung zur Anpassung der Werbung zu unterbinden, die den Besuchern abseits von Ihrer Webseite gezeigt wird. Lernen Sie mehr über den Erweiterten Datenschutzmodus auf der <a href=\"https://support.google.com/youtube/answer/171780?hl=de#zippy=%2Cerweiterten-datenschutzmodus-aktivieren\">YouTube-Hilfe-Seite</a>.",
    "howVimeoNoTrackWorks": "Falls aktiviert, wird der zusätzliche Parameter dnt=1 zur eingebetteten Vimeo-URL hinzugefügt (player.vimeo.com/video), um das eingebettete Abspielprogramm an der Nachverfolgung jeglicher Sitzungsdaten zu hindern, inklusive aller Cookies und Web-Analytics. Lernen Sie mehr über die Parameter des Vimeo-Abspielprogramms auf der <a href=\"https://vimeo.zendesk.com/hc/en-us/articles/360001494447-Player-parameters-overview\">Vimeo-Hilfe-Seite</a>.",
    "imageResizeEngineInfo": "Die Sharp-Engine zur Größenänderung ist viel schneller als Jimp, kann jedoch bei einigen Bildern Probleme verursachen. Wenn Sie beim Erstellen oder Neugenerieren von Vorschaubildern auf Probleme stoßen, versuchen Sie bitte, zur Jimp-Größenänderungs-Engine zu wechseln. Wenn Sie WebP-Bilder verwenden möchten, müssen Sie die Sharp-Engine verwenden. Bitte beachten Sie, dass die Sharp-Engine unter Linux nicht verfügbar ist.",
    "imagesResizeEngine": "Engine zur Größenänderung von Bildern:",
    "indentSize": "Einzugsbreite (Leerzeichen)",
    "internalPage": "Interne Seite",
    "leaveBlankForDefaultBackupsDir": "Feld leer lassen, um das standardmäßige Backup-Verzeichnis zu verwenden",
    "leaveBlankForDefaultPreviewDirectory": "Feld leer lassen, um das standardmäßige Vorschau-Verzeichnis zu verwenden",
    "leaveBlankToUseDefaultPageTitle": "Feld leer lassen, um den standardmäßigen Seiten-Titel zu verwenden",
    "leaveBlankToUseDefaultSitesDir": "Feld leer lassen, um das standardmäßige Seiten-Verzeichnis zu verwenden",
    "lightMode": "Heller Modus",
    "linkedIn": "LinkedIn",
    "linkLabel": "Link-Beschriftung",
    "loadAtStart": "Laden beim Start:",
    "metaDescription": "Meta-Beschreibung:",
    "metaRobots": "Meta-Robots:",
    "noIndexWebsite": "Noindex-Webseite",
    "notSelected": "Nicht ausgewählt",
    "numberOfPostsInFeed": "Anzahl der Beiträge im Feed",
    "openDevtoolsInMainW": "DevTools automatisch im Hauptfenster öffnen",
    "openGraph": "Open-Graph",
    "openLastUsedWebsite": "Zuletzt verwendete Webseite öffnen",
    "openPopupWindowBy": "Banner öffnen mit",
    "optionsForDevelopers": "Optionen für Entwickler",
    "optionsForEditors": "Optionen für Editoren",
    "optionsForExperimentalFeatures": "Experimentelle Funktionen",
    "ordering": {
      "authorASC": "Nach Autor (aufsteigend)",
      "authorDESC": "Nach Autor (absteigend)",
      "createdASC": "Nach Erstellungsdatum (aufsteigend)",
      "createdDESC": "Nach Erstellungsdatum (absteigend)",
      "idASC": "Nach ID (aufsteigend)",
      "idDESC": "Nach ID (absteigend)",
      "modifiedASC": "Nach Änderungsdatum (aufsteigend)",
      "modifiedDESC": "Nach Änderungsdatum (absteigend)",
      "nameASC": "Nach Name (aufsteigend)",
      "nameDESC": "Nach Name (absteigend)",
      "postsCounterASC": "Nach Anzahl der Beiträge (aufsteigend)",
      "postsCounterDESC": "Nach Anzahl der Beiträge (absteigend)",
      "titleASC": "Nach Titel (aufsteigend)",
      "titleDESC": "Nach Titel (absteigend)"
    },
    "pageName": "Seitenname",
    "pageTitle": "Seitentitel",
    "pageTitleVariables": "Im Seitentitel können folgende Variablen verwendet werden: %posttitle, %sitename, %authorname",
    "paginationPhrase": "Paginierungsphrase:",
    "paginationPhraseCannotBeEmpty": "Paginierungsphrase darf nicht leer sein.",
    "paginationPhraseInfo": "Definiert die Phrase, der vor der Seitenzahl in einer URL verwendet wird, z. B. <strong>https://example.com/tags/tag-slug/page/2</strong>.<br>",
    "password": {
      "alwaysAskForPassword": "Immer nach Passwort fragen",
      "hidePassword": "Passwort verbergen",
      "password": "Passwort",
      "passwordFieldCantBeEmpty": "Das Passwortfeld darf nicht leer sein.",
      "showPassword": "Passwort anzeigen"
    },
    "pinterest": "Pinterest",
    "postCreationDate": "Beitrag-Erstellungsdatum",
    "postID": "Beitrag-ID",
    "postModificationDate": "Beitrag-Änderungsdatum",
    "postPageTitleVariables": "Im Titel der Beitragsseite können folgende Variablen verwendet werden: %posttitle, %sitename, %authorname.",
    "postsListing": "Beitrag-Auflistung",
    "postsOrderBy": "Beiträge sortieren nach:",
    "postsOrdering": "Beitragsreihenfolge:",
    "postTile": "Beitrag-Titel",
    "previewLocation": "Vorschau-Verzeichnis",
    "previewLocationChangedConfirmMsg": "Der Speicherort der Vorschau wurde geändert. Beachten Sie, dass vorhandene Dateien in diesem Ordner gelöscht werden, wenn eine Vorschau Ihrer Webseite erstellt wird.",
    "privacyPolicyLinkLabel": "Link-Beschriftung Datenschutzrichtlinie",
    "privacyPolicyPage": "Seite wählen",
    "privacyPolicyPageURL": "Externe URL eingeben",
    "privacyPolicyURL": "Link-Ziel Datenschutzrichtlinie",
    "provideFacebookAppID": "Bitte geben Sie die <a href=\"https://developers.facebook.com/docs/apps/\" target=\"_blank\" rel=\"noopener noreferrer\">Facebook-App-ID an</a>",
    "random": "Zufällig",
    "readAboutOurRecommendedServerSettings": "Wollen Sie mehr über empfohlene Serverkonfigurationen lernen? Bitte lesen Sie die folgende Dokumentation <a href=\"https://getpublii.com/docs/recommended-server-settings.html\" target=\"_blank\">article</a>.",
    "relatedPostsOptions": "Optionen für verwandte Beiträge",
    "relatedPostsOptionsInfo": "Wenn diese Option aktiviert ist, werden verwandte Beiträge von allen Schlagwörtern übernommen. Wenn diese Option deaktiviert ist, werden verwandte Beiträge nur aus denselben Schlagworten wie der aktuelle Beitrag generiert.",
    "relatedPostsOrdering": "Reihenfolge verwandter Beiträge:",
    "relatedPostsSelectionMechanism": "Auswahlmechanismus verwandter Beiträge:",
    "removeHTMLComments": "HTML-Kommentare entfernen",
    "responsiveImagesQuality": "Responsive Bildqualität",
    "RSSJSONFeed": "RSS/JSON-Feed",
    "saveButtonLabel": "Schaltflächenbeschriftung speichern",
    "saveSearchStateInfo": "Wenn diese Option aktiviert ist, speichert Publii die aktuellen Suchergebnisse, auch wenn Sie einen neuen Beitrag erstellen, sodass Sie zum Eintrag zurückkehren können. Standardmäßig speichert Publii nur Suchergebnisse, wenn ein Beitrag zur Bearbeitung geöffnet wird.",
    "requiresRestartingApp": "Erfordert einen Neustart der Publii-App",
    "saveSettings": "Einstellungen speichern",
    "searchPage": "Suchseite:",
    "searchPageFilenameCannotBeEmpty": "Der Dateiname der Suchseite darf nicht leer sein.",
    "searchPageTitleVariables": "Im Titel der Suchseite können folgende Variablen verwendet werden: %sitename.",
    "selectedDirInvalid": "Ausgewähltes Verzeichnis existiert nicht.",
    "selectPage": "Seite auswählen",
    "showFeaturedImage": "Hervorgehobenes Bild anzeigen",
    "showFeaturedImageInfo": "Beitragsbild eines Beitrags im Feed anzeigen.",
    "showFullText": "Vollständigen Text anzeigen",
    "showFullTextInFeedInfo": "Vollständigen Text des Beitrags im Feed anzeigen.",
    "showModificationDate": "Änderungsdatum anzeigen",
    "showModificationDateAsColumn": "Änderungsdatum als Spalte anzeigen",
    "showOnlyFeaturedPosts": "Nur hervorgehobene Beiträge anzeigen",
    "showPostTagsOnTheListing": "Beitragschlagwörter in der Auflistung anzeigen",
    "showPostSlugsOnTheListing": "Beitrag-Slugs in der Auflistung anzeigen",
    "showPrivacyPolicyLink": "Link zur Datenschutzrichtlinie anzeigen",
    "sitemap": "Sitemap",
    "sitemapLinkInfo": "Die XML-Sitemap finden Sie hier: <a href=\"{sitemapLink}\" class=\"sitemap-external-link\" target=\"_blank\" rel=\"noopener noreferrer\">sitemap.xml</a>",
    "siteSettings": "Seiteneinstellungen",
    "siteSettingsSaveDuplicateNameErrorMessage": "Angegebener Seitenname wird verwendet. Bitte mit einem anderen Seitennamen erneut versuchen.",
    "siteSettingsSaveEmptyNameErrorMessage": "Der Seitenname darf nicht leer sein. Bitte geben Sie einen Seitennamen ein.",
    "siteSettingsSaveNoKeyringErrorMessage": "Publii kann die Einstellungen aufgrund eines Problems mit der sicheren Passwortspeichersoftware nicht speichern. Starten Sie die App neu und versuchen Sie es erneut. Wenn das Problem weiterhin besteht, melden Sie es bitte unserem Team über das Community-Forum.",
    "siteSettingsSaveNoKeyringErrorMessageLinux": "Publii kann keine Einstellungen speichern, da keine sichere Passwortspeichersoftware installiert ist. Befolgen Sie die Installationsanweisungen für Node Keytar über https://github.com/atom/node-keytar/ und versuchen Sie es erneut. Höchstwahrscheinlich fehlen die Pakete libsecret-1-dev und gnome-keyring auf Ihrem System.",
    "siteSettingsSaveSiteNotExistsErrorMessage": "Webseite existiert nicht. Bitte starten Sie die App neu.",
    "siteSettingsSaveSuccessMessage": "Seiteneinstellungen wurden erfolgreich gespeichert.",
    "sitesLocation": "Seiten-Verzeichnis",
    "sitesLocationChangedConfirmMsg": "Der Speicherort der Webseite wurde geändert. Vorhandene Dateien im neuen Zielordner werden gelöscht, bevor Ihre Webseiten-Dateien dorthin verschoben werden; möchten Sie fortfahren?",
    "spellcheckerDoesNotSupportLanguage": "Die Rechtschreibprüfung unterstützt Ihre ausgewählte Webseiten-Sprache nicht. Wir empfehlen, diese Funktion zu deaktivieren.",
    "system": "System",
    "systemColors": "Systemfarben verwenden",
    "tagPages": "Seiten markieren",
    "tagPageTitleVariables": "Im Titel der Schlagwortseite können folgende Variablen verwendet werden: %tagname, %sitename.",
    "tagPrefix": "Schlagwort-Präfix:",
    "tagPrefixInfo": "Hier eingegebene Präfixe werden vor dem Schlagwort-Slug in die URL eingefügt, z. B. <strong>https://example.com/TAG_PREFIX/tag-slug</strong>.<br>Dieses Präfix wird auch zum Generieren der Schlagwort-Listenseite verwendet (falls Ihr Theme das unterstützt), z. B. <strong>https://example.com/TAG_PREFIX/index.html</strong>.",
    "tagsListPage": "Schlagwortliste-Seite",
    "tagsListPageTitleVariables": "Im Seitentitel der Schlagwort-Liste können folgende Variablen verwendet werden: %sitename.",
    "tagsPrefixCannotBeEmpty": "Das Schlagwort-Präfix darf nicht leer sein, wenn hübsche URLs aktiviert sind.",
    "themeDoesNotHaveSupportedFeaturesList": "<p>Die Datei „<strong>config.json</strong>“ Ihres Themes enthält keinen Abschnitt „<strong>supportedFeatures</strong>“. Bitte aktualisieren oder ändern Sie Ihr Theme, um genaue Nachrichten über Funktionen einzuschließen, die von Ihrem derzeit verwendeten Theme nicht unterstützt werden. <a href=\"https://getpublii.com/dev/theme-supported-features\" target=\"_blank\" rel=\"noopener noreferrer\">Lesen Sie hier mehr über unterstützte Funktionen</a>.</p>",
    "themeDoesNotSupport404ErrorPage": "Ihr Theme unterstützt keine 404-Fehlerseite.",
    "themeDoesNotSupportAuthorPages": "Ihr Theme unterstützt keine Autorenseiten.",
    "themeDoesNotSupportErrorPages": "Ihr Theme unterstützt keine Fehlerseiten",
    "themeDoesNotSupportSearchPages": "Ihr Theme unterstützt keine Suchseiten",
    "themeDoesNotSupportTagPages": "Ihr Theme unterstützt keine Schlagwortseiten.",
    "themeDoesNotSupportTagsListPage": "Ihr Theme unterstützt keine Schlagwortliste-Seite.",
    "themeDoesNotSupportEmbedConsents": "Ihr Theme unterstützt keine Einwilligungen für eingebettete Inhalte.",
    "themePrimaryColor": "Theme-Primärfarbe",
    "timeFormat": "Zeitformat:",
    "toViewSitemapEnableIndexingInfo": "Um die Sitemap-Einstellungen anzuzeigen, deaktivieren Sie bitte die Option „Suchmaschinen bitten, diese Webseite nicht zu indexieren“ auf der Registerkarte „SEO-Einstellungen“. Andernfalls wird keine Sitemap für Ihre Webseite generiert.",
    "tumblr": "Tumblr",
    "twitter": "Twitter",
    "twitterCards": "Twitter-Cards",
    "twitterUsername": "Twitter-Benutzername",
    "twitterSummaryCard": "Summary-Card",
    "twitterSummaryCardLargeImage": "Summary-Card mit großem Bild",
    "urls": "URLs",
    "useAsTitlePageTitle": "Als Titel für die Titelseite verwenden",
    "useAsTitlePageTitleInfo": "Wenn diese Option aktiviert ist, enthalten die Meta-Tags og:title und twitter:title den Seitentitel anstelle des Beitragstitels, des Schlagwort-Namens oder des Autorennamens.",
    "useGlobalConfiguration": "Globale Konfiguration verwenden",
    "useOnlyTags": "Nur Schlagworte verwenden",
    "useOnlyTitles": "Nur Titel verwenden",
    "usePrettyURLs": "Hübsche URLs verwenden",
    "usePrettyURLsInfo": "Falls aktiviert, enthalten Ihre Beitrags-URLs nicht das Suffix .html, z. B. werden die URLs von <strong>https://example.com/post.html</strong> geändert in <strong>https://example.com/post/</strong>.",
    "useSiteGlobalSettings": "Globale Seiten-Einstellungen verwenden",
    "useTitlesAndTags": "Titel und Schlagworte verwenden",
    "useWideScrollbars": "Breitere Scrollbalken verwenden",
    "versionParameter": "Versionsparameter",
    "versionParameterInfo": "Fügt einen Versionsparameter in CSS/JS-URLs hinzu, um den Browser-Cache zu überspringen. Diese Option kann dazu führen, dass während der Synchronisierung mehr Dateien als gewöhnlich synchronisiert werden.",
    "vimeoNoTrack": "'Do Not Track'-Modus für Vimeo-Videos aktivieren",
    "websiteSpeed": "Webseiten-Geschwindigkeit",
    "whatsApp": "WhatsApp",
    "youMustReviewGdprSettings": "Achten Sie darauf, Ihre Datenschutzrichtlinie zu überprüfen, besonders die Einstellungen des Cookie-Banners, wegen umfassender Änderungen in Publii v.0.40. <a href=\"https://getpublii.com/blog/release-040.html#cookie-banner\" target=\"_blank\">Weiterlesen...</a>",
      "ytNoCookies": "Erweiterten Datenschutzmodus für YouTube-Videos aktivieren"
  },
  "site": {
    "addNewWebsite": "Neue Webseite hinzufügen",
    "cloneWebsite": "Webseite klonen",
    "cloneWebsiteSuccessMsg": "Webseite wurde geklont. Gewechselt zu:",
    "createNewWebsite": "Neue Webseite erstellen",
    "createWebsite": "Webseite erstellen",
    "createYourFirstWebsite": "Erstellen Sie Ihre erste Webseite",
    "creationInProgress": "Erstellung läuft...",
    "deleteWebsite": "Webseite löschen",
    "deleteWebsiteConfirmMsg": "Möchten Sie diese Webseite wirklich löschen? Diese Aktion kann nicht rückgängig gemacht werden.",
    "deleteWebsiteCSuccessMsg": "Webseite wurde gelöscht.",
    "deleteWebsiteSuccessMsg": "Webseite wurde gelöscht. Gewechselt zu:",
    "duplicateWebsite": "Webseite duplizieren",
    "erroOcurredDuringSiteDatabaseCreationInfo": "Beim Erstellen der Seiten-Datenbank ist ein Fehler aufgetreten. Bitte überprüfen Sie Ihre Antivirensoftware und versuchen Sie es erneut. Möglicherweise müssen Sie auch den Ordner der ungültigen Webseite aus dem Publii-Seitenverzeichnis entfernen.",
    "installFromBackup": "Von Backup installieren",
    "removeWebsite": "Webseite entfernen",
    "selectedBackupFile": "Ausgewählte Backup-Datei:",
    "siteLoadingErrorMsg": "Beim Laden der ausgewählten Webseite ist ein Fehler aufgetreten. Bitte überprüfen Sie die Webseite-Dateien und versuchen Sie es erneut.",
    "siteName": "Seitenname:",
    "siteSettingsSaveSuccessMsg": "Seiteneinstellungen erfolgreich gespeichert.",
    "siteWithThisNameExists": "Eine Webseite mit diesem Namen existiert bereits!",
    "specifyNameForWebsiteDuplicate": "Bitte geben Sie den neuen Namen für das Webseiten-Duplikat an:",
    "websiteAuthorRequired": "Der Autoren-Name ist erforderlich und sollte Buchstaben enthalten",
    "websiteName": "Webseiten-Name",
    "websiteNameAlreadyInUseMsg": "Der ausgewählte Name wird von einer anderen Webseite verwendet. Bitte erneut versuchen.",
    "websiteNameCantBeEmpty": "Der Webseiten-Name darf nicht leer sein. Bitte erneut versuchen.",
    "websiteNameRequired": "Ein Webseiten-Name ist erforderlich",
    "websiteNotFound": "Webseite nicht gefunden"
  },
  "supportedFeatures": {
    "featureNames": {
      "authorImages": "Hervorgehobene Autorenbilder",
      "authorPages": "Autor-Unterseiten",
      "blockEditor": "Block-Editor",
      "customComments": "Benutzerdefinierte Kommentare",
      "customSearch": "Benutzerdefinierte Suche",
      "errorPage": "Fehler-Unterseite",
      "searchPage": "Suche-Unterseite",
      "tagImages": "Hervorgehobene Schlagwortbilder",
      "tagsList": "Schlagwortliste-Unterseite",
      "tagPages": "Schlagwort-Unterseiten"
    },
    "yourThemeDoNotSupport": "Ihr derzeitiges Theme unterstützt eine benötigte Funktion nicht: {featureName}"
  },
  "sync": {
    "accessID": "Zugriffs-ID",
    "accessIDFieldCantBeEmpty": "Das Feld für die Zugriffs-ID darf nicht leer sein",
    "acl": "ACL",
    "afterInitialSyncSiteWillBeAvailableOnline": "Nach der ersten Synchronisierung ist Ihre Webseite online verfügbar",
    "allFilesUploadedPart1": "Alle Dateien wurden erfolgreich auf Ihren Server hochgeladen.",
    "allFilesUploadedPart2": "Besuchen Sie Ihre Webseite, indem Sie auf die Schaltfläche unten klicken.",
    "apiRateLimiting": "API-Ratenbegrenzung",
    "apiRateLimitingNote": "Deaktivieren Sie diese Option nur, wenn Sie GitHub-Enterprise mit deaktivierter API-Ratenbegrenzung verwenden. Andernfalls kann das Deaktivieren dieser Option zu Synchronisierungsfehlern führen.",
    "apiServer": "API-Server",
    "apiServerNote": "Ändern Sie diesen Wert nur, wenn Sie Ihre eigene GitHub-Instanz (Enterprise Edition) verwenden.",
    "authenticationMethod": "Authentifizierungsmethode",
    "branch": "Branch",
    "branchExampleGitHubNote": "Beispiele: <strong>gh-pages</strong> , <strong>docs</strong> oder <strong>main</strong> .",
    "branchExampleGitLabeNote": "Beispiele: <strong>docs</strong> , <strong>main</strong> oder <strong>master</strong> .",
    "branchFieldCantBeEmpty": "Das Branch-Feld darf nicht leer sein",
    "bucket": "Bucket",
    "bucketFieldCantBeEmpty": "Das Bucket-Feld darf nicht leer sein",
    "certificates": "Zertifikate",
    "changeServerType": "Servertyp ändern",
    "checkingConnection": "Verbindung prüfen...",
    "clickToChangeDeploymentMethod": "Klicken Sie hier, um die derzeit verwendete Synchronisierungsmethode zu ändern",
    "configureServer": "Server konfigurieren",
    "connectedToServer": "Mit dem Server verbunden",
    "connectingToServer": "Verbinde mit dem Server...",
    "connectionToServerErrorAdditionalMessage": "Beim Verbinden mit dem Server ist ein Fehler aufgetreten:",
    "connectionToServerErrorMessage": "Beim Verbinden mit dem Server ist ein Fehler aufgetreten. Bitte überprüfen Sie Ihre Servereinstellungen oder versuchen Sie es erneut.",
    "connectionToServerErrorText": "Beim Verbinden mit dem Server ist ein Fehler aufgetreten...",
    "connectToServerCantStoreFilesErrorMsg": "Fehler! Die App konnte zwar eine Verbindung mit Ihrem Server herstellen, aber keine Dateien speichern. Bitte überprüfen Sie die Dateiberechtigungen auf Ihrem Server",
    "connectToServerErrorMsg": "Fehler! Die App konnte keine Verbindung zu Ihrem Server herstellen.",
    "connectToServerSuccessMsg": "Erfolg! Die App konnte eine Verbindung zu Ihrem Server herstellen.",
    "deploymentMethodFtpMsg": "Das FTP-Protokoll verwendet eine unverschlüsselte Übertragung, was bedeutet, dass alle darüber gesendeten Daten, einschließlich Ihres Benutzernamens und Passworts, von jedem gelesen werden können, der Ihre Übertragung abfangen könnte. Wir empfehlen dringend, wenn möglich FTPS- oder SFTP-Protokolle zu verwenden.",
    "deploymentMethodGithubPagesMsg": "Ausführliche Informationen zum Konfigurieren einer Webseite mit GitHub-Pages finden Sie in der Online-<a href=\"https://getpublii.com/docs/host-static-website-github-pages.html\" target=\"_blank\" rel=\"noopener noreferrer\">Dokumentation</a> von Publii.",
    "deploymentMethodGithubPagesNote": "Dies ist Ihr GitHub-Repository-Pfad, der das folgende Format haben sollte: <strong>IHR_BENUTZERNAME.github.io/IHR_REPOSITORYNAME</strong>.<br>Wenn Sie einen benutzerdefinierten Domainnamen verwenden, legen Sie dieses Feld nur auf den benutzerdefinierten Domainnamen fest.",
    "deploymentMethodGitlabPagesMsg": "Ausführliche Informationen zum Konfigurieren einer Webseite mit GitLab Pages finden Sie in der Online-<a href=\"https://getpublii.com/docs/host-static-website-gitlab-pages.html\" target=\"_blank\" rel=\"noopener noreferrer\">Dokumentation</a> von Publii.",
    "deploymentMethodGoogleCloudMsg": "Ausführliche Informationen zum Konfigurieren einer Webseite mit Google Cloud finden Sie in der Online-<a href=\"https://getpublii.com/docs/make-static-website-google-cloud.html\" target=\"_blank\" rel=\"noopener noreferrer\">Dokumentation</a> von Publii.",
    "deploymentMethodNetlifyMsg": "Ausführliche Informationen zum Konfigurieren einer Webseite mit Netlify finden Sie in der Online-<a href=\"https://getpublii.com/docs/build-a-static-website-with-netlify.html\" target=\"_blank\" rel=\"noopener noreferrer\">Dokumentation</a> von Publii.",
    "deploymentMethodS3Msg": "Ausführliche Informationen zum Konfigurieren einer Webseite mit S3 finden Sie in der Online-<a href=\"https://getpublii.com/docs/setup-static-website-hosting-amazon-s3.html\" target=\"_blank\" rel=\"noopener noreferrer\">Dokumentation</a> von Publii.",
    "deploymentSettingDatHyperIpfsProtocolNote": "Die Protokolle „dat://“, „hyper://“, „dweb://“ und „ipfs://“ sind nur dann sinnvoll, wenn Sie vorhaben, Ihre Webseite in P2P-Netzwerken zu verwenden. Lesen Sie mehr über <a href=\"https://datproject.org/\" target=\"_blank\" rel=\"noopener noreferrer\">dat://</a>, <a href=\"https://hypercore-protocol.org/\" target=\"_blank\" rel=\"noopener noreferrer\">hyper://</a>, <a href=\"https://dwebx.org/\" target=\"_blank\" rel=\"noopener noreferrer\">dweb://</a> und <a href=\"https://ipfs.io/\" target=\"_blank\" rel=\"noopener noreferrer\">IPFS</a>",
    "deploymentSettingDoubleSlashProtocolNote": "Hinweis: Bei Verwendung von „//“ als Protokoll funktionieren einige Funktionen wie Open-Graph-Tags, Schaltflächen zum Teilen usw. nicht richtig.",
    "deploymentSettingFileProtocolNote": "Das „file://“-Protokoll ist nur nützlich, wenn Sie die manuelle Synchronisierungsmethode für Intranet-Webseiten verwenden.",
    "deploymentSettingRelativeUrlsNote": "Hinweis: Bei der Verwendung relativer URLs werden einige Funktionen wie Open-Graph-Tags, Sitemaps, RSS-Feeds, JSON-Feeds usw. deaktiviert.",
    "destinationServerNotConfiguredErrorMessage": "Ihre Webseite kann derzeit nicht synchronisiert werden, da der Zielserver nicht richtig konfiguriert wurde.<br>Überprüfen Sie Ihre Servereinstellungen, um sicherzustellen, dass die richtigen Informationen eingegeben wurden.",
    "destinationServerNotConfiguredErrorText": "Stellen Sie sicher, dass der Zielserver richtig konfiguriert ist.",
    "domainNameNotSetErrorMessage": "Ihre Webseite kann derzeit nicht synchronisiert werden, da in den Einstellungen anscheinend kein Domain-Name vorhanden ist.<br> Überprüfen Sie Ihre Servereinstellungen, um sicherzustellen, dass ein Domain-Name eingegeben wurde.",
    "domainNameNotSetErrorText": "Stellen Sie sicher, dass der Domain-Name festgelegt ist.",
    "duringSyncYouCantChangeFilesLocation": "Dateispeicherorte können während des Synchronisierungsvorgangs nicht geändert werden.",
    "fieldIsCaseSensitive": "Bei diesem Feld wird zwischen Groß- und Kleinschreibung unterschieden.",
    "filesNotSyncedErrorMessage": "Bitte überprüfen Sie die Datei hard-upload-errors-log.txt mit Tools -&gt; Log-Viewer-Tool.",
    "filesNotSyncedErrorText": "Einige Dateien wurden nicht korrekt synchronisiert.",
    "ftp": "FTP",
    "ftps": "FTPS",
    "ftpWithSSLTLS": "FTP mit SSL/TLS",
    "generatePreviewFiles": "Vorschau-Dateien erzeugen",
    "getWebsiteFiles": "Webseite-Dateien abrufen",
    "githubPages": "GitHub-Pages",
    "githubSyncedPart1": "Änderungen auf GitHub-Pages sind nach Abschluss der Synchronisierung möglicherweise einige Minuten lang nicht sichtbar, ",
    "githubSyncedPart2": "also bitte gedulden sie sich.",
    "gitlabPages": "GitLab-Pages",
    "gitlabSyncedPart1": "Änderungen auf GitLab-Pages sind nach Abschluss der Synchronisierung möglicherweise einige Minuten lang nicht sichtbar, ",
    "gitlabSyncedPart2": "also bitte gedulden sie sich.",
    "googleCloud": "Google-Cloud",
    "googleCloudPrefixNote": "Ihre Webseite kann in einem Unterverzeichnis abgelegt werden. Bitte vermeiden Sie die Verwendung von Schrägstrichen am Anfang des Präfixnamens (z. B. <strong>/blog/</strong> ) - da dies ein zusätzliches Verzeichnis mit dem leeren Namen erstellt. Beispiel für ein korrektes Präfix: <strong>blog</strong> .",
    "goToAppSettings": "Zu den App-Einstellungen",
    "goToSettings": "Zu den Einstellungen",
    "keyFile": "Schlüsseldatei",
    "lastRendered": "Zuletzt gerendert",
    "lastSync": "Letzte Synchronisierung",
    "leaveBlankToUseDefaultOutputDirectory": "Feld leer lassen, um das Standardausgabeverzeichnis zu verwenden",
    "manualDeployment": "Manuelle Synchronisierung",
    "manualOutputFieldCantBeEmpty": "Die manuelle Output-Auswahl darf nicht leer sein",
    "ManualUpload": "Manuelles Hochladen",
    "netlify": "Netlify",
    "netlifyToken": "Netlify-Token",
    "nonCompressedCatalog": "Unkomprimierter Katalog",
    "note": "Notiz:",
    "operationsDone": "Operationen erledigt",
    "outputDirectory": "Ausgabeverzeichnis",
    "outputDirectoryNote": "Publii erstellt Katalog/Datei {siteName}-files im gewählten Verzeichnis. Falls es bereits existiert, wird es durch die neuen Dateien ersetzt.",
    "outputType": "Ausgabetyp",
    "outputTypeNote": "Publii erstellt einen Katalog oder ein ZIP-/TAR-Archiv Ihrer Webseite. Anschließend können Sie diese Dateien manuell auf einen beliebigen Zielserver hochladen.",
    "parallelUploads": "Paralleles Hochladen",
    "parallelUploadsNote": "Weitere parallele Operationen können zu Upload-Fehlern bei langsamen Internetverbindungen führen oder aufgrund von API-Ratenbegrenzungen zu einem Fehler 403 führen.",
    "passphraseForKey": "Passphrase für einen Schlüssel",
    "passphraseForKeyNote": "Verwenden Sie dieses Feld nur, wenn Ihr Schlüssel eine Passphrase benötigt",
    "port": "Port",
    "portFormatNote": "Das Port-Feld darf nicht leer sein und muss eine positive ganze Zahl zwischen 1 und 65535 sein.",
    "prefix": "Präfix",
    "preparationError": "Vorbereitungsfehler",
    "preparedToUpload": "Bereit zum Hochladen",
    "preparingFiles": "Dateien vorbereiten",
    "previewCatalogDoesNotExistInfo": "Der Vorschaukatalog ist nicht vorhanden. Bitte gehen Sie zu den App-Einstellungen und wählen Sie zuerst das richtige Vorschauverzeichnis aus.",
    "previewChanges": "Vorschau Ihrer Änderungen",
    "provideAccessData": "Zugangsdaten angeben",
    "provideFTPPasswordFor": "Bitte geben Sie das FTP-Passwort für an",
    "provideFTPPasswordForServer": "Bitte geben Sie das FTP-Passwort für den folgenden Server an:",
    "region": "Region",
    "regionFieldCantBeEmpty": "Die Regionsauswahl darf nicht leer sein",
    "remotePath": "Remote-Pfad",
    "remotePathMatchServerOrRootPathNote": "Der Pfad sollte mit Ihrem Serverpfad übereinstimmen, z. B. public_html/, public_html/blog/ oder der absolute Pfad, z. B. /home/benutzername/public_html/.",
    "remotePathMatchServerRootPathNote": "Der Pfad sollte dem absoluten Serverpfad übereinstimmen, z. B. /public_html/, /public_html/blog/.",
    "repository": "Repository",
    "repositoryFieldCantBeEmpty": "Das Repository-Feld darf nicht leer sein",
    "requireCertificateForConnection": "Erfordert ein gültiges Zertifikat für die Verbindung",
    "requireFTPPassAlwaysOnSync": "Das FTP-Passwort jedesmal zum Synchronisieren Ihrer Webseite anfordern",
    "s3CompatibleStorage": "S3-kompatibler Speicher",
    "s3PrefixNote": "Ihre Website kann in einem Unterverzeichnis abgelegt werden. Bitte vermeiden Sie die Verwendung von Schrägstrichen am Anfang des Präfixnamens (z. B. <strong>/blog/</strong> ) - da dies ein zusätzliches Verzeichnis mit leerem Namen erstellt. Beispiel für ein korrektes Präfix: <strong>blog/</strong> .",
    "s3ProviderEndpoint": "S3-Provider-Endpunkt",
    "s3ProviderEndpointNote": "Der benutzerdefinierte Endpunkt darf nicht leer sein, wenn „Benutzerdefinierten S3-Anbieter verwenden“ auf „true“ gesetzt ist",
    "secretKey": "Geheimer Schlüssel",
    "secretKeyFieldCantBeEmpty": "Das Feld für den geheimen Schlüssel darf nicht leer sein",
    "selectServerType": "Servertyp auswählen:",
    "serverFieldCantBeEmpty": "Das Serverfeld darf nicht leer sein.",
    "serverGitLabNote": "Ändern Sie diesen Wert nur, wenn Sie Ihre eigene GitLab-Instanz verwenden.",
    "serverSettingsSaveErrorMsg": "Publii kann die Einstellungen aufgrund eines Problems mit der sicheren Passwortspeichersoftware nicht speichern. Starten Sie die App neu und versuchen Sie es erneut. Wenn das Problem weiterhin besteht, melden Sie es bitte unserem Team über das Community-Forum.",
    "serverSettingsSaveLinuxErrorMsg": "Publii kann keine Einstellungen speichern, da keine sichere Passwortspeichersoftware installiert ist. Befolgen Sie die Installationsanweisungen für Node Keytar über https://github.com/atom/node-keytar/ und versuchen Sie es erneut. Höchstwahrscheinlich fehlen die Pakete libsecret-1-dev und gnome-keyring auf Ihrem System.",
    "serverSettingsSaveSuccessMsg": "Die Servereinstellungen wurden erfolgreich gespeichert.",
    "settings": "Einstellungen",
    "sftp": "SFTP",
    "sftpKeyNote": "Bitte wählen Sie die Schlüsseldatei aus",
    "sftpWithKey": "SFTP (mit Schlüssel)",
    "sftpWithPassword": "SFTP (mit Passwort)",
    "siteFieldCantBeEmpty": "Das Feld Standort-ID darf nicht leer sein",
    "siteID": "Webseitenadresse",
    "siteIsInSync": "Webseite ist synchronisiert",
    "syncFTPNoPasswordMsg": "Ihre Webseite kann ohne das Passwort nicht synchronisiert werden. Bitte erneut versuchen",
    "syncInProgress": "Synchronisierung läuft",
    "syncInProgressMessage": "Während des Synchronisierungsvorgangs können Sie den Seitennamen nicht ändern.",
    "syncYourWebsite": "Webseite synchronisieren",
    "tarArchive": "TAR-Archiv",
    "testConnection": "Verbindung testen",
    "testConnectionNoPasswordMsg": "Ohne das Passwort können Sie die Verbindung nicht testen. Bitte erneut versuchen",
    "token": "Token",
    "tokenFieldCantBeEmpty": "Das Token-Feld darf nicht leer sein",
    "uploadingWebsite": "Webseite hochladen",
    "useCustomS3Provider": "Verwenden Sie einen benutzerdefinierten S3-Anbieter",
    "useCustomS3ProviderNote": "Hinweis: AWS ist der S3-Standardanbieter. Bei Verwendung eines alternativen Anbieters müssen Sie das Feld „Endpunkt S3-Anbieter“ ausfüllen.",
    "useFtps": "FTP mit SSL/TLS verwenden",
    "useRelativeURLs": "Relative URLs verwenden",
    "username": "Benutzername",
    "usernameFieldCantBeEmpty": "Das Feld Benutzername darf nicht leer sein.",
    "usernameOrganization": "Benutzername / Organisation",
    "visitWebsite": "Webseite besuchen",
    "visitYourWebsite": "Ihre Website besuchen",
    "websiteFilesPreparedInfo": "Ihre Website-Dateien wurden vorbereitet. Drücken Sie unten die Schaltfläche &quot;Website-Dateien abrufen&quot;<br> um Ihre Dateien abzurufen, um sie manuell zu synchronisieren.",
    "websiteLinkInvalidMsg": "Sorry! Der Webseite-Link scheint ungültig zu sein.",
    "websiteSynchronization": "Synchronisieren der Webseite",
    "websiteSynchronizationInfo": "Alle doppelt vorhandenen Dateien oder Dateinamen am Zielspeicherort<br>die mit den von Publii generierten Dateien übereinstimmen, werden überschrieben.",
    "websiteURL": "Webseite-URL",
    "youHaventSelectedAnyThemeInfo": "Sie haben kein Theme ausgewählt. Bitte gehen Sie zu den Einstellungen und wählen Sie zuerst das Theme aus.",
    "yourJSONKey": "Ihr JSON-Schlüsselwort",
    "yourJSONKeyFieldCantBeEmpty": "Die Datei-Auswahl der JSON-Schlüssel darf nicht leer sein",
    "yourPrivateKey": "Ihr privater Schlüssel",
    "yourWebsiteIsInSync": "Ihre Webseite ist nun synchronisiert",
    "zipArchive": "ZIP-Archiv"
  },
  "tag": {
    "addNewTag": "Neues Schlagwort hinzufügen",
    "addThisAsNewTag": "Fügen Sie dies als neues Schlagwort hinzu",
    "createFirstTag": "Sie haben noch keine Schlagworte. Lassen Sie uns das erste erstellen!",
    "editTag": "Schlagwort bearbeiten",
    "filterOrSearchTags": "Schlagworte filtern oder suchen...",
    "hideTag": "Schlagwort ausblenden",
    "leaveBlankToUseDefaultTagPageURL": "Feld leer lassen, um die standardmäßige Schlagwortseite-URL zu verwenden",
    "mainTag": "Hauptschlagwort",
    "newTagHasBeenCreated": "Neues Schlagwort wurde erstellt",
    "noMainTagForPostMsg": "Wenn der Beitrag Schlagworte hat, aber kein Hauptschlagwort gesetzt wurde, wird standardmäßig das alphabetisch erste Schlagwort verwendet.",
    "noSupportFoFeaturedImagesForTags": "Ihr Theme unterstützt keine hervorgehoben Bilder für Schlagworte.",
    "noTagsAvailable": "Keine Schlagworte verfügbar",
    "noTagsMatchingYourCriteria": "Es gibt keine Schlagworte, die Ihren Kriterien entsprechen.",
    "removeTagMessage": "Möchten Sie die ausgewählten Schlagworte wirklich entfernen?",
    "removeTagSuccessMessage": "Ausgewählte Schlagworte wurden entfernt",
    "themeDoesNotSupportForTagPagesInTheme": "Die Option „Speichern und Vorschau“ ist nicht verfügbar, da Ihr Theme keine Schlagwortseiten unterstützt.",
    "selectTag": "Schlagwort auswählen",
    "selectTagPage": "Schlagwortseite auswählen",
    "tag": "Schlagwort",
    "tagDataParsingErrorMessage": "Fehler beim Analysieren der Schlagwort-Daten für die ID:",
    "tagHasBeenEdited": "Schlagwort wurde bearbeitet",
    "tagIsNotAllowed": "Dieses Schlagwort ist nicht zulässig",
    "tagLink": "Schlagwort-Link",
    "tagName": "Schlagwort-Name:",
    "tagNameCannotBeEmptyErrorMessage": "Der Schlagwort-Name darf nicht leer sein. Bitte geben Sie einen Schlagwort-Namen ein.",
    "tagNameInUseErrorMessage": "Angegebener Schlagwort-Name wird verwendet. Bitte mit einem anderen Schlagwort-Namen versuchen.",
    "tagNameNotAllowedErrorMessage": "Ausgewählter Schlagwort-Name/Slug ist unzulässig.",
    "tagNameSimilarInUseErrorMessage": "Angegebener Schlagwort-Name wird bereits verwendet; Bei Schlagwort-Namen wird keine Groß-/Kleinschreibung beachtet. Bitte mit einem anderen Schlagwort-Namen erneut versuchen.",
    "tagPage": "Schlagwortseite",
    "tagsListLink": "Link zur Schlagwort-Liste",
    "tagStatusChangeSuccessMessage": "Der Status der ausgewählten Schlagworte wurde geändert",
    "tagWillNotAppearInGeneratedTagLists": "Das Schlagwort wird in keiner generierten Schlagwortliste wie Beitrags- oder Schlagwortseiten angezeigt.",
    "thisTagIsHidden": "Dieses Schlagwort ist ausgeblendet",
    "toUseThisOptionEnableIndexingTagPages": "Um diese Option zu verwenden, aktivieren Sie zunächst die Indexierung von Schlagwortseiten in den SEO-Einstellungen."
  },
  "theme": {
    "addThemeSuccessMessage": "Theme wurde erfolgreich hinzugefügt.",
    "authorsPostsPerPage": "Autorenbeiträge pro Seite:",
    "authorsPostsPerPageInfo": "Verwenden Sie den Wert -1, um die Beiträge aller Autoren auf der Seite anzuzeigen.",
    "changeAppTheme": "App-Theme ändern",
    "customSettings": "Benutzerdefinierte Einstellungen",
    "defaultPostTemplate": "Standard-Beitragsvorlage",
    "defaultTemplate": "Standardvorlage",
    "deleteTheme": "Theme löschen",
    "dropYourThemeHere": "Ihr Theme hier ablegen",
    "excerptLength": "Auszugslänge:",
    "getMoreThemes": "Mehr Themes besorgen",
    "goToThemesManager": "Zum Themen-Manager",
    "installTheme": "Theme installieren",
    "leaveBlankToUseDefault": "Feld leer lassen, um den Standardwert zu verwenden",
    "postOptions": "Beitrag-Optionen",
    "postOptionsInfo": "Im Abschnitt Beitrag-Optionen können Sie globale Optionen dafür festlegen, welche zusätzlichen Informationen in Ihren Beiträgen enthalten sein sollen. In diesem Abschnitt vorgenommene Änderungen wirken sich auf alle Beiträge auf Ihrer Webseite aus, aber Sie können bei Bedarf auch die App-Einstellungen auf dem Beitrags-Bearbeitungsbildschirm für jeden einzelnen Beitrag überschreiben.",
    "postsPerPage": "Beiträge pro Seite:",
    "postsPerPageInfo": "Verwenden Sie den Wert -1, um alle Beiträge auf der Seite anzuzeigen.",
    "removeThemeMessage": "Möchten Sie das Theme {themeName} wirklich löschen?",
    "removeThemeSuccessMessage": "Theme wurde erfolgreich gelöscht.",
    "resetThemeSettings": "Theme-Einstellungen zurücksetzen",
    "saveSettingsSuccessMessage": "Theme-Einstellungen wurden erfolgreich gespeichert.",
    "selectTheme": "Theme auswählen",
    "settingsResetMessage": "Möchten Sie die Theme-Einstellungen wirklich zurücksetzen?",
    "settingsResetSuccessMessage": "Theme-Einstellungen wurden zurückgesetzt.",
    "tagsPostsPerPage": "Schlagwort-Beiträge pro Seite:",
    "tagsPostsPerPageInfo": "Verwenden Sie den Wert -1, um alle Schlagwort-Beiträge auf der Seite anzuzeigen.",
    "themes": "Themes",
    "themeSettings": "Theme-Einstellungen",
    "translations": "Übersetzungen",
    "translationsInfo": "Um die Theme-Sprache in andere Sprachen als Englisch zu übersetzen, lesen Sie bitte unsere Dokumentation zur <a href=\"https://getpublii.com/dev/translations-api/\" target=\"_blank\" rel=\"noopener noreferrer\">Übersetzungs-API</a><br><br>",
    "updateThemeSuccessMessage": "Theme wurde erfolgreich aktualisiert.",
    "uploadThemeErrorMessage": "Die hochgeladenen Dateien sind inkorrekt. Bitte laden Sie ein Theme-Verzeichnis oder eine Theme-ZIP-Datei hoch.",
    "websiteLogo": "Webseiten-Logo:"
  },
  "tools": {
    "css": {
      "customCSS": "Benutzerdefiniertes CSS",
      "customCSSSaveSuccessMsg": "Benutzerdefiniertes CSS wurde erfolgreich gespeichert.",
      "normal": "Normal",
      "putCustomCSSAMPComment": "Fügen Sie hier Ihren benutzerdefinierten CSS-Code ein (er wird nur im AMP-Modus verwendet)",
      "putCustomCSSComment": "Fügen Sie hier Ihren benutzerdefinierten CSS-Code ein"
    },
    "customHTML": "Benutzerdefiniertes HTML",
    "find": "Finden:",
    "findAndReplace": "Suchen und Ersetzen:",
    "findAndReplaceShortcut": "Strg + Alt + F",
    "findAndReplaceShortcutMac": "Cmd + Alt + F",
    "findShortcut": "Strg + F",
    "findShortcutMac": "Cmd + F",
    "goToTools": "Zu den Werkzeugen",
    "logFileEmpty": "Die Logdatei ist leer...",
    "logViewer": "Log-Ansicht",
    "pluginActivationError": "Plugin kann nicht aktiviert werden - bitte erneut versuchen",
    "pluginDeactivationError": "Plugin kann nicht deaktiviert werden - bitte erneut versuchen",
    "selectFileToLoad": "Datei zum Laden auswählen",
    "thumbnails": {
      "listRegeneratedFiles": "Liste der neu generierten Dateien:",
      "processingRegenerateThumbnailsInfo": "Wenn Sie auf die Schaltfläche „Vorschaubilder neu generieren“ klicken, werden neue Bildgrößen generiert, die von Ihrem neuen Theme definiert werden.",
      "progress": "Fortschritt:",
      "regenerateThumbnails": "Vorschaubilder neu erstellen",
      "regenerateThumbnailsInfo": "Wenn Sie Ihr Theme geändert haben oder Probleme mit Ihren responsiven Bildern haben, können Sie sie mit der Schaltfläche unten neu generieren. Dies kann eine Weile dauern, wenn Ihre Webseite viele Bilder enthält. Bitte haben Sie etwas Geduld.",
      "regenerateThumbnailsNotNecessaryInfo": "Derzeit haben Sie kein ausgewähltes Theme für diese Webseite. Die Regenerierung von Vorschaubildern ist nicht erforderlich.",
      "regeneratingThumbnails": "Vorschaubilder werden neu erstellt...",
      "skipRegeneration": "Regeneration überspringen",
      "themeOrThumbnailsSettingsChanged": "Ihre Theme- oder Vorschaubild-Einstellungen wurden geändert.",
      "thumbnailsCreated": "Alle Vorschaubilder wurden erstellt.",
      "thumbnailsRegenerationCancelled": "Regenerierung der Vorschaubilder abgebrochen."
    },
    "wpImport": {
      "addTagsToContentAutomatically": "<p>- und <br>-Tags automatisch zum Beitragsinhalt hinzufügen",
      "categories": "Kategorien",
      "checkingWXRFile": "Überprüfen der ausgewählten WXR-Datei",
      "contentFormatting": "Inhaltsformatierung:",
      "duringWXRAnalyzeWeHaveFound": "Bei der WXR-Analyse haben wir festgestellt",
      "importAuthors": "Autoren importieren",
      "importData": "Daten importieren",
      "importingData": "Importieren von Daten",
      "importNote": "Beiträge werden in einem Format importiert, das mit dem WYSIWYG-Editor kompatibel ist.",
      "importSelectedTypesOfPosts": "Ausgewählte Beitragstypen importieren:",
      "pages": "Seiten",
      "postAuthors": "Beitrags-Autoren",
      "selectWXRFileLabel": "Bitte WXR-Datei auswählen:",
      "selectWXRFilePlaceholder": "Eine zu importierende WXR-Datei auswählen",
      "usedTaxonomyForPosts": "Verwendete Taxonomie für Beiträge:",
      "useMainAuthor": "Hauptautor von Publii verwenden",
      "wpImporter": "WP-Importer",
      "wpImportGoToRegenerateMsg": "Ihre WordPress-Daten wurden importiert. Wenn Sie bereits ein Theme ausgewählt haben, kann eine Regenerierung der Vorschaubilder erforderlich sein."
    }
  },
  "toolsPlugin": {
    "pluginSettingsLoadError": "Beim Laden der Plugin-Einstellungen ist ein Fehler aufgetreten",
    "pluginSettingsSaveSuccess": "Plugin-Einstellungen erfolgreich gespeichert",
    "pluginSettingsSaveError": "Beim Speichern der Plugin-Einstellungen ist ein Fehler aufgetreten",
    "tabsLabel": "Plugin-Einstellungen",
    "thisPluginHasNoOptions": "Dieses Plugin hat keine zusätzlichen Optionen..."
  },
  "ui": {
    "aboutPublii": "Über Publii",
    "alternativeText": "Alternativer Text",
    "AMP": "AMP",
    "appConfiguration": "App-Einstellungen",
    "applyChanges": "Änderungen übernehmen",
    "authors": "Autoren",
    "backToTools": "Zurück zu Werkzeuge",
    "backToPosts": "Beiträge",
    "basicInformation": "Basisinformation",
    "beautifyCode": "Code verschönern",
    "cancel": "Abbrechen",
    "cancelPostWarningMsg": "Alle ungespeicherten Änderungen gehen verloren. Möchten Sie fortfahren?",
    "canonicalURL": "Kanonische URL",
    "caption": "Bildbeschriftung",
    "checkDocumentation": "Zur Publii-Dokumentation",
    "close": "Schließen",
    "copyToClipboard": "In Zwischenablage kopieren",
    "credits": "Software-Nachweisliste",
    "customLink": "Benutzerdefinierter Link",
    "customTemplate": "Benutzerdefinierte Vorlage",
    "delete": "Löschen",
    "description": "Beschreibung",
    "donate": "Spenden",
    "edit": "Bearbeiten",
    "featuredImage": "Hervorgehobenes Bild",
    "fillAllRequiredFields": "Bitte alle notwendigen Felder ausfüllen",
    "frontpageLink": "Startseite-Link",
    "gdprBreakingChangesConfirmMsg": "Wir den Datenschutzabschnitt (früher DSGVO) umfassend geändert. Wir empfehlen Ihnen, Ihre Einstellungen überprüfen und erneut speichern.",
    "githubRepository": "GitHub-Repository",
    "goBack": "Zurück",
    "goToPluginCustomOptions": "Zusätzliche Optionen ausblenden",
    "goToPluginStandardOptions": "Zusätzliche Optionen anzeigen",
    "goToSettings": "Zu Datenschutzeinstellungen",
    "help": "Hilfe",
    "hide": "Ausblenden",
    "hideThisNotification": "Diese Benachrichtigung ausblenden",
    "id": "ID",
    "ifCanonicalURLIsSetMmetaRobotsTagisIgnored": "Wenn kanonische URLs aktiviert sind, wird das Meta-Robots-Tag ignoriert.",
    "indexFollow": "index, follow",
    "indexNofollow": "index, nofollow",
    "iUnderstand": "OK, ich verstehe",
    "lastModified": "Zuletzt geändert",
    "leaveBlankToUseDefaultPageTitle": "Feld leer lassen, um einen Standardseitentitel zu verwenden",
    "linkTarget": "Linkziel",
    "loading": "Wird geladen...",
    "menus": "Menüs",
    "metaDescription": "Meta-Beschreibung",
    "metaRobotsIndex": "Meta-Roboter-Index",
    "minimize": "Minimieren",
    "more": "Mehr",
    "moreInformationOnPublii": "Weitere Informationen zu Publii",
    "moreItems": "Weitere Artikel",
    "name": "Name",
    "newWindow": "Neues Fenster",
    "noindexFollow": "noindex, follow",
    "noindexNofollow": "noindex, nofollow",
    "none": "Keiner",
    "notAvailableInYourTheme": "In Ihrem Theme nicht verfügbar",
    "notSet": "Nicht eingestellt",
    "of": "von",
    "ok": "OK",
    "otherOptions": "Andere Optionen",
    "pages": "Seiten",
    "pageTitle": "Seitentitel",
    "pleaseFillAllRequiredFields": "Bitte alle notwendigen Felder ausfüllen",
    "posts": "Beiträge",
    "preview": "Vorschau",
    "previewFrontPageOnly": "Vorschau nur der Startseite",
    "previewFullWebsite": "Vorschau der gesamten Webseite",
    "publiiOnGithub": "Publii auf GitHub ansehen",
    "publishAndClose": "Veröffentlichen und schließen",
    "publishPost": "Beitrag veröffentlichen",
    "renderFrontPageOnly": "Nur Startseite rendern",
    "renderFullWebsite": "Vollständige Webseite rendern",
    "reportBugInSupportDesk": "Melden Sie einen Fehler bei unserem Support",
    "reportIssue": "Ein Problem melden",
    "sameWindow": "Das gleiche Fenster",
    "save": "Speichern",
    "saveAndClose": "Speichern & schließen",
    "saveAndPreview": "Speichern & Vorschau",
    "saveAndRender": "Speichern & rendern",
    "saveAsDraft": "Als Entwurf speichern",
    "saveChanges": "Änderungen speichern",
    "saveDraft": "Entwurf speichern",
    "saveDraftAndClose": "Entwurf speichern und schließen",
    "search": "Suche...",
    "selectOption": "Option auswählen",
    "selectWebsite": "Eine Webseite auswählen",
    "seo": "SEO",
    "server": "Server",
    "show": "Anzeigen",
    "slug": "Slug",
    "supportPublii": "Unterstützen Sie Publii und spenden Sie noch heute!",
    "tags": "Schlagworte",
    "theme": "Theme",
    "tools": "Werkzeuge & Plugins",
    "unhide": "Einblenden",
    "uploadInProgress": "Hochladen läuft...",
    "whatsNew": "Was gibt's Neues?"
  }
}
