{
  "Action": "Aktion",
  "Activity": "Aktivität",
  "Address": "Adresse",
  "Advanced": "Weitere",
  "Align": "Ausrichten",
  "Align center": "Zentriert ausrichten",
  "Align left": "Linksbündig ausrichten",
  "Align right": "Rechtsbündig ausrichten",
  "Alignment": "Ausrichtung",
  "All": "Alle",
  "Alternative source": "Alternative Quelle",
  "Alternative source URL": "Alternative Quell-URL",
  "Anchor": "Anker",
  "Anchor...": "Anker...",
  "Anchors": "Anker",
  "Animals and Nature": "Tiere und Natur",
  "Arrows": "Pfeile",
  "B": "B",
  "Background color": "Hintergrundfarbe",
  "Black": "Schwarz",
  "Block": "Block",
  "Blockquote": "Blockzitat",
  "Blue": "Blau",
  "Body": "Body",
  "Bold": "Fett",
  "Border": "Rahmen",
  "Border color": "Rahmenfarbe",
  "Border style": "Rahmenstil",
  "Border width": "Rahmenbreite",
  "Bottom": "Unterseite",
  "Browse for an image": "Nach einem Bild suchen",
  "Bullet list": "Aufzählung",
  "Cancel": "Abbrechen",
  "Capitalization": "Großschreibung",
  "Caption": "Bildbeschriftung",
  "Cell": "Zelle",
  "Cell padding": "Cell-Padding",
  "Cell properties": "Zelle-Eigenschaften",
  "Cell spacing": "Cell-Spacing",
  "Cell type": "Zell-Typ",
  "Center": "Center",
  "Characters": "Zeichen",
  "Characters (no spaces)": "Zeichen (keine Leerzeichen)",
  "Circle": "Kreis",
  "Class": "Klasse",
  "Clear formatting": "Formatierung löschen",
  "Close": "Schließen",
  "Code": "Code",
  "Code sample": "Codebeispiel",
  "Color": "Farbe",
  "Color Picker": "Farbauswahl",
  "Color swatch": "Farbfeld",
  "Cols": "Cols",
  "Column": "Spalte",
  "Column group": "Spaltengruppe",
  "Constrain proportions": "Seitenverhältnis festsetzen",
  "Copy": "Kopieren",
  "Copy row": "Zeile kopieren",
  "Could not find the specified string.": "Die angegebene Zeichenfolge konnte nicht gefunden werden.",
  "Could not load emoticons": "Emoticons konnten nicht geladen werden",
  "Count": "Anzahl",
  "Currency": "Währung",
  "Current window": "Aktuelles Fenster",
  "Custom color": "Frei wählbare Farbe",
  "Custom...": "Manuell...",
  "Cut": "Ausschneiden",
  "Cut row": "Reihe ausschneiden",
  "Dark Blue": "Dunkelblau",
  "Dark Gray": "Dunkelgrau",
  "Dark Green": "Dunkelgrün",
  "Dark Orange": "Dunkelorange",
  "Dark Purple": "Dunkelviolett",
  "Dark Red": "Dunkelrot",
  "Dark Turquoise": "Dunkles Türkis",
  "Dark Yellow": "Dunkelgelb",
  "Date/time": "Datum/Uhrzeit",
  "Decrease indent": "Einzug verkleinern",
  "Default": "Standard",
  "Delete column": "Spalte löschen",
  "Delete row": "Zeile löschen",
  "Delete table": "Tabelle löschen",
  "Dimensions": "Maße",
  "Disc": "Disc",
  "Div": "Div",
  "Document": "Dokument",
  "Document properties": "Dokumenteigenschaften",
  "Drop an image here": "Bild hier ablegen",
  "Edit": "Bearbeiten",
  "Edit image": "Bild bearbeiten",
  "Embed": "Einbetten",
  "Emoticons": "Emoticons",
  "Emoticons...": "Emoticons...",
  "Error": "Fehler",
  "Extended Latin": "Erweitertes Latein",
  "Failed to upload image: {0}": "Fehler beim Bild hochladen: {0}",
  "Find": "Suchen",
  "Find and replace": "Suchen und Ersetzen",
  "Find and replace...": "Suchen und Ersetzen...",
  "Find whole words only": "Suche nur ganze Wörter",
  "Finish": "Ziel",
  "Flags": "Flaggen",
  "Font": "Schriftart",
  "Font Sizes": "Schriftgrößen",
  "Fonts": "Schriftarten",
  "Food and Drink": "Essen und Trinken",
  "Footer": "Fußzeile",
  "Format": "Format",
  "Format Painter": "Format-Kopierer",
  "Formats": "Formate",
  "Fullscreen": "Vollbild",
  "G": "G",
  "General": "Allgemein",
  "Gray": "Grau",
  "Green": "Grün",
  "H Align": "H-Ausrichtung",
  "Header": "Überschrift",
  "Header 1": "Überschrift 1",
  "Header 2": "Überschrift 2",
  "Header 3": "Überschrift 3",
  "Header 4": "Überschrift 4",
  "Header 5": "Überschrift 5",
  "Header 6": "Überschrift 6",
  "Header cell": "Kopfzelle",
  "Headers": "Überschriften",
  "Heading 1": "Überschrift 1",
  "Heading 2": "Überschrift 2",
  "Heading 3": "Überschrift 3",
  "Heading 4": "Überschrift 4",
  "Heading 5": "Überschrift 5",
  "Heading 6": "Überschrift 6",
  "Headings": "Überschriften",
  "Height": "Höhe",
  "Help": "Hilfe",
  "Horizontal line": "Horizontale Linie",
  "Horizontal space": "Horizontaler Platzhalter",
  "Id": "ID",
  "Id should start with a letter, followed only by letters, numbers, dashes, dots, colons or underscores.": "Die ID sollte mit einem Buchstaben beginnen, gefolgt nur von Buchstaben, Zahlen, Bindestrichen, Punkten, Doppelpunkten oder Unterstrichen.",
  "Ignore": "Ignorieren",
  "Ignore all": "Alles ignorieren",
  "Image": "Bild",
  "Image description": "Bildbeschreibung",
  "Image list": "Bildliste",
  "Image options": "Bildoptionen",
  "Image title": "Bildtitel",
  "Image...": "Bild...",
  "Increase indent": "Einzug vergrößern",
  "Inline": "In der Zeile",
  "Insert": "Einfügen",
  "Insert column after": "Spalte dahinter einfügen",
  "Insert column before": "Spalte davor einfügen",
  "Insert date/time": "Datum/Uhrzeit einfügen",
  "Insert image": "Bild einfügen",
  "Insert link": "Link einfügen",
  "Insert row after": "Zeile dahinter einfügen",
  "Insert row before": "Zeile davor einfügen",
  "Insert table": "Tabelle einfügen",
  "Insert video": "Video einfügen",
  "Insert/Edit Link": "Link einfügen/bearbeiten",
  "Insert/edit iframe": "Iframe einfügen/bearbeiten",
  "Insert/edit image": "Bild einfügen/bearbeiten",
  "Insert/edit link": "Link einfügen/bearbeiten",
  "Insert/edit media": "Medien einfügen/bearbeiten",
  "Insert/edit video": "Video einfügen/bearbeiten",
  "Italic": "Kursiv",
  "Justify": "Ausrichtung",
  "Keyboard Navigation": "Tastaturnavigation",
  "Language": "Sprache",
  "Left": "Links",
  "Left to right": "Von links nach rechts",
  "Light Blue": "Hellblau",
  "Light Gray": "Hellgrau",
  "Light Green": "Hellgrün",
  "Light Purple": "Helles Lila",
  "Light Red": "Hellrot",
  "Light Yellow": "Hellgelb",
  "Link": "Link",
  "Link list": "Linkliste",
  "Link...": "Link...",
  "Loading emoticons...": "Emoticons werden geladen...",
  "Lower Alpha": "Klein, Alpha",
  "Lower Greek": "Klein, Griechisch",
  "Lower Roman": "Klein, Römisch",
  "Match case": "Klein/Großschreibung anpassen",
  "Mathematical": "Mathematisch",
  "Media": "Medien",
  "Media poster (Image URL)": "Medienvorschau (Bild-URL)",
  "Media...": "Medien...",
  "Medium Blue": "Mittelblau",
  "Medium Gray": "Mittelgrau",
  "Medium Purple": "Mittleres Lila",
  "Merge cells": "Zellen verbinden",
  "Middle": "Mitte",
  "Midnight Blue": "Mitternachtsblau",
  "More...": "Mehr...",
  "Name": "Name",
  "Navy Blue": "Navy-Blau",
  "New window": "Neues Fenster",
  "Next": "Nächste",
  "No": "Nein",
  "No color": "Keine Farbe",
  "Nonbreaking space": "Platzhalter ohne Umbruch",
  "None": "Keine",
  "Numbered list": "Nummerierte Liste",
  "OR": "ODER",
  "Objects": "Gegenstände",
  "Ok": "OK",
  "Open help dialog": "Hilfedialog öffnen",
  "Open link in...": "Link öffnen in...",
  "Orange": "Orange",
  "Page break": "Seitenumbruch",
  "Paragraph": "Paragraph",
  "Paste": "Einfügen",
  "Paste as text": "Als Text einfügen",
  "Paste or type a link": "Link einfügen oder eingeben",
  "Paste row after": "Zeile darunter einfügen",
  "Paste row before": "Zeile darüber einfügen",
  "Paste your embed code below:": "Einbettungscode unten einfügen:",
  "People": "Menschen",
  "Permanent Pen Properties": "Eigenschaften des Permanentstifts",
  "Permanent pen properties...": "Eigenschaften des Permanentstifts...",
  "Poster": "Poster",
  "Powered by {0}": "Bereitgestellt von {0}",
  "Pre": "Pre",
  "Preferences": "Einstellungen",
  "Preformatted": "Vorformatiert",
  "Prev": "Vorher",
  "Preview": "Vorschau",
  "Previous": "Vorherige",
  "Print": "Drucken",
  "Print...": "Drucken...",
  "Purple": "Violett",
  "Quotations": "Zitate",
  "R": "R",
  "Red": "Rot",
  "Redo": "Wiederholen",
  "Remove color": "Farbe entfernen",
  "Remove link": "Link entfernen",
  "Replace": "Ersetzen",
  "Replace all": "Alle ersetzen",
  "Replace with": "Ersetzen mit",
  "Restore last draft": "Letzten Entwurf wiederherstellen",
  "Rich Text Area. Press ALT-0 for help.": "Rich-Text-Bereich. Drücken Sie ALT-0 für Hilfe.",
  "Rich Text Area. Press ALT-F9 for menu. Press ALT-F10 for toolbar. Press ALT-0 for help": "Rich-Text-Bereich. Drücken Sie ALT-F9 für das Menü. Drücken Sie ALT-F10 für die Symbolleiste. Drücken Sie ALT-0 für Hilfe",
  "Right": "Rechts",
  "Right to left": "Von rechts nach links",
  "Row": "Zeile",
  "Row group": "Zeilengruppe",
  "Row properties": "Zeileneigenschaften",
  "Row type": "Zeilentyp",
  "Rows": "Zeilen",
  "Save": "Speichern",
  "Scope": "Bereich",
  "Search": "Suche",
  "Select all": "Alle auswählen",
  "Select...": "Auswählen...",
  "Selection": "Auswahl",
  "Shortcut": "Shortcut",
  "Show caption": "Beschriftung anzeigen",
  "Show invisible characters": "Unsichtbare Zeichen anzeigen",
  "Size": "Größe",
  "Source": "Quelle",
  "Source code": "Quellcode",
  "Special character": "Sonderzeichen",
  "Special character...": "Sonderzeichen...",
  "Spellcheck": "Rechtschreibprüfung",
  "Split cell": "Zelle teilen",
  "Square": "Quadrat",
  "Strikethrough": "Durchstreichen",
  "Style": "Stil",
  "Subscript": "Index",
  "Superscript": "Hochgestellt",
  "Switch to or from fullscreen mode": "In oder aus Vollbildmodus wechseln",
  "Symbols": "Symbole",
  "System Font": "Systemschriftart",
  "Table": "Tabelle",
  "Table of Contents": "Inhaltsverzeichnis",
  "Table properties": "Tabelleneigenschaften",
  "Target": "Ziel",
  "Text": "Text",
  "Text color": "Textfarbe",
  "Text to display": "Anzuzeigender Text",
  "The URL you entered seems to be an email address. Do you want to add the required mailto: prefix?": "Die eingegebene URL scheint eine E-Mail-Adresse zu sein. Möchten Sie das erforderliche mailto:-Präfix hinzufügen?",
  "The URL you entered seems to be an external link. Do you want to add the required http:// prefix?": "Die eingegebene URL scheint ein externer Link zu sein. Möchten Sie das erforderliche http://-Präfix hinzufügen?",
  "Title Case": "Titelfall",
  "To open the popup, press Shift+Enter": "Um das Popup zu öffnen, drücken Sie Shift+Eingabe",
  "Tools": "Werkzeuge",
  "Top": "Oben",
  "Travel and Places": "Reisen und Orte",
  "Turquoise": "Türkis",
  "UPPERCASE": "GROSSBUCHSTABEN",
  "Underline": "Unterstreichen",
  "Undo": "Rückgängig machen",
  "Update": "Aktualisieren",
  "Upload": "Hochladen",
  "Upper Alpha": "Groß, Alpha",
  "Upper Roman": "Groß, Römisch",
  "Url": "URL",
  "User Defined": "Benutzerdefiniert",
  "V Align": "V-Ausrichtung",
  "Valid": "Gültig",
  "Version": "Version",
  "Vertical space": "Vertikaler Platzhalter",
  "View": "Ansicht",
  "Warn": "Warnung",
  "White": "Weiß",
  "Whole words": "Ganze Wörter",
  "Width": "Breite",
  "Word count": "Wortzahl",
  "Words": "Wörter",
  "Words: {0}": "Wörter: {0}",
  "Yellow": "Gelb",
  "Yes": "Ja",
  "You have unsaved changes are you sure you want to navigate away?": "Sie haben ungespeicherte Änderungen. Möchten Sie wirklich wegnavigieren?",
  "alignment": "Ausrichtung",
  "comments": "Kommentare",
  "example": "Beispiel",
  "formatting": "Formatierung",
  "history": "Verlauf",
  "indentation": "Einrückung",
  "lowercase": "Kleinbuchstaben",
  "permanent pen": "Permanentstift",
  "styles": "Stile",
  "{0} characters": "{0} Zeichen",
  "{0} words": "{0} Wörter"
}
