{
  "author": {
    "addNewAuthor": "Ajouter un auteur",
    "author": "Auteur",
    "authorDataParsingErrorMessage": "Une erreur s'est produite lors de l'analyse des données de l'auteur ayant l'ID :",
    "authorHasBeenUpdated": "L'auteur a été mis à jour",
    "authorLink": "Lien vers l'auteur",
    "authorName": "Nom de l'auteur",
    "authorNameCannotBeEmptyErrorMessage": "Le nom de l'auteur ne peut pas être vide. Veuillez entrer un nom",
    "authorNameInUseErrorMessage": "Un auteur existe déjà avec ce nom. Veuillez essayer un autre nom.",
    "authorNameSimilarInUseErrorMessage": "Un auteur existe déjà avec ce nom ; les noms d'auteurs ne sont pas sensibles à la casse. Veuillez essayer un autre nom.",
    "authorPage": "Page de l'auteur",
    "authorSlugCannotBeEmpty": "Le slug de l'auteur ne peut pas être vide",
    "avatar": "Avatar",
    "avatarAndFeaturedImage": "Avatar et image de couverture",
    "cannotRemoveMainAuthor": "L'auteur principal ne peut pas être supprimé.",
    "changePostAuthor": "Changer l'auteur du message",
    "editAuthor": "Modifier l'auteur",
    "eMail": "E-mail",
    "filterOrSearchAuthors": "Filtrer ou rechercher des auteurs...",
    "gravatarEmailWarningMessage": "Entrez l'adresse e-mail que vous avez utilisée pour enregistrer votre compte sur Gravatar.",
    "mainAuthor": "Auteur principal",
    "mainAuthorCannotBeRemoved": "C'est l'auteur principal de ce site. Il ne peut pas être supprimé.",
    "newAuthorHasBeenCreated": "Un nouvel auteur a été créé",
    "noAuthorsMatchingYourCriteria": "Aucun auteur ne correspond à vos critères.",
    "removeAuthorsMessage": "Voulez-vous vraiment supprimer les auteurs sélectionnés ?",
    "removeAuthorsSuccessMessage": "Les auteurs sélectionnés ont été supprimés",
    "saveAndPreviewNotAvailableDueToNoSupportForAuthorPagesInTheme": "L'option \"Enregistrer et prévisualiser\" n'est pas disponible car votre thème ne prend pas en charge les pages d'auteur.",
    "selectAuthor": "Sélectionnez l'auteur",
    "selectAuthorPage": "Sélectionnez la page de l'auteur",
    "themeDoesNotSupportFeaturedImagesForAuthors": "Votre thème ne prend pas en charge les images de couverture pour les auteurs",
    "toUseThisOptionEnableIndexingAuthorPages": "Pour utiliser cette option, activez d'abord l'indexation des pages d'auteur dans les paramètres SEO.",
    "useGravatarMessage": "Utilisez <a href=\"https://gravatar.com/\" target=\"_blank\" rel=\"noopener noreferrer\">Gravatar</a> pour fournir votre avatar d'auteur",
    "useGravatarServiceMessage": "Afin d'utiliser le service Gravatar, fournissez d'abord l'e-mail de l'auteur.",
    "website": "Site Internet"
  },
  "core": {
    "archive": {
      "errorDuringCreatingTAR": "Une erreur s'est produite lors de la création de l'archive TAR. Veuillez réessayer.",
      "errorDuringCreatingZIP": "Une erreur s'est produite lors de la création de l'archive ZIP. Veuillez réessayer."
    },
    "backup": {
      "destinationDirectoryDoesNotExists": "Le répertoire de destination n'existe pas",
      "errorDuringFileSaveProcess": "Une erreur s'est produite pendant l'enregistrement du fichier",
      "errorDuringReadingBackupFile": "Une erreur s'est produite pendant la lecture du fichier de sauvegarde",
      "fileDoesNotExists": "Le fichier de sauvegarde n'existe pas",
      "fileIsCorrupted": "Le fichier de sauvegarde est corrompu - abandon du processus de restauration.",
      "locationDoesNotExists": "L'emplacement de sauvegarde n'existe pas",
      "temporaryDirectoryDoesNotExists": "Le répertoire temporaire n'existe pas"
    },
    "credits": {
      "errorLoadingLicenseMsg": "Une erreur s'est produite lors du chargement de la licence. Veuillez réessayer."
    },
    "images": {
      "responsiveImagesDisabled": "Les images réactives sont désactivées dans les paramètres du site - toutes les images réactives ont été supprimées."
    },
    "rendering": {
      "renderingProcessCrashed": "Le processus de rendu s'est arrêté de façon anormale",
      "renderingProcessCrashedMsg": "Pour plus d'informations, consultez les fichiers rendering-errors.log et rendering-process.log dans Outils -> Visionneuse de journaux.",
      "renderingProcessFiled": "Le processus de rendu a échoué"
    },
    "server": {
      "branchDoesNotExist": "La branche sélectionnée n'existe pas.",
      "creatingNewRemoteFilesTree": "Création d'une nouvelle arborescence de fichiers distants...",
      "finishingDeploymentProcess": "Fin du processus de déploiement...",
      "getInfoAboutLatestCommit": "Obtenir des informations sur le dernier commit...",
      "preparingFilesTreeToUpload": "Préparation de l'arborescence des fichiers pour le téléchargement...",
      "repositoryDoesNotExist": "Le dépôt sélectionné n'existe pas.",
      "requestLimitExceededInfo": "Votre limite de requêtes API a été dépassée ({remaining} requêtes restantes). Veuillez patienter jusqu'à {resetTime} UTC, puis réessayer.",
      "requestTimeout": "Expiration de la demande.",
      "retrievingHandlerOfRemoteFilesTree": "Récupération du gestionnaire d'arborescence de fichiers distant...",
      "retrievingRemoteFilesTree": "Récupération de l'arborescence des fichiers distants...",
      "tokenOrServerAddressInvalid": "Le jeton fourni ou l'adresse du serveur n'est pas valide.",
      "tooManyFilesInfo": "Votre site contient plus de 4 000 éléments ({numberOfFiles} fichiers et répertoires). Actuellement, notre implémentation des pages Github ne prend en charge que les sites Web contenant jusqu'à 4 000 éléments."
    },
    "site": {
      "noConfigurationForResponsiveImages": "Il n'y a pas de données de configuration pour les images réactives",
      "noImagesToRegenerate": "Il n'y a pas d'images à regénérer",
      "noThemeSelected": "Aucun thème sélectionné"
    },
    "sureYouWantQuit": "Êtes-vous sûr(e) de vouloir quitter ?\nToutes les modifications non enregistrées seront perdues.",
    "wpImport": {
      "authorsProgressInfo": "Import des auteurs ({progress} / {total})",
      "imageDownloadError": "Une erreur s'est produite lors du téléchargement de l'image : {image}",
      "imagesProgressInfo": "Téléchargement des images ({progress} / {total})",
      "postsProgressInfo": "Import des articles ({progress} / {total})",
      "tagsProgressInfo": "Import des étiquettes ({progress} / {total})"
    }
  },
  "date": {
    "apr": "Avr",
    "aug": "Août",
    "changePostPublicationDate": "Modifier la date de publication",
    "dec": "Déc",
    "feb": "Fév",
    "jan": "Jan",
    "jul": "Juil",
    "jun": "Juin",
    "mar": "Mar",
    "may": "Mai",
    "nov": "Nov",
    "oct": "Oct",
    "sep": "Sep"
  },
  "editor": {
    "addHeading": "Ajouter un titre",
    "addLabel": "Ajouter une étiquette",
    "alignTextCenter": "Centrer le texte",
    "alignTextLeft": "Aligner le texte à gauche",
    "alignTextRight": "Aligner le texte à droite",
    "blockEditorHelpPanelDesc": "Vous pouvez insérer un bloc soit en cliquant sur le bouton <span>+</span> ou <span>TAB</span> sur une nouvelle ligne, soit en tapant les raccourcis suivants ou la syntaxe Markdown sur une nouvelle ligne :",
    "blocks": {
      "code": {
        "idTooltip": "Cette valeur sera utilisée comme ID de code"
      },
      "cssClassesLabel": "Classe CSS",
      "cssClassesTooltip": "Ces classes CSS seront ajoutées dans l'attribut class du champ",
      "embed": {
        "idTooltip": "Cette valeur sera utilisée comme ID d'intégration"
      },
      "gallery": {
        "idTooltip": "Cette valeur sera utilisée comme identifiant de la galerie"
      },
      "header": {
        "customIdLabel": "Utiliser un identifiant personnalisé",
        "customIdTooltip": "Activez cette option si vous souhaitez utiliser votre propre ID, au lieu de l'ID généré automatiquement",
        "idTooltip": "Cette valeur sera utilisée comme ID d'en-tête"
      },
      "html": {
        "idTooltip": "Cette valeur sera utilisée comme ID HTML"
      },
      "idLabel": "identifiant",
      "image": {
        "idTooltip": "Cette valeur sera utilisée comme ID d'image"
      },
      "list": {
        "idTooltip": "Cette valeur sera utilisée comme ID de liste"
      },
      "paragraph": {
        "idTooltip": "Cette valeur sera utilisée comme ID de paragraphe",
        "styleLabel": "Style de paragraphe",
        "styles": {
          "highlight": "Surligner",
          "info": "Info",
          "success": "Succès",
          "warning": "Avertissement"
        },
        "styleTooltip": "Sélectionner un style pour le bloc de paragraphe"
      },
      "quote": {
        "idTooltip": "Cette valeur sera utilisée comme ID de citation"
      },
      "separator": {
        "idTooltip": "Cette valeur sera utilisée comme ID séparateur"
      },
      "toc": {
        "idTooltip": "Cette valeur sera utilisée comme ID de la table des matières"
      }
    },
    "cantSavePostWithEmptyTitle": "Vous ne pouvez pas enregistrer un article avec un titre vide.",
    "changesSaved": "Les modifications ont été enregistrées",
    "clearFormatting": "Supprimer la mise en forme",
    "clickToConfirm": "Cliquez pour confirmer",
    "code": "Code",
    "conversions": {
      "toCode": "Code",
      "toHeader": "Entête",
      "toHTML": "HTML",
      "toList": "Liste",
      "toParagraph": "Paragraphe",
      "toQuote": "Citation"
    },
    "convertTo": "Convertir en :",
    "custom": "Personnalisé",
    "defaultSelect": "- Sélectionnez -",
    "deleteBlock": "Supprimer le bloc",
    "dot": "Point",
    "dots": "Points",
    "dragAndDropImgToEditor": "Glissez et déposez une image vers l'éditeur",
    "dropToUploadYourPhotoOr": "Déposez pour télécharger votre image ou",
    "dropToUploadYourPhotosOr": "Déposez pour télécharger vos images ou",
    "element": "Élément",
    "emptyGalleryBlock": "Bloc de galerie vide",
    "emptyImageBlock": "Bloc d'image vide",
    "enterAltText": "Saisir un texte alternatif",
    "enterCaption": "Saisir une légende",
    "enterUrlOrEmbedCode": "Saisissez l'URL ou le code d'intégration...",
    "errorOccured": "Une erreur s'est produite - veuillez réessayer.",
    "gallery": "Galerie",
    "header": "En-tête",
    "heading1": "Titre 1",
    "heading2": "Titre 2",
    "heading3": "Titre 3",
    "heading4": "Titre 4",
    "heading5": "Titre 5",
    "heading6": "Titre 6",
    "hideHelp": "Masquer l'aide",
    "hideStats": "Masquer les statistiques",
    "html": "HTML",
    "insertGallery": "Insérer une galerie",
    "list": "Liste",
    "markdown": "Markdown",
    "markdownHelpPanelDesc": "Vous pouvez facilement gérer les en-têtes, les styles de texte ou créer d'autres éléments HTML en utilisant les raccourcis clavier ou la syntaxe Markdown suivants :",
    "newDraftCreated": "Un nouveau brouillon a été créé",
    "newPostCreated": "Un nouvel article a été créé",
    "quote": "Citation",
    "quoteAuthor": "Citation auteur",
    "quoteText": "Citation texte",
    "readMore": "Lire la suite",
    "readMoreBlockName": "Lire la suite",
    "selectFiles": "Sélectionnez les fichiers",
    "separator": "Séparateur",
    "shortcuts": "Raccourcis",
    "sourceCode": "Code source",
    "startWriting": "Commencez à écrire...",
    "startWritingOrPressTabToChooseBlock": "Commencez à écrire ou appuyez sur la touche TAB pour choisir un bloc.",
    "toc": "table des matières",
    "tocAutoGenerationInfo": "La table des matières est générée automatiquement en fonction des titres (H1-H6) de votre contenu.",
    "togglePostStatsPanel": "Afficher/Cacher le panneau des statistiques de publication",
    "unableToSetSpellCheckerForLanguage": "(!) Impossible de configurer le correcteur orthographique pour utiliser la langue sélectionnée -",
    "useOrderedList": "Utiliser la liste ordonnée",
    "useUnorderedList": "Utiliser la liste à puces",
    "viewHelp": "Voir l'aide",
    "viewStats": "Afficher les statistiques",
    "wideLine": "Ligne large"
  },
  "file": {
    "addNewFile": "Ajouter un fichier",
    "backups": "Sauvegardes",
    "createBackup": "Créer une sauvegarde",
    "createBackupConfirmMsg": "Sélectionnez un nom pour votre sauvegarde - le nom de fichier ne peut contenir que des caractères alphanumériques, des tirets et des traits de soulignement :",
    "createBackupErrorMsg": "Une erreur s'est produite lors de la création de la sauvegarde. Veuillez réessayer.",
    "createBackupNameEmptyMsg": "Le nom de fichier fourni ne peut pas être vide. Veuillez entrer un nom.",
    "createBackupNameInUseMsg": "Le nom de fichier fourni ( <strong>{filename}</strong> ) est déjà utilisé par une sauvegarde existante. Réessayez avec un nom différent.",
    "createBackupSuccessMsg": "La sauvegarde a été créée.",
    "createFirstBackupMsg": "Vous n'avez pas encore de sauvegarde. Créons la première !",
    "creatingBackup": "Création d'une sauvegarde",
    "creationDate": "Date de création",
    "deletBackupsConfirmMsg": "Voulez-vous vraiment supprimer les sauvegardes sélectionnées ? Cette action ne peut pas être annulée.",
    "deletBackupsErrorMsg": "Une erreur s'est produite lors de la suppression des sauvegardes sélectionnées. Veuillez réessayer.",
    "deletBackupsSuccessMsg": "Les sauvegardes sélectionnées ont été supprimées",
    "dragAndDropBackupFile": "Glissez et déposez le fichier de sauvegarde ici ou",
    "dropYourFileHere": "Déposez votre dossier ici",
    "file": "Fichier",
    "fileFromFileManager": "Fichier du gestionnaire de fichiers",
    "fileManager": "Gestionnaire de fichiers",
    "filename": "Nom de fichier",
    "files": "Fichiers",
    "fileSemicolon": "Fichier :",
    "fileSize": "Taille du fichier",
    "filterOrSearchFiles": "Filtrer ou rechercher des fichiers...",
    "mediaFiles": "Fichiers de type média",
    "noBackupsAvailable": "Aucune sauvegarde disponible",
    "noFileInMediaFilesDirInfo": "Il n'y a pas de fichier dans le répertoire media/files...",
    "noFileInRootDirInfo": "Il n'y a pas de fichier dans le répertoire racine...",
    "noFileMatchingCriteriaInfo": "Aucun fichier ne correspond à vos critères.",
    "operations": "Opérations",
    "preparingFilesInOutputDir": "Préparation des fichiers dans le répertoire de sortie",
    "provideNameForNewFile": "Veuillez fournir un nom pour un nouveau fichier",
    "removeFilesConfirmMsg": "Voulez-vous vraiment supprimer les fichiers sélectionnés ? Cette action ne peut pas être annulée.",
    "removeFilesSuccessMsg": "Les fichiers sélectionnés ont été supprimés",
    "rename": "Renommer",
    "renameBackupConfrimLabel": "Renommer le fichier",
    "renameBackupConfrimMsg": "Spécifiez un nouveau nom de fichier de sauvegarde :",
    "renameBackupErrorMsg": "Une erreur s'est produite lors du renommage du fichier de sauvegarde sélectionné. Veuillez réessayer.",
    "renameBackupNameEmptyMsg": "Le nom du fichier de sauvegarde ne peut pas être vide. Veuillez réessayer.",
    "renameBackupNameInUseMsg": "Le nom spécifié est utilisé par un autre fichier de sauvegarde. Veuillez réessayer.",
    "renameBackupSameNameMsg": "Le nom spécifié est le même que l'ancien nom. Veuillez réessayer.",
    "renameBackupSuccessMsg": "La sauvegarde a été renommée avec succès.",
    "restore": "Restaurer",
    "restoreBackupConfrimLabel": "Restaurer la sauvegarde",
    "restoreBackupConfrimMsg": "Voulez-vous vraiment restaurer la sauvegarde sélectionnée ? Les fichiers existants seront écrasés.",
    "restoreBackupErrorMsg": "Une erreur s'est produite lors de la restauration du fichier de sauvegarde sélectionné :",
    "restoreBackupSuccessMsg": "Le site a été restauré avec succès.",
    "rootDirectory": "Répertoire racine",
    "selectedFileExsistsMsg": "Les fichiers suivants ne peuvent pas être copiés car ils existent déjà dans le répertoire sélectionné :",
    "selectedFilenameInUseMsg": "Le nom de fichier sélectionné est en cours d'utilisation. Utilisez un nom de fichier différent.",
    "selectFile": "Sélectionner un fichier",
    "selectFileFromFileManager": "Sélectionner un fichier dans le gestionnaire de fichiers",
    "uploadFiles": "Télécharger des fichiers"
  },
  "gdpr": {
    "addGroup": "Ajouter un groupe",
    "groupID": "ID de groupe",
    "groupName": "Nom de groupe",
    "state": "État"
  },
  "image": {
    "addImages": "Ajouter des images",
    "align": "Aligner",
    "centeredImage": "Image centrée",
    "columns": "Colonnes:",
    "dropFeaturedImageOr": "Déposez l'image sélectionnée ici ou",
    "dropToUploadPhotoOr": "Déposez pour télécharger votre image ou",
    "eightColumns": "8 colonnes",
    "enterAltText": "Saisir le texte alternatif",
    "enterCaption": "Saisir légende",
    "fiveColumns": "5 colonnes",
    "fourColumns": "4 colonnes",
    "fullWidth": "Pleine largeur",
    "fullWidthImage": "Image pleine largeur",
    "image": "Image",
    "imageAlternativeText": "Texte alternatif",
    "imageCaption": "Légende",
    "images": "Images",
    "insertEditGallery": "Insérer/Modifier la galerie",
    "layout": "Mise en page",
    "loadingImage": "Chargement de l'image...",
    "none": "Aucun",
    "oneColumn": "1 colonne",
    "pictures": "des images",
    "removeImage": "Supprimer l'image",
    "sevenColumns": "7 colonnes",
    "sixColumns": "6 colonnes",
    "threeColumns": "3 colonnes",
    "twoColumns": "2 colonnes",
    "uploading": "Chargement en cours",
    "wide": "Large",
    "wideImage": "Image large",
    "yourGalleryIsEmpty": "Votre galerie est vide"
  },
  "langs": {
    "addLanguageSuccessMessage": "La langue a été ajoutée",
    "deleteLanguage": "Supprimer la langue",
    "getMoreLanguages": "Obtenir plus de langues",
    "goToLanguagesManager": "Aller au gestionnaire de langues",
    "installLanguage": "Ajouter une langue",
    "isOutdated": "Est obsolète",
    "isOutdatedTitle": "Cette langue prend en charge Publii jusqu'à la version {supportedVersion}, alors que vous utilisez Publii v.{currentVersion} : veuillez mettre à jour Publii pour utiliser cette langue.",
    "language": "Langue:",
    "languageChangedMsg": "La langue de l'application a changé",
    "languageChangeError": "Une erreur de changement de langue s'est produite - veuillez réessayer.",
    "languageLoadingError": "Une erreur s'est produite lors du chargement de la langue de l'application. La langue par défaut (anglais) sera utilisée à la place. Veuillez vous rendre dans les paramètres de langues pour en sélectionner une autre.",
    "languages": "Langues",
    "removeLanguageMessage": "Voulez-vous vraiment supprimer la langue {languageName} ?",
    "removeLanguageSuccessMessage": "La langue sélectionnée a été supprimée",
    "updatedLanguageSuccessMessage": "La langue sélectionnée a été mise à jour",
    "uploadLanguageErrorMessage": "Une erreur s'est produite lors de l'installation. Veuillez réessayer."
  },
  "link": {
    "addDownloadAttr": "Ajouter l'attribut \"download\"",
    "addLink": "Ajouter un lien",
    "addNofollow": "Ajouter rel=\"nofollow\"",
    "downloadAttribute": "Attribut \"download\" :",
    "insertEditLink": "Insérer/Modifier le lien",
    "linkInvalidMsg": "Désolé ! Ce lien semble invalide.",
    "linkRelAttribute": "Attribut \"rel\" du lien",
    "linkTitleAttribute": "Attribut \"titre\" du lien",
    "openInNewTab": "Ouvrir dans un nouvel onglet",
    "previewLinkInBrowser": "Prévisualiser ce lien dans le navigateur",
    "previewOnlyExternalLinksMsg": "Vous ne pouvez prévisualiser les liens externes que dans l'éditeur de publication",
    "removeLink": "Supprimer le lien",
    "selectLinkType": "Sélectionner le type de lien"
  },
  "menu": {
    "addMenuItem": "Ajouter un élément de menu",
    "addNewMenu": "Ajouter un menu",
    "addNewMenuItem": "Ajouter un élément de menu",
    "addSubmenu": "Ajouter un sous-menu",
    "addSubmenuItem": "Ajouter un élément de sous-menu",
    "assignedMenu": "Menu assigné",
    "classCSS": "Classe CSS",
    "createNewMenu": "Créer un nouveau menu",
    "deleteThisMenuItem": "Supprimer cet élément de menu",
    "duplicateThisMenuItem": "Dupliquer cet élément de menu",
    "editMenuItem": "Modifier l'élément de menu",
    "editMenuName": "Renommer le menu",
    "editThisMenuItem": "Modifier cet élément de menu",
    "externalLink": "Lien externe",
    "externalURL": "URL externe",
    "hideThisMenuItem": "Masquer cet élément de menu",
    "insertActions": "Insérer l'élément sélectionné :",
    "insertAfter": "Après",
    "insertAsChild": "En tant que sous-menu",
    "insertBefore": "Avant",
    "internalLink": "Lien interne",
    "items": "Articles",
    "label": "Libellé",
    "likedItemError": "L'élément lié n'a pas été affiché (balise/page d'auteur vide), il n'existe pas ou a été supprimé",
    "likedItemIsADraft": "L'élément lié est un brouillon",
    "menu": "Menu",
    "menuIemsRemoveMessage": "Voulez-vous vraiment supprimer l'élément de menu sélectionné ?",
    "menuItemIsHidden": "Cet élément de menu est masqué",
    "menuNameCannotBeEmptyCreateNewMenuErrorMessage": "Le champ du nom de menu ne peut pas être vide. Veuillez entrer un nom de menu.",
    "menuNameCannotBeEmptyErrorMessage": "Le nom du menu ne peut pas être vide. Saisissez un nouveau nom de menu.",
    "menuNameExistsErrorMessage": "Le nom de menu spécifié existe déjà. Utilisez un nom différent.",
    "menuNameHasBeenEdited": "Le nom du menu a été modifié",
    "menuNameInUseErrorMessage": "Le nom de menu spécifié est en cours d'utilisation. Saisissez un nouveau nom de menu.",
    "menusRemoveMessage": "Voulez-vous vraiment supprimer les menus sélectionnés ?",
    "menusRemoveSuccessMessage": "Les menus sélectionnés ont été supprimés",
    "moveItem": "Déplacer",
    "newMenuCreated": "Un nouveau menu a été créé",
    "noMenusAvailable": "Aucun menu disponible",
    "noMenusCreateNewOne": "Vous n'avez pas encore de menus. Créons le premier !",
    "noMenusMessage": "Il n'y a pas d'éléments de menu ; créez-en de nouveaux via le bouton \"Ajouter un élément de menu\" ci-dessus.",
    "provideNameForNewMenu": "Donnez un nom à votre nouveau menu :",
    "provideNewNameForMenu": "Donnez un nouveau nom au menu sélectionné :",
    "selectItemType": "Sélectionnez le type d'élément",
    "selectLinkTarget": "Sélectionnez la cible du lien",
    "showThisMenuItem": "Afficher cet élément de menu",
    "textSeparator": "Séparateur de texte",
    "type": "Type",
    "unassigned": "Non assigné",
    "unselectItem": "Désélectionner"
  },
  "plugins": {
    "addPluginSuccessMessage": "Le plugin a été ajouté",
    "deletePlugin": "Supprimer le plugin",
    "getMorePlugins": "Obtenez plus de plugins",
    "goToPluginsManager": "Allez dans le gestionnaire de plugins",
    "installPlugin": "Installer le plugin",
    "isIncompatible": "Est obsolète",
    "isIncompatibleTitle": "Ce plug-in prend en charge Publii à partir de la version {supportedVersion}, alors que vous utilisez Publii v.{currentVersion} : veuillez mettre à jour Publii pour utiliser ce plugin.",
    "plugin": "plugin:",
    "plugins": "Plugins",
    "removePluginMessage": "Voulez-vous vraiment supprimer le plugin {pluginName} ?",
    "removePluginSuccessMessage": "Le plugin sélectionné a été supprimé",
    "updatedPluginSuccessMessage": "Le plugin sélectionné a été mis à jour",
    "uploadPluginErrorMessage": "Une erreur s'est produite lors de l'installation. Veuillez réessayer."
  },
  "post": {
    "addNewPost": "Ajouter un article",
    "addPostTitle": "Ajouter un titre à l'article",
    "all": "Tout",
    "changePostDate": "Modifier la date de publication",
    "characters": "Caractères",
    "configureThemeBeforeGenaratingPreview": "Un thème doit être sélectionné et configuré pour ce site avant qu'un aperçu de cet article puisse être généré.",
    "currentDefaultTemplate": "Modèle par défaut actuel",
    "customPostTypes": "Types d'articles personnalisés",
    "drafts": "Brouillons",
    "duplicate": "Dupliquer",
    "duplicatePostErrorMessage": "Une erreur s'est produite lors de la duplication des publications sélectionnées. Veuillez réessayer.",
    "duplicatePostSuccessMessage": "Les articles sélectionnés ont été dupliqués",
    "editorBlock": "Éditeur de Blocs",
    "editorBlockInfo": "Un éditeur moderne et intuitif avec prise en charge des raccourcis clavier et de la syntaxe Markdown pour rendre le blogging plus facile, sans avoir à se soucier du HTML ou d'autres éléments de code.",
    "editorBlockNotSupportedEditPostInfo": "Le thème actuel ne prend pas en charge l'éditeur de blocs utilisé dans cet article. Le rendu de cet article pourrait être incorrect dans les fichiers de sortie.",
    "editorBlockNotSupportedNewPostInfo": "Le thème actuel ne prend pas en charge l'éditeur de blocs utilisé dans cet article. Le rendu de cet article pourrait être incorrect dans les fichiers de sortie.",
    "editorBlockUse": "Utiliser l'éditeur de Blocs",
    "editorMarkdown": "Éditeur Markdown",
    "editorMarkdownInfo": "Cet éditeur prend en charge la syntaxe Markdown comme raccourci pour produire du contenu rapidement ; idéal pour les projets étendus et sans fioritures tels que la documentation.",
    "editorMarkdownUse": "Utiliser l'éditeur Markdown",
    "editorWYSIWYG": "Éditeur WYSIWYG",
    "editorWYSIWYGInfo": "Cet éditeur offre une expérience de traitement de texte familière, avec des outils supplémentaires pour les utilisateurs qui souhaitent contrôler chaque aspect du contenu de leur page.",
    "editorWYSIWYGUse": "Utiliser l'éditeur WYSIWYG",
    "editPostAnyway": "Modifier l'article quand même",
    "excluded": "Exclu",
    "excludeFromHomepage": "Exclure de la page d'accueil",
    "featured": "Mis en avant",
    "filterOrSearchPosts": "Filtrer ou rechercher des articles...",
    "hidden": "Caché",
    "hidePost": "Masquer l'article",
    "includeInHomepage": "Inclure dans la page d'accueil",
    "markAsDraft": "Marquer comme brouillon",
    "markAsFeatured": "Mettre en avant",
    "markAsUnfeatured": "Ne plus mettre en avant",
    "min": "mini",
    "modificationDate": "Date de modification",
    "moveToTrash": "Mettre à la corbeille",
    "noPostsMatchingYourCriteria": "Il n'y a pas d'article correspondant à vos critères.",
    "openEditorAnyway": "Ouvrir l'éditeur quand même",
    "paragraphs": "Paragraphes",
    "post": "Article",
    "postAuthor": "Auteur de l'article",
    "postLink": "Lien de l'article",
    "postName": "Nom de l'article :",
    "postPage": "Page de l'article",
    "posts": "articles",
    "postSettings": "Paramètres de l'article",
    "postSlug": "Slug",
    "postSlugLengthWarning": "Les slugs de plus de 250 caractères peuvent entraîner la création de fichiers endommagés lors du rendu du site.",
    "postSlugTooLong": "Le slug est trop long",
    "postState": "Statut de l'article",
    "postStatusChangeSuccessMessage": "Le statut des articles sélectionnés a été modifié",
    "postTemplate": "Modèle d'article",
    "postWillNotAppearOnHomepageListMsg": "la publication n'apparaîtra pas dans les listes d'articles de la page d'accueil",
    "postWillNotAppearOnListMsg": "La publication n'apparaîtra dans aucune des listes d'articles générées telles que les pages d'étiquettes ou d'auteurs",
    "publicationDate": "Date de publication",
    "publish": "Publier",
    "published": "Publié",
    "readingTime": "Temps de lecture",
    "removePostMessage": "Voulez-vous vraiment supprimer les articles sélectionnées ? Cette opération ne peut pas être annulée.",
    "removePostSuccessMessage": "Les articles sélectionnés ont été supprimés",
    "selectPostPage": "Sélectionnez la page d'articles",
    "sentences": "Phrases",
    "setCustomPostDate": "Définir une date de publication personnalisée",
    "status": "Statut",
    "thisPostIsADraft": "Cet article est un brouillon",
    "thisPostIsExcludedFromHomepage": "Cet article est exclu de la page d'accueil",
    "thisPostIsFeatured": "Cet article est mis en avant",
    "thisPostIsHidden": "Cet article est masqué",
    "title": "Titre",
    "trashed": "À la poubelle",
    "uniqueWords": "Mots uniques",
    "updatedOn": "Mis à jour le",
    "url": "URL",
    "words": "Mots"
  },
  "publii": {
    "aboutPublii": "À propos de Publii",
    "currentPubliiVersion": "Version",
    "accept": "J'accepte",
    "copyright": "Copyright 2022 <a href=\"https://tidycustoms.net\" target=\"_blank\" rel=\"noopener noreferrer\">TidyCustoms</a> . Tous les droits sont réservés.<br> Publli est conçu et maintenu par l'équipe principale en coopération avec <a href=\"https://github.com/dziudek\" target=\"_blank\" rel=\"noopener noreferrer\">Dev Zen</a> et est rendu possible grâce le projet <a href=\"https://electronjs.org\" target=\"_blank\" rel=\"noopener noreferrer\">Electron</a> Open Source et d'autres",
    "creditsIntro": "Publii utilise les logiciels Open Source tiers suivants :",
    "dataCollectionInfo": "<strong>Nous ne collectons aucune</strong> donnée personnelle lorsque vous utilisez l'application Publii ; nous ne stockons, ne suivons ni n'autorisons des tiers à collecter des informations personnellement identifiables vous concernant.",
    "homepage": "Page d'accueil",
    "license": "Licence",
    "licensingInformation": "Informations sur la licence",
    "openSourceSoftware": "Logiciels open source",
    "publiiLicenseAgreement": "Contrat de licence Publii.",
    "publiiLicenseAgreementInfo": "Ce logiciel est sous licence GNU GPL version 3.<br> En cliquant sur &quot;Accepter&quot;, vous acceptez les"
  },
  "rendering": {
    "errorDuringPreviewCreatinMsg": "Une erreur s'est produite lors de la création de l'aperçu.",
    "rendering": "Rendu en cours...",
    "renderingErrorText": "Une erreur s'est produite lors du rendu du site.",
    "renderingPleaseWait": "Veuillez patienter jusqu'à la fin du rendu.",
    "selectThemeBeforeCreatingPreviewMsg": "Vous devez sélectionner un thème avant d'essayer de créer un aperçu de votre site. Veuillez vous rendre dans la section des paramètres du site et sélectionnez un thème."
  },
  "settings": {
    "addGDPRCookieBanner": "Ajouter une bannière de cookie RGPD",
    "additionalValidElementsInWYSIWYGEditor": "Éléments valides supplémentaires dans l'éditeur WYSIWYG",
    "additionalValidElementsInWYSIWYGEditorInfo": "Si l'éditeur WYSIWYG supprime automatiquement certaines balises de votre code HTML, vous pouvez les ajouter ici en tant qu'éléments autorisés.<br> Par exemple : <strong>v-select[*],v-dropdown[*]</strong> autorisera les balises v-select et v-dropdown personnalisées avec n'importe quel attribut.",
    "advancedOptions": "Options avancées",
    "advancedPreviewDesc": "L'aperçu avancé vous permet de rendre un site sans ouvrir votre navigateur",
    "alwaysAddIndexHTMLInURLs": "Toujours ajouter index.html dans les URL",
    "alwaysSaveSearchState": "Toujours enregistrer l'état de la recherche",
    "anchorLink": "Lien vers une ancre",
    "appSettings": "Paramètres de l'application",
    "appSettingsSavedMsg": "Les paramètres de l'application ont été enregistrés.",
    "appSettingsSaveErrorMsg": "Une erreur s'est produite lors de l'enregistrement des paramètres de l'application. Veuillez réessayer.",
    "ascending": "Croissant",
    "authorPage": "Page d'auteur",
    "authorPages": "Pages d'auteur",
    "authorPageTitleVariables": "Les variables suivantes peuvent être utilisées dans le titre de la page d'auteur : %authorname, %sitename.",
    "authorPrefix": "Préfixe d'auteur :",
    "authorPrefixInfo": "Définit le préfixe qui apparaît avant le slug d'auteur dans une URL, par exemple <strong>https://example.com/AUTHOR_PREFIX/author-slug</strong> .<br>",
    "authorsPrefixCannotBeEmpty": "Le préfixe des auteurs ne peut pas être vide.",
    "authorsPrefixCannotEqualTagsPrefix": "Le préfixe des auteurs ne peut pas être le même que le préfixe d'étiquettes.",
    "backupLocation": "Emplacement des sauvegardes",
    "backupLocationChangedConfirmMsg": "L'emplacement des sauvegardes a été modifié. Toutes les nouvelles sauvegardes seront stockées dans ce répertoire. Si vous avez besoin d'accéder à des sauvegardes antérieures, elles peuvent être déplacées manuellement vers le nouveau répertoire.",
    "badge": "Badge",
    "badgeAndCustomLink": "Badge + lien personnalisé",
    "badgeLabel": "Libellé du badge",
    "basicSettings": "Paramètres de base",
    "byIDAscending": "Par ID croissant",
    "byIDDescending": "Par ID décroissant",
    "cannotAddIndexHTMLInURLsInfo": "Activez cette option si vous ne pouvez pas charger automatiquement les fichiers index.html lorsqu'un dossier sur votre serveur est ouvert.",
    "cardTypes": "Type de carte :",
    "changeSitesLocationWithoutCopyingFiles": "Modifier l'emplacement des sites sans déplacer les sites existants vers le nouveau catalogue",
    "closePostEditorOnSave": "Fermer l'éditeur d'article lors de l'enregistrement",
    "codeEditor": "Éditeur de code (CodeMirror)",
    "colorTheme": "Thème de couleur",
    "content": "Contenu",
    "cookieGroups": "Groupes de cookies",
    "cookiePopup": "Popup sur les cookies",
    "createXMLSitemap": "Créer un plan de site XML (Sitemap)",
    "currentTheme": "Thème actuel :",
    "customFeedTitle": "Titre du flux personnalisé",
    "customLanguageCode": "Code de langue personnalisé :",
    "darkMode": "Mode sombre",
    "defaultAuthorsOrdering": "Ordre des auteurs par défaut :",
    "defaultOrderingOnLists": "Ordre des listes par défaut :",
    "defaultPostsOrdering": "Ordre des articles par défaut :",
    "defaultTagsOrdering": "Ordre des étiquettes par défaut :",
    "descending": "Décroissant",
    "disableAuthorsPagination": "Désactiver la pagination des auteurs",
    "disableAuthorsPaginationIndexing": "Désactiver l'indexation de la pagination des auteurs",
    "disableAuthorsPaginationIndexingInfo": "Si cette option est activée, vos fichiers de pagination d'auteurs seront exclus du sitemap et auront les balise méta robots <strong> noindex, follow</strong>.",
    "disableAuthorsPaginationInfo": "Si cette option est activée, la pagination de vos auteurs ne sera pas générée.",
    "disableHomepagePaginationIndexing": "Désactiver l'indexation de la pagination de la page d'accueil",
    "disableTagsPagination": "Désactiver la pagination des balises",
    "disableTagsPaginationIndexing": "Désactiver l'indexation de la pagination des balises",
    "disableTagsPaginationIndexingInfo": "Si cette option est activée, vos fichiers de pagination de balises seront exclus du plan du site et les balise méta robots <strong>noindex, follow</strong> seront ajoutées.",
    "disableTagsPaginationInfo": "Si cette option est activée, la pagination de vos étiquettes ne sera pas générée.",
    "displayEmptyAuthors": "Afficher les auteurs sans article",
    "displayEmptyAuthorsInfo": "Si cette option est activée, les auteurs sans article assigné verront toujours leurs sous-pages créées et apparaîtront sur la liste des auteurs.",
    "displayEmptyTags": "Afficher les étiquettes sans article",
    "displayEmptyTagsInfo": "Si cette option est activée, les étiquettes sans article attribué verront toujours leurs sous-pages créées et apparaîtront dans la liste des étiquettes.",
    "dontIndexThisPage": "Demander aux moteurs de recherche de ne pas parcourir tout le site.",
    "editorFontFamily": "Famille de polices",
    "editorFontFamilySansSerif": "Sans empattement (Sans Serif)",
    "editorFontFamilySerif": "Avec empattement (Serif)",
    "editorFontSize": "Taille de la police (px)",
    "editors": "Éditeurs",
    "enableAdvancedPreview": "Activer l'aperçu avancé",
    "enableAMP": "Activer AMP",
    "enableAMPInfo": "AMP (pages mobiles accélérées) crée des pages optimisées pour les mobiles pour votre contenu statique qui s'affichent rapidement.<br/> <strong>Remarque :</strong> lorsque cette option est activée, votre site charge des scripts tiers fournis par le CDN AMP de Google.",
    "enableAutoIndent": "Activer l'indentation automatique",
    "enableCSSCompression": "Activer la compression CSS",
    "enableHTMLCompression": "Activer la compression HTML",
    "enableJSONFeed": "Activer le flux JSON",
    "enableMediaLazyLoad": "Activer le chargement différé des médias",
    "enableMediaLazyLoadInfo": "Activez cette option si vous souhaitez utiliser le chargement différé natif des images, des vidéos et ses iframes.",
    "enableResponsiveImages": "Activer les images 'responsive'",
    "enableResponsiveImagesInfo": "Activez cette option si vous souhaitez fournir des images de différentes tailles à différentes résolutions d'écran en fonction des points d'arrêt définis via le fichier config.json dans le dossier d'un thème.",
    "enableRSSFeed": "Activer le flux RSS",
    "enableSharingButtons": "Activer les boutons de partage",
    "enableSpellchecker": "Activer le correcteur orthographique",
    "errorPage": "Page d'erreur :",
    "errorPageFilenameCannotBeEmpty": "Le nom de fichier de la page d'erreur ne peut pas être vide.",
    "errorPageFilenameCannotEqualSearchPageFilename": "Le nom de fichier de la page d'erreur ne peut pas être le même que le nom de fichier de la page de recherche.,",
    "errorPageTitleVariables": "Les variables suivantes peuvent être utilisées dans le titre de la page d'erreur : %sitename.",
    "excludedFiles": "Fichiers exclus",
    "excludeFeaturedPosts": "Exclure les articles mis en avant",
    "excludeFilesFromSitemapInfo": "Tapez une liste de fichiers ou de dossiers HTML séparés par des virgules à exclure du plan du site.<br> Par exemple : <strong>évitez-ce-fichier.html, évitez-ce-catalogue-aussi</strong>.",
    "experimentalFeaturesWarning": "Nous cherchons toujours des moyens d'améliorer notre application. Cette section contient des fonctionnalités expérimentales conçues pour étendre les fonctionnalités de Publii. Puisqu'elles sont expérimentales, nous ne pouvons pas garantir qu'elles fonctionneront correctement. activez-les à vos risques et périls.",
    "experimentalFeatureAppUiLanguages": "Traductions de l'interface utilisateur de Publii",
    "experimentalFeatureAppUiLanguagesDesc": "Cette fonction vous permet de gérer les traductions de l'interface utilisateur de Publii dans la section 'Langues' qui est disponible dans le menu de l'application (menu à trois points).",
    "experimentalFeatureAppAutoBeautifySourceCode": "Coloration syntaxique du code source dans l'éditeur WYSIWYG",
    "experimentalFeatureAppAutoBeautifySourceCodeDesc": "Cette fonction active la coloration syntaxique du code source dans l'éditeur WYSIWYG",
    "externalImages": "Images externes",
    "externalPage": "Page externe",
    "facebook": "Facebook",
    "facebookAppID": "ID d'application Facebook",
    "facebookAppIDInfo": "Lisez comment obtenir un <a href=\"https://developers.facebook.com/docs/apps/\" target=\"_blank\" rel=\"noopener noreferrer\">ID d'application Facebook</a> .",
    "fallbackImage": "Image de remplacement",
    "fallbackLogoImage": "Image du logo de remplacement",
    "fallbackLogoImageInfo": "Le logo doit tenir dans un format 60 x 600 pixels.",
    "featuredPostsOrderBy": "Articles mis en avant classés par :",
    "featuredPostsOrdering": "Articles mis en avant",
    "feedTitle": "Titre du flux :",
    "filesLocation": "Emplacement des fichiers",
    "footerText": "Texte de pied de page",
    "frontpage": "Page d'accueil",
    "GDPR": "RGPD",
    "gdprBehaviourInfo": "N'oubliez pas de placer un lien avec l'ancre ci-dessus dans la navigation de votre site ou dans le contenu du site (par exemple, &lt;a href=\"#cookie-settings\"&gt;Préférences en matière de cookies&lt;/a&gt;). Sinon, les utilisateurs de votre site pourraient ne pas être en mesure de modifier leurs préférences individuelles en matière de cookies.",
    "gdprTitle": "Titre",
    "generateOpenGraphTags": "Générer des balises Open Graph",
    "generateTwitterCards": "Générer des cartes Twitter",
    "googleAnalyticsTrackingID": "ID de suivi Google Analytics",
    "hiddenPostsOrderBy": "Articles masqués classés par :",
    "hiddenPostsOrdering": "Ordre des articles masqués :",
    "hideCustomExcerptsOnPostPages": "Masquer les extraits personnalisés sur les pages d'articles",
    "hideCustomExcerptsOnPostPagesInfo": "Si cette option est activée, vos pages d'articles n'afficheront pas le texte placé au-dessus de l'élément \"En savoir plus\" dans l'éditeur d'articles.",
    "homepageNoIndexPagination": "Si cette option est activée, les fichiers de pagination de votre page d'accueil seront exclus du plan du site et les balises méta robots <strong>noindex, follow</strong> seront ajoutées.",
    "homepagePagination": "Pagination de la page d'accueil",
    "howToPrepareYourThemeForGDPRInfo": "L'activation du bandeau de cookie RGPD nécessite quelques modifications supplémentaires dans votre thème, en particulier si vous utilisez des scripts tiers. <a href=\"https://getpublii.com/dev/prepare-theme-gdpr-compliant/\" target=\"_blank\" rel=\"noopener noreferrer\">Découvrez comment préparer votre thème pour le RGPD</a> .",
    "imageResizeEngineInfo": "Le moteur de redimensionnement Sharp est beaucoup plus rapide que Jimp, mais peut causer des problèmes avec certaines images. Si vous rencontrez des problèmes lors de la création ou de la régénération des vignettes, essayez de passer au moteur de redimensionnement Jimp. Si vous souhaitez utiliser des images WebP, vous devrez utiliser le moteur de redimensionnement Sharp. Veuillez noter que le moteur de redimensionnement Sharp n'est pas disponible sous Linux.",
    "imagesResizeEngine": "Moteur de redimensionnement des images :",
    "indentSize": "Taille du retrait (espaces)",
    "internalPage": "Page interne",
    "leaveBlankForDefaultBackupsDir": "Laissez vide pour utiliser le répertoire de sauvegardes par défaut",
    "leaveBlankForDefaultPreviewDirectory": "Laissez vide pour utiliser le répertoire d'aperçu par défaut",
    "leaveBlankToUseDefaultPageTitle": "Laissez vide pour utiliser le titre de page par défaut",
    "leaveBlankToUseDefaultSitesDir": "Laissez vide pour utiliser le répertoire de sites par défaut",
    "lightMode": "Mode clair",
    "linkedIn": "LinkedIn",
    "linkLabel": "Libellé du lien",
    "loadAtStart": "Charger au démarrage :",
    "metaDescription": "Meta Description :",
    "metaRobots": "Méta robots :",
    "noIndexWebsite": "Site non indexable",
    "notSelected": "Non séléctionné",
    "numberOfPostsInFeed": "Nombre d'articles dans le flux",
    "openDevtoolsInMainW": "Ouvrir les DevTools dans la fenêtre principale",
    "openGraph": "OpenGraph",
    "openLastUsedWebsite": "Ouvrir le dernier site utilisé",
    "openPopupWindowBy": "Ouvrir la fenêtre Popup en",
    "optionsForDevelopers": "Options pour les développeurs",
    "optionsForEditors": "Options pour les éditeurs",
    "optionsForExperimentalFeatures": "Fonctionnalités expérimentales",
    "ordering": {
      "authorASC": "Par auteur (croissant)",
      "authorDESC": "Par auteur (décroissant)",
      "createdASC": "Par date de création (croissant)",
      "createdDESC": "Par date de création (décroissant)",
      "idASC": "Par ID (croissant)",
      "idDESC": "Par ID (décroissant)",
      "modifiedASC": "Par date de modification (croissant)",
      "modifiedDESC": "Par date de modification (décroissant)",
      "nameASC": "Par nom (croissant)",
      "nameDESC": "Par nom (décroissant)",
      "postsCounterASC": "Par nombre d'articles² (croissant)",
      "postsCounterDESC": "Par nombre d'articles (décroissant)",
      "titleASC": "Par titre (croissant)",
      "titleDESC": "Par titre (décroissant)"
    },
    "pageName": "Nom de la page",
    "pageTitle": "Titre de la page",
    "pageTitleVariables": "Les variables suivantes peuvent être utilisées dans le titre de la page : %posttitle, %sitename, %authorname",
    "paginationPhrase": "Préfixe de pagination :",
    "paginationPhraseCannotBeEmpty": "Le préfixe de pagination ne peut pas être vide.",
    "paginationPhraseInfo": "Définit le réfixe utilisé avant le numéro de page dans une URL, par exemple <strong>https://example.com/tags/tag-slug/page/2</strong> .<br>",
    "password": {
      "alwaysAskForPassword": "Toujours demander le mot de passe",
      "hidePassword": "Masquer le mot de passe",
      "password": "Mot de passe",
      "passwordFieldCantBeEmpty": "Le mot de passe ne peut pas être vide.",
      "showPassword": "Montrer le mot de passe"
    },
    "pinterest": "Pinterest",
    "postCreationDate": "Date de création de l'article",
    "postID": "ID de publication",
    "postModificationDate": "Date de modification de l'article",
    "postPageTitleVariables": "Les variables suivantes peuvent être utilisées dans le titre de la page d'article : %posttitle, %sitename, %authorname.",
    "postsListing": "Liste des articles",
    "postsOrderBy": "Articles classés par :",
    "postsOrdering": "Ordre des articles :",
    "postTile": "Titre de l'article",
    "previewLocation": "Emplacement de l'aperçu",
    "previewLocationChangedConfirmMsg": "L'emplacement de stockage de l'aperçu a été modifié. Notez que les fichiers existants dans ce dossier seront supprimés lors de la génération d'un aperçu de votre site.",
    "privacyPolicyPage": "Politique de confidentialité",
    "privacyPolicyPageURL": "URL de la page de politique de confidentialité",
    "privacyPolicyURL": "URL de la politique de confidentialité",
    "provideFacebookAppID": "Veuillez fournir l'<a href=\"https://developers.facebook.com/docs/apps/\" target=\"_blank\" rel=\"noopener noreferrer\">identifiant de l'application Facebook</a>",
    "random": "Aléatoire",
    "relatedPostsOptions": "Options de publications associées",
    "relatedPostsOptionsInfo": "Lorsque cette option est activée, les publications associées seront extraites de toutes les balises. Lorsque cette option est désactivée, les publications associées ne seront générées qu'à partir des mêmes balises que la publication actuelle.",
    "relatedPostsOrdering": "Ordre des articles liés :",
    "relatedPostsSelectionMechanism": "Mécanisme de sélection des articles liés :",
    "removeHTMLComments": "Supprimer les commentaires HTML",
    "responsiveImagesQuality": "Qualité des images 'responsives'",
    "RSSJSONFeed": "Flux RSS/JSON",
    "saveButtonLabel": "Enregistrer le libellé du bouton",
    "saveSearchStateInfo": "Lorsqu'il est activé, Publii enregistre les résultats de la recherche actuelle même lors de la création d'un nouvel article, vous permettant de revenir à la liste. Par défaut, Publii enregistre uniquement les résultats de la recherche lors de l'ouverture d'un article à modifier.",
    "requiresRestartingApp": "Nécessite un redémarrage de l'application Publii",
    "saveSettings": "Enregistrer les paramètres",
    "searchPage": "Page de recherche :",
    "searchPageFilenameCannotBeEmpty": "Le nom du fichier de la page de recherche ne peut pas être vide.",
    "searchPageTitleVariables": "Les variables suivantes peuvent être utilisées dans le titre de la page de recherche : %sitename.",
    "selectedDirInvalid": "Le répertoire sélectionné n'existe pas.",
    "selectPage": "Sélectionner la page",
    "showFeaturedImage": "Afficher l'image mise en avant",
    "showFeaturedImageInfo": "Afficher l'image mise en avant d'un article dans le flux.",
    "showFullText": "Afficher le texte intégral",
    "showFullTextInFeedInfo": "Afficher le texte intégral de l'article dans le flux.",
    "showModificationDateAsColumn": "Afficher la date de modification sous forme de colonne",
    "showOnlyFeaturedPosts": "Afficher uniquement les articles mis en avant",
    "showPostSlugsOnTheListing": "Afficher les slugs d'article sur la liste",
    "sitemap": "Plan du site",
    "sitemapLinkInfo": "Vous pouvez trouver le sitemap XML ici : <a href=\"{sitemapLink}\" class=\"sitemap-external-link\" target=\"_blank\" rel=\"noopener noreferrer\">sitemap.xml</a>",
    "siteSettings": "Paramètres du site",
    "siteSettingsSaveDuplicateNameErrorMessage": "Le nom de site fourni est déjà utlisé. Veuillez essayer un autre nom de site.",
    "siteSettingsSaveEmptyNameErrorMessage": "Le nom du site ne peut pas être vide. Veuillez entrer un nom de site.",
    "siteSettingsSaveNoKeyringErrorMessage": "Publii ne peut pas enregistrer les paramètres en raison d'un problème avec le logiciel de stockage sécurisé des mots de passe. Redémarrez l'application et réessayez. Si le problème persiste, merci de le signaler à notre équipe via le forum de la communauté.",
    "siteSettingsSaveNoKeyringErrorMessageLinux": "Publii ne peut pas enregistrer les paramètres car aucun logiciel de stockage de mot de passe sécurisé n'est installé. Suivez les instructions d'installation de Node Keytar via https://github.com/atom/node-keytar/ et réessayez. Il est fort probable que les packages libsecret-1-dev et gnome-keyring soient absents de votre système.",
    "siteSettingsSaveSiteNotExistsErrorMessage": "Le site n'existe pas. Veuillez redémarrer l'application.",
    "siteSettingsSaveSuccessMessage": "Les paramètres du site ont été enregistrés.",
    "sitesLocation": "Emplacement des sites",
    "sitesLocationChangedConfirmMsg": "L'emplacement des sites a été modifié. Les fichiers existants dans le nouveau dossier de destination seront supprimés avant que les fichiers de votre site n'y soient déplacés ; voulez-vous continuer ?",
    "spellcheckerDoesNotSupportLanguage": "Le correcteur orthographique ne prend pas en charge la langue sélectionnée pour votre site. Nous vous recommandons de désactiver cette fonctionnalité.",
    "system": "Système",
    "systemColors": "Utiliser les couleurs système",
    "tagPages": "Pages de étiquettes",
    "tagPageTitleVariables": "Les variables suivantes peuvent être utilisées dans le titre de la page d'étiquettes : %tagname, %sitename.",
    "tagPrefix": "Préfixe d'étiquette :",
    "tagPrefixInfo": "Les préfixes saisis ici seront ajoutés avant le slug d'étiquette dans l'URL, par exemple <strong>https://example.com/TAG_PREFIX/tag-slug</strong> .<br> Ce préfixe est également utilisé pour générer la page de liste des étiquettes (si pris en charge dans votre thème) par exemple <strong>https://example.com/TAG_PREFIX/index.html</strong> .",
    "tagsListPage": "Page de la liste des étiquettes",
    "tagsListPageTitleVariables": "Les variables suivantes peuvent être utilisées dans le titre de la page de la liste des étiquettes : %sitename.",
    "tagsPrefixCannotBeEmpty": "Le préfixe des étiquettes ne peut pas être vide si les 'jolies URL' sont activées.",
    "themeDoesNotHaveSupportedFeaturesList": "<p>Le fichier <strong>config.json</strong> de votre thème ne contient pas de section <strong>disabledFeatures</strong> . Veuillez mettre à jour ou modifier votre thème pour inclure des messages précis sur les fonctionnalités qui ne sont pas prises en charge par votre thème actuellement utilisé. <a href=\"https://getpublii.com/dev/theme-supported-features\" target=\"_blank\" rel=\"noopener noreferrer\">En savoir plus sur les fonctionnalités prises en charge</a> .</p>",
    "themeDoesNotSupport404ErrorPage": "Votre thème ne prend pas en charge de page d'erreur 404.",
    "themeDoesNotSupportErrorPages": "Votre thème ne prend pas en charge les pages d'erreur",
    "themeDoesNotSupportSearchPages": "Votre thème ne prend pas en charge les pages de recherche",
    "themeDoesNotSupportTagsListPage": "Votre thème ne prend pas en charge une page de liste d'étiquettes.",
    "themePrimaryColor": "Couleur principale du thème",
    "timeFormat": "Format de l'heure:",
    "toViewSitemapEnableIndexingInfo": "Pour afficher les paramètres du plan du site, veuillez désactiver l'option \"Demander aux moteurs de recherche de ne pas indexer ce site\" dans l'onglet Paramètres SEO ; sinon, le plan du site ne sera pas généré pour votre site.",
    "tumblr": "Tumblr",
    "twitter": "Twitter",
    "twitterCards": "Cartes Twitter",
    "twitterUsername": "nom d'utilisateur Twitter",
    "twitteSummaryCard": "Carte récapitulative",
    "twitteSummaryCardLargeImage": "Carte récapitulative avec grande image",
    "urls": "URL",
    "useAsTitlePageTitle": "Utiliser comme titre pour la page de titre",
    "useAsTitlePageTitleInfo": "Lorsque cette option est activée, les balises méta og:title et twitter:title contiendront le titre de la page au lieu du titre de l'article, du nom de l'étiquette ou du nom de l'auteur.",
    "useGlobalConfiguration": "Utiliser la configuration globale",
    "useOnlyTags": "Utiliser uniquement des étiquettes",
    "useOnlyTitles": "N'utilisez que des titres",
    "usePrettyURLs": "Activer les 'jolies URL'",
    "usePrettyURLsInfo": "Si cette option est activée, vos URL d'article ne contiendront pas le suffixe .html, par exemple, les URL seront modifiées de <strong>https://example.com/article.html</strong> à <strong>https://example.com/article/</strong> .",
    "useSiteGlobalSettings": "Utiliser les paramètres généraux du site",
    "useTitlesAndTags": "Utiliser des titres et des balises",
    "usewideScrollbars": "Utiliser des barres de défilement plus larges",
    "versionParameter": "Paramètre de version",
    "versionParameterInfo": "Ajoute un paramètre de version dans les URL CSS/JS pour ignorer le cache du navigateur. Cette option peut entraîner la synchronisation d'un plus grand nombre de fichiers que d'habitude lors du déploiement.",
    "websiteSpeed": "Vitesse du site",
    "whatsApp": "Whatsapp"
  },
  "site": {
    "addNewWebsite": "Ajouter un site",
    "cloneWebsite": "Cloner le site",
    "cloneWebsiteSuccessMsg": "Le site a été cloné. Vous avez basculé vers :",
    "createNewWebsite": "Créer un nouveau site",
    "createWebsite": "Créer un site",
    "createYourFirstWebsite": "Créez votre premier site",
    "creationInProgress": "Création en cours...",
    "deleteWebsite": "Supprimer le site",
    "deleteWebsiteConfirmMsg": "Voulez-vous vraiment supprimer ce site ? Cette action ne peut pas être annulée.",
    "deleteWebsiteCSuccessMsg": "Le site a été supprimé.",
    "deleteWebsiteSuccessMsg": "Le site a été supprimé. Vous avez basculé vers :",
    "duplicateWebsite": "Dupliquer le site",
    "erroOcurredDuringSiteDatabaseCreationInfo": "Une erreur s'est produite lors de la création de la base de données du site. Veuillez vérifier votre logiciel antivirus et réessayer. Vous devrez peut-être également supprimer le dossier du site invalide du répertoire des sites Publii.",
    "installFromBackup": "Installer à partir d'une sauvegarde",
    "removeWebsite": "Supprimer le site",
    "selectedBackupFile": "Fichier de sauvegarde sélectionné :",
    "siteLoadingErrorMsg": "Une erreur s'est produite lors du chargement du site sélectionné. Veuillez vérifier les fichiers du site et réessayer.",
    "siteName": "Nom du site :",
    "siteSettingsSaveSuccessMsg": "Les paramètres du site ont été enregistrés.",
    "siteWithThisNameExists": "Un site utilisant ce nom existe déjà !",
    "specifyNameForWebsiteDuplicate": "Veuillez spécifier le nouveau nom du site en double :",
    "websiteAuthorRequired": "le nom de l'auteur est obligatoire et doit contenir des lettres",
    "websiteName": "Nom du site",
    "websiteNameAlreadyInUseMsg": "Le nom sélectionné est utilisé par un autre site. Veuillez réessayer.",
    "websiteNameCantBeEmpty": "Le nom du site ne peut pas être vide. Veuillez réessayer.",
    "websiteNameRequired": "Un nom de site est requis",
    "websiteNotFound": "site introuvable"
  },
  "sync": {
    "accessID": "ID d'accès",
    "accessIDFieldCantBeEmpty": "Le champ ID d'accès ne peut pas être vide",
    "acl": "ACL",
    "afterInitialSyncSiteWillBeAvailableOnline": "Après la première synchronisation, votre site sera disponible en ligne",
    "allFilesUploadedPart1": "Tous les fichiers ont été téléchargés avec succès sur votre serveur.",
    "allFilesUploadedPart2": "Visitez votre site en cliquant sur le bouton ci-dessous.",
    "apiRateLimiting": "Limitation du débit de l'API",
    "apiRateLimitingNote": "Désactivez cette option uniquement si vous utilisez Github Enterprise avec une limitation de débit d'API désactivée. Sinon, la désactivation de cette option peut entraîner des erreurs de déploiement.",
    "apiServer": "Serveur API",
    "apiServerNote": "Modifiez cette valeur uniquement si vous utilisez votre propre instance GitHub (édition Enterprise).",
    "authenticationMethod": "Méthode d'authentification",
    "branch": "Branche",
    "branchExampleGitHubNote": "Exemples : <strong>gh-pages</strong> , <strong>docs</strong> ou <strong>main</strong> .",
    "branchExampleGitLabeNote": "Exemples : <strong>docs</strong> , <strong>main</strong> ou <strong>master</strong> .",
    "branchFieldCantBeEmpty": "Le champ de la branche ne peut pas être vide",
    "bucket": "Bucket",
    "bucketFieldCantBeEmpty": "Le champ Bucket ne peut pas être vide",
    "certificates": "Certificats",
    "changeServerType": "Changer le type de serveur",
    "checkingConnection": "Vérification de la connexion...",
    "clickToChangeDeploymentMethod": "Cliquez pour changer la méthode de déploiement actuellement utilisée",
    "configureServer": "Configurer le serveur",
    "connectedToServer": "Connecté au serveur",
    "connectingToServer": "Connexion au serveur...",
    "connectionToServerErrorAdditionalMessage": "Une erreur s'est produite lors de la connexion au serveur :",
    "connectionToServerErrorMessage": "Une erreur s'est produite lors de la connexion au serveur. Veuillez vérifier les paramètres de votre serveur ou réessayez.",
    "connectionToServerErrorText": "Une erreur s'est produite lors de la connexion au serveur...",
    "connectToServerCantStoreFilesErrorMsg": "Erreur ! L'application a pu se connecter à votre serveur mais n'a pas pu stocker de fichiers. Veuillez vérifier les autorisations de fichiers sur votre serveur",
    "connectToServerErrorMsg": "Erreur ! L'application n'a pas pu se connecter à votre serveur.",
    "connectToServerSuccessMsg": "Succès! L'application a pu se connecter à votre serveur.",
    "deploymentMethodFtpMsg": "Le protocole FTP utilise une transmission non cryptée, ce qui signifie que toutes les données qui y sont envoyées, y compris votre nom d'utilisateur et votre mot de passe, peuvent être lues par toute personne susceptible d'intercepter votre transmission. Nous vous recommandons fortement d'utiliser les protocoles FTPS ou SFTP si possible.",
    "deploymentMethodGithubPagesMsg": "Pour des informations détaillées sur la configuration d'un site à l'aide des pages Github, consultez la <a href=\"https://getpublii.com/docs/host-static-website-github-pages.html\" target=\"_blank\" rel=\"noopener noreferrer\">documentation</a> en ligne de Publii.",
    "deploymentMethodGithubPagesNote": "Ce sera votre chemin de dépôt Github, qui doit utiliser le format suivant : <strong>YOUR_USERNAME.github.io/YOUR_REPOSITORY_NAME</strong> .<br> Si vous utilisez un nom de domaine personnalisé, définissez ce champ uniquement sur le nom de domaine personnalisé.",
    "deploymentMethodGitlabPagesMsg": "Pour des informations détaillées sur la configuration d'un site à l'aide des pages GitLab, consultez la <a href=\"https://getpublii.com/docs/host-static-website-gitlab-pages.html\" target=\"_blank\" rel=\"noopener noreferrer\">documentation</a> en ligne de Publii.",
    "deploymentMethodGoogleCloudMsg": "Pour des informations détaillées sur la configuration d'un site à l'aide de Google Cloud, consultez la <a href=\"https://getpublii.com/docs/make-static-website-google-cloud.html\" target=\"_blank\" rel=\"noopener noreferrer\">documentation</a> en ligne de Publii.",
    "deploymentMethodNetlifyMsg": "Pour des informations détaillées sur la configuration d'un site à l'aide de Netlify, consultez la <a href=\"https://getpublii.com/docs/build-a-static-website-with-netlify.html\" target=\"_blank\" rel=\"noopener noreferrer\">documentation</a> en ligne de Publii.",
    "deploymentMethodS3Msg": "Pour des informations détaillées sur la configuration d'un site à l'aide de S3, consultez la <a href=\"https://getpublii.com/docs/setup-static-website-hosting-amazon-s3.html\" target=\"_blank\" rel=\"noopener noreferrer\">documentation</a> en ligne de Publii.",
    "deploymentSettingDatHyperIpfsProtocolNote": "Les protocoles &quot;dat://&quot;, &quot;hyper://&quot;, &quot;dweb://&quot; et &quot;ipfs://&quot; ne sont utiles que si vous envisagez d'utiliser votre site sur des réseaux P2P. En savoir plus sur <a href=\"https://datproject.org/\" target=\"_blank\" rel=\"noopener noreferrer\">dat://</a> , <a href=\"https://hypercore-protocol.org/\" target=\"_blank\" rel=\"noopener noreferrer\">hyper://</a> , <a href=\"https://dwebx.org/\" target=\"_blank\" rel=\"noopener noreferrer\">dweb://</a> et <a href=\"https://ipfs.io/\" target=\"_blank\" rel=\"noopener noreferrer\">IPFS</a>",
    "deploymentSettingDoubleSlashProtocolNote": "Remarque : lors de l'utilisation de \"//\" comme protocole, certaines fonctionnalités telles que les balises Open Graph, les boutons de partage, etc. ne fonctionneront pas correctement.",
    "deploymentSettingFileProtocolNote": "Le protocole \"file://\" n'est utile que si vous utilisez la méthode de déploiement manuel pour les sites Web intranet.",
    "deploymentSettingRelativeUrlsNote": "Remarque : lors de l'utilisation d'URL relatives, certaines fonctionnalités telles que les balises Open Graph, les plans de site (sitemap), les flux RSS, les flux JSON, etc. seront désactivées.",
    "destinationServerNotConfiguredErrorMessage": "Votre site ne peut actuellement pas être synchronisé car le serveur de destination n'a pas été correctement configuré.<br> Vérifiez les paramètres de votre serveur pour vous assurer que les informations correctes ont été saisies.",
    "destinationServerNotConfiguredErrorText": "Assurez-vous que le serveur de destination est correctement configuré.",
    "domainNameNotSetErrorMessage": "Votre site ne peut actuellement pas être synchronisé car les paramètres semblent ne pas avoir de nom de domaine.<br> Vérifiez les paramètres de votre serveur pour vous assurer qu'un nom de domaine a été saisi.",
    "domainNameNotSetErrorText": "Assurez-vous que le nom de domaine est défini.",
    "duringSyncYouCantChangeFilesLocation": "Les emplacements des fichiers ne peuvent pas être modifiés pendant le processus de synchronisation.",
    "fieldIsCaseSensitive": "Ce champ est sensible à la casse.",
    "filesNotSyncedErrorMessage": "Veuillez vérifier le fichier hard-upload-errors-log.txt à l'aide des outils -&gt; Outil de visionneuse de journaux.",
    "filesNotSyncedErrorText": "Certains fichiers n'ont pas été synchronisés correctement.",
    "ftp": "FTP",
    "ftps": "FTPS",
    "ftpWithSSLTLS": "FTP avec SSL/TLS",
    "generatePreviewFiles": "Générer les fichiers du site",
    "getWebsiteFiles": "Obtenir les fichiers du site",
    "githubPages": "Pages Github",
    "githubSyncedPart1": "Les modifications apportées aux pages Github peuvent ne pas être visibles pendant quelques minutes après la fin du déploiement,",
    "githubSyncedPart2": "alors s'il vous plaît soyez patient.",
    "gitlabPages": "Pages Gitlab",
    "gitlabSyncedPart1": "Les modifications apportées aux pages Gitlab peuvent ne pas être visibles pendant quelques minutes après la fin du déploiement,",
    "gitlabSyncedPart2": "alors s'il vous plaît soyez patient.",
    "googleCloud": "Google Cloud",
    "googleCloudPrefixNote": "Votre site peut être placé dans un sous-répertoire. Veuillez éviter d'utiliser des barres obliques au début du nom du préfixe (c'est-à-dire <strong>/blog/</strong> ) - car cela créera un répertoire supplémentaire avec le nom vide. Exemple de préfixe correct : <strong>blog</strong> .",
    "goToAppSettings": "Accédez aux paramètres de l'application",
    "goToSettings": "Aller aux paramètres",
    "keyFile": "Fichier clé",
    "lastRendered": "Dernier rendu",
    "lastSync": "Dernière synchronisation",
    "leaveBlankToUseDefaultOutputDirectory": "Laissez vide pour utiliser le répertoire de sortie par défaut",
    "manualDeployment": "Déploiement manuel",
    "manualOutputFieldCantBeEmpty": "La sélection 'déploiement manuel' ne peut pas être vide",
    "ManualUpload": "Téléchargement manuel",
    "netlify": "Netlify",
    "netlifyToken": "Jeton Netlify",
    "nonCompressedCatalog": "Catalogue non compressé",
    "note": "Note :",
    "operationsDone": "Opérations terminées",
    "outputDirectory": "Répertoire de sortie",
    "outputDirectoryNote": "Publii créera des fichiers de catalogue/fichier {siteName} dans le répertoire sélectionné. S'ils existent, ils seront remplacés par les nouveaux fichiers.",
    "outputType": "Type de sortie",
    "outputTypeNote": "Publii générera un catalogue ou une archive ZIP/TAR de votre site. Ensuite, vous pouvez télécharger manuellement ces fichiers sur n'importe quel serveur de destination.",
    "parallelUploads": "Téléchargements parallèles",
    "parallelUploadsNote": "Des opérations plus parallèles peuvent entraîner des erreurs de téléchargement sur des connexions Internet lentes ou rencontrer une erreur 403 en raison des limites de débit de l'API.",
    "passphraseForKey": "Phrase de passe pour une clé",
    "passphraseForKeyNote": "N'utilisez ce champ que si votre clé nécessite une phrase de passe",
    "port": "Port",
    "portFormatNote": "Le champ du port ne peut pas être vide et doit être un entier positif compris entre 1 et 65535.",
    "prefix": "Préfixe",
    "preparationError": "Erreur de préparation",
    "preparedToUpload": "Prêt à télécharger",
    "preparingFiles": "Préparation des fichiers",
    "previewCatalogDoesNotExistInfo": "Le catalogue d'aperçu n'existe pas. Veuillez accéder aux paramètres de l'application et sélectionner d'abord le bon répertoire d'aperçu.",
    "previewChanges": "Prévisualiser le site",
    "provideAccessData": "Fournissez des données d'accès",
    "provideFTPPasswordFor": "Veuillez fournir le mot de passe FTP pour",
    "provideFTPPasswordForServer": "Veuillez fournir le mot de passe FTP pour le serveur suivant :",
    "region": "Région",
    "regionFieldCantBeEmpty": "La sélection de région ne peut pas être vide",
    "remotePath": "Chemin distant",
    "remotePathMatchServerOrRootPathNote": "Le chemin doit correspondre au chemin de votre serveur, par exemple. public_html/, public_html/blog/ ou le chemin racine, par ex. /home/nom_utilisateur/public_html/.",
    "remotePathMatchServerRootPathNote": "Le chemin doit correspondre au chemin racine de votre serveur, par exemple. /public_html/, /public_html/blog/.",
    "repository": "Dépôt",
    "repositoryFieldCantBeEmpty": "Le champ du référentiel ne peut pas être vide",
    "requireCertificateForConnection": "Exiger un certificat valide pour la connexion",
    "requireFTPPassAlwaysOnSync": "Exiger le mot de passe FTP chaque fois que vous synchronisez votre site",
    "s3CompatibleStorage": "Stockage compatible S3",
    "s3PrefixNote": "Votre site peut être placé dans un sous-répertoire. Veuillez éviter d'utiliser des barres obliques au début du nom du préfixe (c'est-à-dire <strong>/blog/</strong> ) - car cela créera un répertoire supplémentaire avec le nom vide. Exemple de préfixe correct : <strong>blog/</strong> .",
    "s3ProviderEndpoint": "Point de terminaison du fournisseur S3",
    "s3ProviderEndpointNote": "Le point de terminaison personnalisé ne peut pas être vide lorsque \"Utiliser un fournisseur S3 personnalisé\" est coché",
    "secretKey": "Clef secrète",
    "secretKeyFieldCantBeEmpty": "Le champ de la clé secrète ne peut pas être vide",
    "selectServerType": "Sélectionnez le type de serveur :",
    "serverFieldCantBeEmpty": "Le champ du serveur ne peut pas être vide.",
    "serverGitLabNote": "Modifiez cette valeur uniquement si vous utilisez votre propre instance GitLab.",
    "serverSettingsSaveErrorMsg": "Publii ne peut pas enregistrer les paramètres en raison d'un problème avec le logiciel de stockage sécurisé des mots de passe. Redémarrez l'application et réessayez. Si le problème persiste, merci de le signaler à notre équipe via le forum de la communauté.",
    "serverSettingsSaveLinuxErrorMsg": "Publii ne peut pas enregistrer les paramètres car aucun logiciel de stockage de mot de passe sécurisé n'est installé. Suivez les instructions d'installation de Node Keytar via https://github.com/atom/node-keytar/ et réessayez. Il est fort probable que les packages libsecret-1-dev et gnome-keyring soient absents de votre système.",
    "serverSettingsSaveSuccessMsg": "Les paramètres du serveur ont été enregistrés.",
    "settings": "Réglages",
    "sftp": "SFTP",
    "sftpkeyNote": "Veuillez sélectionner le fichier clé",
    "sftpWithKey": "SFTP (avec clé)",
    "sftpWithPassword": "SFTP (avec mot de passe)",
    "siteFieldCantBeEmpty": "Le champ ID du site ne peut pas être vide",
    "siteID": "ID du site",
    "siteIsInSync": "Le site est synchronisé",
    "syncFTPNoPassowrdMsg": "Votre site ne peut pas être synchronisé sans le mot de passe. Veuillez réessayer",
    "syncInProgress": "Synchronisation en cours",
    "syncInProgressMessage": "Pendant le processus de synchronisation, vous ne pouvez pas modifier le nom du site.",
    "syncYourWebsite": "Synchroniser le site",
    "tarArchive": "Archives TAR",
    "testConnection": "Tester la connexion",
    "testConnectionNoPassowrdMsg": "Vous ne pouvez pas tester la connexion sans le mot de passe. Veuillez réessayer",
    "token": "Jeton",
    "tokenFieldCantBeEmpty": "Le champ du jeton ne peut pas être vide",
    "uploadingWebsite": "Site de téléchargement",
    "useCustomS3Provider": "Utiliser un fournisseur S3 personnalisé",
    "useCustomS3ProviderNote": "Remarque : AWS est le fournisseur S3 par défaut. Lorsque vous utilisez un fournisseur alternatif, vous devez remplir le champ \"Point de terminaison du fournisseur S3\".",
    "useFtps": "Utiliser FTP avec SSL/TLS",
    "useRelativeURLs": "Utiliser des URL relatives",
    "username": "Nom d'utilisateur",
    "usernameFieldCantBeEmpty": "Le champ du nom d'utilisateur ne peut pas être vide.",
    "usernameOrganization": "Nom d'utilisateur / Organisation",
    "visitWebsite": "Visiter le site",
    "visitYourWebsite": "Visiter votre site",
    "websiteFilesPreparedInfo": "Les fichiers de votre site ont été préparés. Utilisez le bouton &quot;Obtenir les fichiers du site&quot; ci-dessous<br> pour récupérer vos fichiers afin de les déployer manuellement.",
    "websiteLinkInvalidMsg": "Oups ! Le lien du site semble invalide.",
    "websiteSynchronization": "Synchronisation du site",
    "websiteSynchronizationInfo": "Tous les fichiers ou noms de fichiers en double qui existent déjà dans l'emplacement de destination<br> qui correspondent aux fichiers générés par Publii seront écrasés.",
    "websiteURL": "URL de site",
    "youHaventSelectedAnyThemeInfo": "Vous n'avez sélectionné aucun thème. Veuillez d'abord accéder aux paramètres et sélectionner le thème.",
    "yourJSONKey": "Votre clé JSON",
    "yourJSONKeyFieldCantBeEmpty": "La clé JSON ne peut pas être vide",
    "yourPrivateKey": "Votre clé privée",
    "yourWebsiteIsInSync": "Votre site est maintenant synchronisé",
    "zipArchive": "Archive ZIP"
  },
  "tag": {
    "addNewTag": "Ajouter une étiquette",
    "addThisAsNewTag": "Ajouter ceci comme nouvelle étiquette",
    "createFirstTag": "Vous n'avez pas encore d'étiquette. Créons la première !",
    "editTag": "Modifier l'étiquette",
    "filterOrSearchTags": "Filtrer ou rechercher des étiquettes...",
    "hideTag": "Masquer l'étiquette",
    "leaveBlankToUseDefaultTagPageURL": "Laisser vide pour utiliser une URL de page d'étiquettes par défaut",
    "mainTag": "Étiquette principale",
    "newTagHasBeenCreated": "Une nouvelle étiquette a été créée",
    "noMainTagForPostMsg": "Si la publication contient des étiquettes mais qu'aucune étiquette principale n'a été définie, la première étiquette par ordre alphabétique sera utilisée par défaut.",
    "noSupportFoFeaturedImagesForTags": "Votre thème ne prend pas en charge les images mises en avant pour les étiquettes.",
    "noTagsAvailable": "Aucune étiquette disponible",
    "noTagsMatchingYourCriteria": "Aucune étiquette ne correspond à vos critères.",
    "removeTagMessage": "Voulez-vous vraiment supprimer les étiquettes sélectionnées ?",
    "removeTagSuccessMessage": "Les étiquettes sélectionnées ont été supprimées",
    "saveAndPreviewNotAvailableDueToNoSupportForTagPagesInTheme": "L'option \"Enregistrer et prévisualiser\" n'est pas disponible car votre thème ne prend pas en charge les pages d'étiquettes.",
    "selectTag": "Sélectionner l'étiquette",
    "selectTagPage": "Sélectionner la page d'étiquettes",
    "tag": "Étiquette",
    "tagDataParsingErrorMessage": "Une erreur s'est produite lors de l'analyse des données d'étiquette pour l'ID :",
    "tagHasBeenEdited": "L'étiquette a été modifiée",
    "tagIsNotAllowed": "Cette étiquette n'est pas autorisée",
    "tagLink": "Lien de l'étiquette",
    "tagName": "Nom de l'étiquette :",
    "tagNameCannotBeEmptyErrorMessage": "Le nom de l'étiquette ne peut pas être vide. Veuillez saisir un nom d'étiquette.",
    "tagNameInUseErrorMessage": "Le nom d'étiquette fourni est en cours d'utilisation. Veuillez essayer un autre nom d'étiquette.",
    "tagNameNotAllowedErrorMessage": "Le nom d'étiquette/slug sélectionné n'est pas autorisé.",
    "tagNameSimilarInUseErrorMessage": "Le nom d'étiquette fourni est en cours d'utilisation ; les noms d'étiquette ne sont pas sensibles à la casse. Veuillez essayer un autre nom de balise.",
    "tagPage": "Marquer la page",
    "tagsListLink": "Lien vers la liste des étiquettes",
    "tagStatusChangeSuccessMessage": "L'état des étiquettes sélectionnées a été modifié",
    "tagWillNotAppearInGgeneratedTagLists": "L'étiquette n'apparaîtra dans aucune liste d'étiquettes générée, telle que les pages d'articles ou d'étiquettes.",
    "thisTagIsHidden": "Cette étiquette est masquée",
    "toUseThisOptionEnableIndexingTagPages": "Pour utiliser cette option, activez d'abord l'indexation des pages d'étiquette dans les paramètres SEO."
  },
  "theme": {
    "addThemeSuccessMessage": "Le thème a été ajouté avec succès.",
    "authorsPostsPerPage": "Articles d'auteurs par page :",
    "authorsPostsPerPageInfo": "Utilisez -1 comme valeur si vous devez afficher tous les articles d'auteurs sur la page.",
    "changeAppTheme": "Changer le thème de l'application",
    "customSettings": "Paramètres personnalisés",
    "defaultPostTemplate": "Modèle de Post par défaut",
    "defaultTemplate": "Modèle par défaut",
    "deleteTheme": "Supprimer le thème",
    "dropYourThemeHere": "Déposez votre thème ici",
    "excerptLength": "Longueur de l'extrait :",
    "getMoreThemes": "Obtenez plus de thèmes",
    "goToThemesManager": "Aller au gestionnaire de thèmes",
    "installTheme": "Ajouter un thème",
    "leaveBlankToUseDefault": "Laisser vide pour utiliser la valeur par défaut",
    "postOptions": "Options de publication",
    "postOptionsInfo": "La section Options de publication vous permet de définir des options globales pour les informations supplémentaires à inclure dans vos articles. Les modifications apportées dans cette section affecteront tous les articles de votre site, mais vous pouvez également remplacer les paramètres de l'application sur l'écran de modification des articles pour chaque article individuel si nécessaire.",
    "postsPerPage": "Articles par page :",
    "postsPerPageInfo": "Utilisez -1 comme valeur si vous devez afficher tous les articles sur la page.",
    "removeThemeMessage": "Voulez-vous vraiment supprimer le thème {themeName} ?",
    "removeThemeSuccessMessage": "Le thème a été supprimé avec succès.",
    "resetThemeSettings": "Réinitialiser les paramètres du thème",
    "saveSettingsSuccessMessage": "Les paramètres du thème ont été enregistrés.",
    "selectTheme": "Sélectionner un thème",
    "settingsResetMessage": "Voulez-vous vraiment réinitialiser les paramètres du thème ?",
    "settingsResetSuccessMessage": "Les paramètres du thème ont été réinitialisés.",
    "tagsPostsPerPage": "Balises publications par page :",
    "tagsPostsPerPageInfo": "Utilisez -1 comme valeur si vous devez afficher tous les articles d'étiquettes sur la page.",
    "themes": "Thèmes",
    "themeSettings": "Réglage des thèmes",
    "translations": "Traductions",
    "translationsInfo": "Si vous avez besoin de traduire des phrases thématiques dans des langues autres que l'anglais, veuillez consulter notre documentation concernant l' <a href=\"https://getpublii.com/dev/translations-api/\" target=\"_blank\" rel=\"noopener noreferrer\">API de traduction</a><br><br>",
    "updateThemeSuccessMessage": "Le thème a été mis à jour avec succès.",
    "uploadThemeErrorMessage": "Les fichiers téléchargés sont incorrects. Veuillez télécharger un répertoire de thème ou un fichier ZIP de thème.",
    "websiteLogo": "Logo du site :"
  },
  "tools": {
    "css": {
      "customCSS": "CSS personnalisé",
      "customCSSSaveSuccessMsg": "Le CSS personnalisé a été enregistré avec succès.",
      "normal": "Normal",
      "putCustomCSSAMPComment": "Mettez votre code CSS personnalisé ici (il ne sera utilisé qu'en mode AMP)",
      "putCustomCSSComment": "Mettez votre code CSS personnalisé ici"
    },
    "customHTML": "HTML personnalisé",
    "find": "Rechercher :",
    "findAndReplace": "Rechercher et remplacer:",
    "findAndReplaceShortcut": "Ctrl + Alt + F",
    "findAndReplaceShortcutMac": "Commande + Alt + F",
    "findShortcut": "Ctrl + F",
    "findShortcutMac": "Commande + F",
    "goToTools": "Aller aux outils",
    "logFileEmpty": "Le fichier journal est vide...",
    "logViewer": "Visionneuse de journaux",
    "pluginActivationError": "Impossible d'activer le plugin - veuillez réessayer",
    "pluginDeactivationError": "Impossible de désactiver le plugin - veuillez réessayer",
    "selectFileToLoad": "Sélectionnez le fichier à charger",
    "thumbnails": {
      "listRegeneratedFiles": "Liste des fichiers régénérés :",
      "processingRegenerateThumbanilsInfo": "Appuyez sur le bouton Regénérer les vignettes pour commencer à générer de nouvelles images aux tailles définies par votre nouveau thème.",
      "progress": "Avancement :",
      "regenerateThumbnails": "Regénérer les vignettes",
      "regenerateThumbnailsInfo": "Si vous avez changé de thème ou rencontrez des problèmes avec vos images 'responsive', vous pouvez les regénérer à l'aide du bouton ci-dessous. Cela peut prendre un certain temps si votre site contient beaucoup d'images, alors soyez patient(e).",
      "regenerateThumbnailsNotNecessaryInfo": "Actuellement, vous n'avez pas sélectionné de thème pour ce site. La régénération des vignettes n'est pas nécessaire.",
      "regeneratingThumbnails": "Régénération des vignettes...",
      "skipRegeneration": "Ignorer la régénération",
      "themeOrThumbnailsSettingsChanged": "Vos paramètres de thème ou de miniature ont été modifiés.",
      "thumbnailsCreated": "Toutes les vignettes ont été créées.",
      "thumbnailsRegenerationCancelled": "Régénération des vignettes annulée."
    },
    "wpImport": {
      "addTagsToContentAutomaticallty": "Ajouter automatiquement les balises <p> et <br> au contenu des articles",
      "categories": "Catégories",
      "checkingWXRFile": "Vérification du fichier WXR sélectionné",
      "contentFormatting": "Mise en forme du contenu :",
      "duringWXRAnalyzeWeHaveFound": "Au cours de l'analyse WXR, nous avons trouvé",
      "importAuthors": "Importer les auteurs",
      "importData": "Importer les données",
      "importingData": "Import des données en cours",
      "importNote": "Les articles seront importés dans un format compatible avec l'éditeur WYSIWYG.",
      "importSelectedTypesOfPosts": "Importer les types de publication sélectionnés :",
      "pages": "pages",
      "postAuthors": "Auteurs d'articles",
      "selectWXRFileLabel": "Veuillez sélectionner le fichier WXR :",
      "selectWXRFilePlaceholder": "Sélectionnez un fichier WXR à importer",
      "usedTaxonomyForPosts": "Taxonomie utilisée pour les articles :",
      "useMainAuthor": "Utiliser l'auteur principal de Publii",
      "wpImporter": "Importateur WP",
      "wpImportGoToRegenerateMsg": "Vos données WordPress ont été importées. La régénération des vignettes peut être nécessaire si vous avez déjà sélectionné un thème."
    }
  },
  "toolsPlugin": {
    "pluginSettingsLoadError": "Une erreur s'est produite lors du chargement des paramètres du plugin",
    "pluginSettingsSaveSuccess": "Les paramètres du plugin ont été enregistrés",
    "pluginSettingsSaveError": "Une erreur s'est produite lors de l'enregistrement des paramètres du plugin",
    "tabsLabel": "Paramètres des plugins",
    "thisPluginHasNoOptions": "Ce plugin n'a pas d'option supplémentaire..."
  },
  "ui": {
    "aboutPublii": "À propos de Publii",
    "alternativeText": "Texte alternatif",
    "AMP": "AMP",
    "appConfiguration": "Paramétrage des applications",
    "applyChanges": "Appliquer les modifications",
    "authors": "Auteurs",
    "backToTools": "Retour aux outils",
    "backToPosts": "Retour aux articles",
    "basicInformation": "Informations",
    "beautifyCode": "Coloration syntaxique du code",
    "cancel": "Annuler",
    "cancelPostWarningMsg": "Vous allez perdre toutes les modifications non enregistrées. Voulez-vous continuer ?",
    "canonicalURL": "URL canonique",
    "caption": "Légende",
    "checkDocumentation": "Consulter la documentation Publii",
    "close": "Fermer",
    "copyToClipboard": "Copier dans le presse-papier",
    "credits": "Crédits",
    "customLink": "Lien personnalisé",
    "customTemplate": "Modèle personnalisé",
    "delete": "Supprimer",
    "description": "Description",
    "donate": "Faire un don",
    "edit": "Éditer",
    "featuredImage": "Image mise en avant",
    "fillAllRequiredFields": "Veuillez remplir tous les champs obligatoires",
    "frontpageLink": "Lien vers la page d'accueil",
    "githubRepository": "Référentiel Github",
    "goBack": "Retour",
    "goToPluginCustomOptions": "Masquer les options supplémentaires",
    "goToPluginStandardOptions": "Afficher les options supplémentaires",
    "help": "Aide",
    "hide": "Cacher",
    "hideThisNotification": "Masquer cette notification",
    "id": "Id",
    "ifCanonicalURLIsSetMmetaRobotsTagiInored": "Si les URL canoniques sont activées, la balise meta robots est ignorée.",
    "indexFollow": "index, follow",
    "indexNofollow": "index, nofollow",
    "iUnderstand": "OK, je comprends",
    "lastModified": "Dernière modification",
    "leaveBlankToUseDefaultPageTitle": "Laisser vide pour utiliser le titre de page par défaut",
    "linkTarget": "Cible du lien",
    "loading": "Chargement...",
    "menus": "Menus",
    "metaDescription": "Meta Description",
    "metaRobotsIndex": "Meta robots Index",
    "minimize": "Minimiser",
    "more": "Autre",
    "moreInformationOnPublii": "Plus d'informations sur Publii",
    "moreItems": "Plus d'articles",
    "name": "Nom",
    "newWindow": "Nouvelle fenetre",
    "noindexFollow": "noindex, follow",
    "noindexNofollow": "noindex, nofollow",
    "none": "Aucun",
    "notAvailableInYourTheme": "Non disponible dans votre thème",
    "notSet": "Pas encore défini",
    "of": "de",
    "ok": "OK",
    "otherOptions": "Autres options",
    "pages": "pages",
    "pageTitle": "Titre de la page",
    "pleaseFillAllRequiredFields": "Veuillez remplir tous les champs obligatoires",
    "posts": "Articles",
    "preview": "Aperçu",
    "previewFrontPageOnly": "Aperçu de la page d'accueil uniquement",
    "previewFullWebsite": "Aperçu du site complet",
    "publiiOnGithub": "Voir Publii sur Github",
    "publishAndClose": "Publier et fermer",
    "publishPost": "Publier l'article",
    "renderFrontPageOnly": "Afficher la page d'accueil uniquement",
    "renderFullWebsite": "Rendre le site complet",
    "reportBugInSupportdesk": "Signaler un bug",
    "reportIssue": "Signaler un problème",
    "sameWindow": "La même fenêtre",
    "save": "Enregistrer",
    "saveAndClose": "Enregistrer et fermer",
    "saveAndPreview": "Enregistrer et prévisualiser",
    "saveAndRender": "Enregistrer et rendre",
    "saveAsDraft": "Enregistrer comme brouillon",
    "saveChanges": "Enregistrer",
    "saveDraft": "Enregistrer le brouillon",
    "saveDraftAndClose": "Enregistrer le brouillon et fermer",
    "search": "Rechercher...",
    "selectOption": "Sélectionnez l'option",
    "selectWebsite": "Sélectionnez un site",
    "seo": "Référencement",
    "server": "Serveur",
    "show": "Montrer",
    "slug": "Slug",
    "supportPublii": "Soutenez Publii et faites un don aujourd'hui !",
    "tags": "Étiquettes",
    "theme": "Thème",
    "tools": "Outils et plugins",
    "unhide": "Afficher",
    "uploadInProgress": "Téléchargement en cours..."
  }
}