{
  "Action": "Action",
  "Activity": "Activité",
  "Address": "Adresse",
  "Advanced": "Avancé",
  "Align": "Aligner",
  "Align center": "Centrer",
  "Align left": "Aligner à gauche",
  "Align right": "Aligner à droite",
  "Alignment": "Alignement",
  "All": "Tout",
  "Alternative source": "Source alternative",
  "Alternative source URL": "URL source alternative",
  "Anchor": "Ancre",
  "Anchor...": "Ancre...",
  "Anchors": "Ancres",
  "Animals and Nature": "Animaux et Nature",
  "Arrows": "Flèches",
  "B": "B",
  "Background color": "Couleur d'arrière plan",
  "Black": "Noir",
  "Block": "Bloquer",
  "Blockquote": "Citation",
  "Blue": "Bleu",
  "Body": "Corps",
  "Bold": "Gras",
  "Border": "Contours",
  "Border color": "Couleur du contour",
  "Border style": "Style de traits",
  "Border width": "Epaisseur du contour",
  "Bottom": "Bas",
  "Browse for an image": "Rechercher une image",
  "Bullet list": "Liste à puces",
  "Cancel": "Annuler",
  "Capitalization": "Mise en majuscules",
  "Caption": "Légende",
  "Cell": "Cellule",
  "Cell padding": "Marge interne des cellules",
  "Cell properties": "Propriétés des cellules",
  "Cell spacing": "Espacement des cellules",
  "Cell type": "Type de cellule",
  "Center": "Centrer",
  "Characters": "Caractères",
  "Characters (no spaces)": "Caractères (sans espaces)",
  "Circle": "Cercle",
  "Class": "Class",
  "Clear formatting": "Supprimer la mise en forme",
  "Close": "Fermer",
  "Code": "Code",
  "Code sample": "Exemple de code",
  "Color": "Couleur",
  "Color Picker": "Sélecteur de couleur",
  "Color swatch": "Nuancier",
  "Cols": "Colonnes",
  "Column": "Colonne",
  "Column group": "Groupe de colonnes",
  "Constrain proportions": "Conserver les proportions",
  "Copy": "Copie",
  "Copy row": "Copier la ligne",
  "Could not find the specified string.": "Impossible de trouver la chaîne spécifiée.",
  "Could not load emoticons": "Impossible de charger les émoticônes",
  "Count": "Nombre d'éléments",
  "Currency": "Monnaie",
  "Current window": "Fenêtre courante",
  "Custom color": "Couleur personnalisée",
  "Custom...": "Personnalisé...",
  "Cut": "Couper",
  "Cut row": "Couper la ligne",
  "Dark Blue": "Bleu foncé",
  "Dark Gray": "Gris foncé",
  "Dark Green": "Vert foncé",
  "Dark Orange": "Orange foncé",
  "Dark Purple": "Violet foncé",
  "Dark Red": "Rouge foncé",
  "Dark Turquoise": "Turquoise foncé",
  "Dark Yellow": "Jaune foncé",
  "Date/time": "Date/heure",
  "Decrease indent": "Diminuer le retrait",
  "Default": "Par défaut",
  "Delete column": "Supprimer la colonne",
  "Delete row": "Supprimer la ligne",
  "Delete table": "Supprimer le tableau",
  "Dimensions": "Dimensions",
  "Disc": "Disque",
  "Div": "Div",
  "Document": "Document",
  "Document properties": "Propriétés du document",
  "Drop an image here": "Déposez une image ici",
  "Edit": "Modifier",
  "Edit image": "Modifier l'image",
  "Embed": "Intégrer",
  "Emoticons": "Émoticônes",
  "Emoticons...": "Émoticônes...",
  "Error": "Erreur",
  "Extended Latin": "Latin étendu",
  "Failed to upload image: {0}": "Impossible de charger l'image : {0}",
  "Find": "Rechercher",
  "Find and replace": "Rechercher et remplacer",
  "Find and replace...": "Rechercher et remplacer...",
  "Find whole words only": "Rechercher les mots entiers uniquement",
  "Finish": "Terminer",
  "Flags": "Drapeaux",
  "Font": "Polices",
  "Font Sizes": "Tailles de police",
  "Fonts": "Polices",
  "Food and Drink": "Nourriture et Boisson",
  "Footer": "Pied de page",
  "Format": "Format",
  "Format Painter": "Reproduire la mise en forme",
  "Formats": "Formats",
  "Fullscreen": "Plein écran",
  "G": "G",
  "General": "Général",
  "Gray": "Gris",
  "Green": "Vert",
  "H Align": "Alignement horizontal",
  "Header": "En-tête",
  "Header 1": "Titre 1",
  "Header 2": "Titre 2",
  "Header 3": "Titre 3",
  "Header 4": "Titre 4",
  "Header 5": "Titre 5",
  "Header 6": "Titre 6",
  "Header cell": "Cellule d'en-tête",
  "Headers": "En-têtes",
  "Heading 1": "Titre 1",
  "Heading 2": "Titre 2",
  "Heading 3": "Titre 3",
  "Heading 4": "Titre 4",
  "Heading 5": "Titre 5",
  "Heading 6": "Titre 6",
  "Headings": "Rubriques",
  "Height": "Hauteur",
  "Help": "Aide",
  "Horizontal line": "Ligne horizontale",
  "Horizontal space": "Espace horizontal",
  "Id": "Id",
  "Id should start with a letter, followed only by letters, numbers, dashes, dots, colons or underscores.": "L'identifiant doit commencer par une lettre, suivie uniquement de lettres, de chiffres, de tirets, de points, de deux-points ou de traits de soulignement.",
  "Ignore": "Ignorer",
  "Ignore all": "Ignorer tout",
  "Image": "Image",
  "Image description": "Description de l'image",
  "Image list": "Liste d'images",
  "Image options": "Propriétés de l'image",
  "Image title": "Titre de l'image",
  "Image...": "Image...",
  "Increase indent": "Augmenter le retrait",
  "Inline": "En ligne",
  "Insert": "Insertion",
  "Insert column after": "Insérer une colonne après",
  "Insert column before": "Insérer une colonne avant",
  "Insert date/time": "Insérer la date/l'heure",
  "Insert image": "Insérer une image",
  "Insert link": "Insérer un lien hypertexte",
  "Insert row after": "Insérer une ligne après",
  "Insert row before": "Insérer une ligne avant",
  "Insert table": "Insérer un tableau",
  "Insert video": "Insérer une vidéo",
  "Insert/Edit Link": "Insérer/Modifier un Lien",
  "Insert/edit iframe": "Insérer/modifier une iframe",
  "Insert/edit image": "Insérer/modifier une image",
  "Insert/edit link": "Insérer/modifier un lien",
  "Insert/edit media": "Insérer/modifier un média",
  "Insert/edit video": "Insérer/modifier une vidéo",
  "Italic": "Italique",
  "Justify": "Justifier",
  "Keyboard Navigation": "Navigation au clavier",
  "Language": "Langue",
  "Left": "Gauche",
  "Left to right": "De gauche à droite",
  "Light Blue": "Bleu clair",
  "Light Gray": "Gris clair",
  "Light Green": "Vert clair",
  "Light Purple": "Violet clair",
  "Light Red": "Rouge clair",
  "Light Yellow": "Jaune clair",
  "Link": "Lien hypertexte",
  "Link list": "Liste de liens hypertexte",
  "Link...": "Lien hypertexte...",
  "Loading emoticons...": "Chargement des émoticônes...",
  "Lower Alpha": "Lettres en minuscules",
  "Lower Greek": "Lettres grecques en minuscules",
  "Lower Roman": "Chiffres romains en minuscules",
  "Match case": "Respecter la casse",
  "Mathematical": "Mathématique",
  "Media": "Média",
  "Media poster (Image URL)": "Vignette (URL de l'image)",
  "Media...": "Média...",
  "Medium Blue": "Bleu moyen",
  "Medium Gray": "Gris moyen",
  "Medium Purple": "Violet moyen",
  "Merge cells": "Fusionner les cellules",
  "Middle": "Milieu",
  "Midnight Blue": "Bleu nuit",
  "More...": "Suite...",
  "Name": "Nom",
  "Navy Blue": "Bleu marine",
  "New window": "Nouvelle fenêtre",
  "Next": "Suivant",
  "No": "Non",
  "No color": "Aucune couleur",
  "Nonbreaking space": "Espace insécable",
  "None": "Aucun",
  "Numbered list": "Liste numérotée",
  "OR": "OU",
  "Objects": "Objets",
  "Ok": "Ok",
  "Open help dialog": "Ouvrir la fenêtre d'aide",
  "Open link in...": "Ouvrir le lien dans...",
  "Orange": "Orange",
  "Page break": "Saut de page",
  "Paragraph": "Paragraphe",
  "Paste": "Coller",
  "Paste as text": "Coller en tant que texte",
  "Paste or type a link": "Coller ou saisir un lien",
  "Paste row after": "Coller la ligne après",
  "Paste row before": "Coller la ligne avant",
  "Paste your embed code below:": "Collez votre code d'intégration ci-dessous :",
  "People": "Personnes",
  "Permanent Pen Properties": "Propriétés permanentes du stylo",
  "Permanent pen properties...": "Propriétés permanentes du stylo...",
  "Poster": "Poster",
  "Powered by {0}": "Propulsé par {0}",
  "Pre": "Pre",
  "Preferences": "Préférences",
  "Preformatted": "Préformaté",
  "Prev": "Précédent",
  "Preview": "Aperçu",
  "Previous": "Précédent",
  "Print": "Imprimer",
  "Print...": "Imprimer...",
  "Purple": "Violet",
  "Quotations": "Citations",
  "R": "R",
  "Red": "Rouge",
  "Redo": "Rétablir",
  "Remove color": "Supprimer la couleur",
  "Remove link": "Supprimer le lien",
  "Replace": "Remplacer",
  "Replace all": "Remplacer tout",
  "Replace with": "Remplacer par",
  "Restore last draft": "Restaurer le dernier brouillon",
  "Rich Text Area. Press ALT-0 for help.": "Zone de texte enrichi. Appuyez sur ALT-0 pour obtenir de l'aide.",
  "Rich Text Area. Press ALT-F9 for menu. Press ALT-F10 for toolbar. Press ALT-0 for help": "Zone de texte enrichi. Appuyez sur ALT-F9 pour ouvrir le menu. Appuyez sur ALT-F10 pour la barre d'outils. Appuyez sur ALT-0 pour obtenir de l'aide",
  "Right": "Droite",
  "Right to left": "De droite à gauche",
  "Row": "Ligne",
  "Row group": "Groupe de lignes",
  "Row properties": "Propriétés de la ligne",
  "Row type": "Type de ligne",
  "Rows": "Lignes",
  "Save": "Enregistrer",
  "Scope": "Périmètre",
  "Search": "Rechercher",
  "Select all": "Sélectionner tout",
  "Select...": "Sélectionner...",
  "Selection": "Sélection",
  "Shortcut": "Raccourci",
  "Show caption": "Afficher la légende",
  "Show invisible characters": "Afficher les caractères invisibles",
  "Size": "Taille",
  "Source": "Source",
  "Source code": "Code source",
  "Special character": "Caractère spécial",
  "Special character...": "Caractère spécial...",
  "Spellcheck": "Vérification orthographique",
  "Split cell": "Fractionner la cellule",
  "Square": "Carré",
  "Strikethrough": "Barré",
  "Style": "Style",
  "Subscript": "Indice",
  "Superscript": "Exposant",
  "Switch to or from fullscreen mode": "Basculer vers ou depuis le mode plein écran",
  "Symbols": "Symboles",
  "System Font": "Police Système",
  "Table": "Tableau",
  "Table of Contents": "Table des matières",
  "Table properties": "Propriétés du tableau",
  "Target": "Cible",
  "Text": "Texte",
  "Text color": "Couleur du texte",
  "Text to display": "Texte à afficher",
  "The URL you entered seems to be an email address. Do you want to add the required mailto: prefix?": "L'URL que vous avez saisie ressemble à une adresse e-mail. Voulez-vous ajouter le préfixe nécessaire mailto: ?",
  "The URL you entered seems to be an external link. Do you want to add the required http:// prefix?": "L'URL que vous avez saisie ressemble à un lien externe. Voulez-vous ajouter le préfixe nécessaire http:// ?",
  "Title Case": "Casse du titre",
  "To open the popup, press Shift+Enter": "Pour ouvrir la popup, appuyez sur Maj + Entrée",
  "Tools": "Outils",
  "Top": "Haut",
  "Travel and Places": "Voyages et lieux",
  "Turquoise": "Turquoise",
  "UPPERCASE": "MAJUSCULE",
  "Underline": "Souligner",
  "Undo": "Annuler",
  "Update": "Mettre à jour",
  "Upload": "Télécharger",
  "Upper Alpha": "Lettres en majuscules",
  "Upper Roman": "Chiffres romains en majuscules",
  "Url": "URL",
  "User Defined": "Défini par l'utilisateur",
  "V Align": "Alignement Vertical",
  "Valid": "Valide",
  "Version": "Version",
  "Vertical space": "Espacement vertical",
  "View": "Vue",
  "Warn": "Attention",
  "White": "Blanc",
  "Whole words": "Mots entiers",
  "Width": "Largeur",
  "Word count": "Nombre de mots",
  "Words": "Mots",
  "Words: {0}": "Mots : {0}",
  "Yellow": "Jaune",
  "Yes": "Oui",
  "You have unsaved changes are you sure you want to navigate away?": "Certaines modifications ne sont pas enregistrées, êtes-vous sûr(e) de vouloir quitter ?",
  "alignment": "alignement",
  "comments": "commentaires",
  "example": "exemple",
  "formatting": "mise en forme",
  "history": "historique",
  "indentation": "indentation",
  "lowercase": "minuscule",
  "permanent pen": "stylo permanent",
  "styles": "styles",
  "{0} characters": "{0} caractères",
  "{0} words": "{0} mots"
}