{
    "Action": "Действие",
    "Activity": "Активность",
    "Address": "Адрес",
    "Advanced": "Дополнительно",
    "Align": "Выравнивание",
    "Align center": "Выровнять по центру",
    "Align left": "Выровнять влево",
    "Align right": "Выровнять вправо",
    "Alignment": "Выравнивание",
    "All": "Все",
    "Alternative source": "Альтернативный источник",
    "Alternative source URL": "URL альтернативного источника",
    "Anchor": "Якорь",
    "Anchor...": "Якорь...",
    "Anchors": "Якори",
    "Animals and Nature": "Животные и природа",
    "Arrows": "Стрелки",
    "B": "B",
    "Background color": "Цвет фона",
    "Black": "Чёрный",
    "Block": "Блок",
    "Blockquote": "Цитата",
    "Blue": "Синий",
    "Body": "Тело",
    "Bold": "Жирный",
    "Border": "Граница",
    "Border color": "Цвет границы",
    "Border style": "Стиль границы",
    "Border width": "Толщина границы",
    "Bottom": "Нижний",
    "Browse for an image": "Выбрать изображение",
    "Bullet list": "Маркированный список",
    "Cancel": "Отмена",
    "Capitalization": "Регистр",
    "Caption": "Заголовок",
    "Cell": "Ячейка",
    "Cell padding": "Внутреннее поле ячейки",
    "Cell properties": "Свойства ячейки",
    "Cell spacing": "Интервал между ячейками",
    "Cell type": "Тип ячейки",
    "Center": "Центр",
    "Characters": "Символы",
    "Characters (no spaces)": "Символы (без пробелов)",
    "Circle": "Круг",
    "Class": "Класс",
    "Clear formatting": "Очистить форматирование",
    "Close": "Закрыть",
    "Code": "Код",
    "Code sample": "Пример кода",
    "Color": "Цвет",
    "Color Picker": "Выбор цвета",
    "Color swatch": "Образец цвета",
    "Cols": "Столбцы",
    "Column": "Столбец",
    "Column group": "Группа столбцов",
    "Constrain proportions": "Сохранить пропорции",
    "Copy": "Копировать",
    "Copy row": "Скопировать строку",
    "Could not find the specified string.": "Не удалось найти указанную строку.",
    "Could not load emoticons": "Не удалось загрузить смайлики",
    "Count": "Подсчёт",
    "Currency": "Валюта",
    "Current window": "Текущее окно",
    "Custom color": "Пользовательский цвет",
    "Custom...": "Настраиваемый...",
    "Cut": "Вырезать",
    "Cut row": "Вырезать строку",
    "Dark Blue": "Тёмно-синий",
    "Dark Gray": "Тёмно-серый",
    "Dark Green": "Тёмно-зелёный",
    "Dark Orange": "Тёмно-оранжевый",
    "Dark Purple": "Тёмно-фиолетовый",
    "Dark Red": "Тёмно-красный",
    "Dark Turquoise": "Тёмно-бирюзовый",
    "Dark Yellow": "Тёмно-жёлтый",
    "Date/time": "Дата/время",
    "Decrease indent": "Уменьшить отступ",
    "Default": "По умолчанию",
    "Delete column": "Удалить столбец",
    "Delete row": "Удалить строку",
    "Delete table": "Удалить таблицу",
    "Dimensions": "Размеры",
    "Disc": "Диск",
    "Div": "Div",
    "Document": "Документ",
    "Document properties": "Свойства документа",
    "Drop an image here": "Перетащите изображение сюда",
    "Edit": "Редактировать",
    "Edit image": "Редактировать изображение",
    "Embed": "Вставить",
    "Emoticons": "Смайлики",
    "Emoticons...": "Смайлики...",
    "Error": "Ошибка",
    "Extended Latin": "Расширенный латинский",
    "Failed to upload image: {0}": "Не удалось загрузить изображение: {0}",
    "Find": "Найти",
    "Find and replace": "Найти и заменить",
    "Find and replace...": "Найти и заменить...",
    "Find whole words only": "Искать целые слова",
    "Finish": "Завершить",
    "Flags": "Флаги",
    "Font": "Шрифт",
    "Font Sizes": "Размеры шрифта",
    "Fonts": "Шрифты",
    "Food and Drink": "Еда и напитки",
    "Footer": "Футер",
    "Format": "Формат",
    "Format Painter": "Кисть формата",
    "Formats": "Форматы",
    "Fullscreen": "Полноэкранный режим",
    "G": "G",
    "General": "Общий",
    "Gray": "Серый",
    "Green": "Зелёный",
    "H Align": "Выравнивание по горизонтали",
    "Header": "Заголовок",
    "Header 1": "Заголовок H1",
    "Header 2": "Заголовок H2",
    "Header 3": "Заголовок H3",
    "Header 4": "Заголовок H4",
    "Header 5": "Заголовок H5",
    "Header 6": "Заголовок H6",
    "Header cell": "Ячейка заголовка",
    "Headers": "Заголовки",
    "Heading 1": "Заголовочный стиль H1",
    "Heading 2": "Заголовочный стиль H2",
    "Heading 3": "Заголовочный стиль H3",
    "Heading 4": "Заголовочный стиль H4",
    "Heading 5": "Заголовочный стиль H5",
    "Heading 6": "Заговорочный стиль H6",
    "Headings": "Заглавия",
    "Height": "Высота",
    "Help": "Помощь",
    "Horizontal line": "Горизонтальная линия",
    "Horizontal space": "Горизонтальное пространство",
    "Id": "Идентификатор",
    "Id should start with a letter, followed only by letters, numbers, dashes, dots, colons or underscores.": "Идентификатор должен начинаться с буквы, за которой могут следовать только буквы, цифры, дефисы, точки, двоеточия или нижние подчёркивания.",
    "Ignore": "Игнорировать",
    "Ignore all": "Игнорировать всё",
    "Image": "Изображение",
    "Image description": "Описание изображения",
    "Image list": "Список изображений",
    "Image options": "Параметры изображения",
    "Image title": "Заголовок изображения",
    "Image...": "Изображение...",
    "Increase indent": "Увеличить отступ",
    "Inline": "Встроенный",
    "Insert": "Вставить",
    "Insert column after": "Вставить столбец после",
    "Insert column before": "Вставить столбец перед",
    "Insert date/time": "Вставить дату/время",
    "Insert image": "Вставить изображение",
    "Insert link": "Вставить ссылку",
    "Insert row after": " вставить строку после",
    "Insert row before": "Вставить строку перед",
    "Insert table": "Вставить таблицу",
    "Insert video": "Вставить видео",
    "Insert/Edit Link": "Вставить/редактировать ссылку",
    "Insert/edit iframe": "Вставить/редактировать iframe",
    "Insert/edit image": "Вставить/ редактировать изображение",
    "Insert/edit link": "Вставить / редактировать ссылку",
    "Insert/edit media": "Вставить/ отредактировать медиафайл",
    "Insert/edit video": "Вставить/Редактировать видео",
    "Italic": "Курсив",
    "Justify": "Оправдать",
    "Keyboard Navigation": "Навигация с помощью клавиатуры",
    "Language": "Язык",
    "Left": "Слева",
    "Left to right": "С лева направо",
    "Light Blue": "Светло-синий",
    "Light Gray": "Светло-серый",
    "Light Green": "Светло-зелёный",
    "Light Purple": "Светло-фиолетовый",
    "Light Red": "Светло-красный",
    "Light Yellow": "Светло-жёлтый",
    "Link": "Ссылка",
    "Link list": "Список ссылок",
    "Link...": "Ссылка...",
    "Loading emoticons...": "Загрузка смайликов...",
    "Lower Alpha": "Строчные буквы",
    "Lower Greek": "Строчный греческий алфавит",
    "Lower Roman": "Римские строчные цифры",
    "Match case": "Учитывать регистр",
    "Mathematical": "Математический",
    "Media": "Медиа",
    "Media poster (Image URL)": "Постер медиа (URL изображения)",
    "Media...": "Медиа...",
    "Medium Blue": "Средне-синий",
    "Medium Gray": "Средне-серый",
    "Medium Purple": "Средне-фиолетовый",
    "Merge cells": "Объединить ячейки",
    "Middle": "Средний",
    "Midnight Blue": "Тёмно-синий (цвет ночи)",
    "More...": "Подробнее...",
    "Name": "Имя",
    "Navy Blue": "Военно-морской синий",
    "New window": "Новое окно",
    "Next": "Далее",
    "No": "Нет",
    "No color": "Без цвета",
    "Nonbreaking space": "Неразрывный пробел",
    "None": "Нет",
    "Numbered list": "Нумерованный список",
    "OR": "ИЛИ",
    "Objects": "Объекты",
    "Ok": "ОК",
    "Open help dialog": "Открыть диалоговое окно справки",
    "Open link in...": "Открыть ссылку в...",
    "Orange": "Оранжевый",
    "Page break": "Разрыв страницы",
    "Paragraph": "Абзац",
    "Paste": "Вставить",
    "Paste as text": "Вставить как текст",
    "Paste or type a link": "Вставить или ввести ссылку",
    "Paste row after": "Вставить строку после",
    "Paste row before": "Вставить строку перед",
    "Paste your embed code below:": "Вставьте свой код встраивания ниже:",
    "People": "Люди",
    "Permanent Pen Properties": "Постоянные свойства пера",
    "Permanent pen properties...": "Постоянные свойства пера...",
    "Poster": "Постер",
    "Powered by {0}": "Работает на {0}",
    "Pre": "Предварительный",
    "Preferences": "Настройки",
    "Preformatted": "Предварительно отформатированный",
    "Prev": "Предыдущий",
    "Preview": "Предварительный просмотр",
    "Previous": "Предыдущий",
    "Print": "Печать",
    "Print...": "Печать...",
    "Purple": "Фиолетовый",
    "Quotations": "Цитаты",
    "R": "R",
    "Red": "Красный",
    "Redo": "Повторить",
    "Remove color": "Удалить цвет",
    "Remove link": "Удалить ссылку",
    "Replace": "Заменить",
    "Replace all": "Заменить всё",
    "Replace with": "Заменить на",
    "Restore last draft": "Восстановить последний черновик",
    "Rich Text Area. Press ALT-0 for help.": "Область форматированного текста. Нажмите ALT-0 для получения помощи.",
    "Rich Text Area. Press ALT-F9 for menu. Press ALT-F10 for toolbar. Press ALT-0 for help": "Область форматированного текста. Нажмите ALT-F9 для вызова меню. Нажмите ALT-F10 для вызова панели инструментов. Нажмите ALT-0 для помощи.",
    "Right": "Справа",
    "Right to left": "С права налево",
    "Row": "Строка",
    "Row group": "Группа строк",
    "Row properties": "Свойства строки",
    "Row type": "Тип строки",
    "Rows": "Строки",
    "Save": "Сохранить",
    "Scope": "Область действия",
    "Search": "Поиск",
    "Select all": "Выбрать всё",
    "Select...": "Выбрать...",
    "Selection": "Выделение",
    "Shortcut": "Ярлык",
    "Show caption": "Показать заголовок",
    "Show invisible characters": "Показывать невидимые символы",
    "Size": "Размер",
    "Source": "Источник",
    "Source code": "Исходный код",
    "Special character": "Специальный символ",
    "Special character...": "Специальный символ...",
    "Spellcheck": "Проверка орфографии",
    "Split cell": "Разделить ячейку",
    "Square": "Квадрат",
    "Strikethrough": "Зачёркивание",
    "Style": "Стиль",
    "Subscript": "Нижний индекс",
    "Superscript": "Верхний индекс",
    "Switch to or from fullscreen mode": "Переключиться в полноэкранный режим или выйти из него",
    "Symbols": "Символы",
    "System Font": "Системный шрифт",
    "Table": "Таблица",
    "Table of Contents": "Оглавление",
    "Table properties": "Свойства таблицы",
    "Target": "Цель",
    "Text": "Текст",
    "Text color": "Цвет текста",
    "Text to display": "Текст для отображения",
    "The URL you entered seems to be an email address. Do you want to add the required mailto: prefix?": "Введённый вами URL похож на адрес электронной почты. Хотите добавить необходимый префикс mailto::?",
    "The URL you entered seems to be an external link. Do you want to add the required http:// prefix?": "Введённый вами URL кажется внешней ссылкой. Хотите добавить обязательный префикс http://?",
    "Title Case": "Заголовок",
    "To open the popup, press Shift+Enter": "Чтобы открыть всплывающее окно, нажмите Shift+Enter",
    "Tools": "Инструменты",
    "Top": "Верх",
    "Travel and Places": "Путешествия и места",
    "Turquoise": "Бирюзовый",
    "UPPERCASE": "ЗАГЛАВНЫЕ БУКВЫ",
    "Underline": "Подчёркивание",
    "Undo": "Отменить",
    "Update": "Обновить",
    "Upload": "Загрузить",
    "Upper Alpha": "Прописные буквы",
    "Upper Roman": "Римские прописные цифры",
    "Url": "URL",
    "User Defined": "Определено пользователем",
    "V Align": "Выравнивание по вертикали",
    "Valid": "Действительный",
    "Version": "Версия",
    "Vertical space": "Вертикальное пространство",
    "View": "Просмотр",
    "Warn": "Предупреждение",
    "White": "Белый",
    "Whole words": "Целые слова",
    "Width": "Ширина",
    "Word count": "Счётчик слов",
    "Words": "Слова",
    "Words: {0}": "Слова: {0}",
    "Yellow": "Жёлтый",
    "Yes": "Да",
    "You have unsaved changes are you sure you want to navigate away?": "У вас есть несохранённые изменения, вы уверены, что хотите покинуть страницу?",
    "alignment": "выравнивание",
    "comments": "комментарии",
    "example": "пример",
    "formatting": "форматирование",
    "history": "история",
    "indentation": "отступ",
    "lowercase": "строчные буквы",
    "permanent pen": "постоянное перо",
    "styles": "стили",
    "{0} characters": "{0} символов",
    "{0} words": "{0} слов"
}
