{
  "author": {
    "addNewAuthor": "새 작성자 추가",
    "author": "작성자",
    "authorDataParsingErrorMessage": "ID의 작성자 데이터 구문 분석 중 오류가 발생했습니다: ",
    "authorHasBeenUpdated": "작성자가 업데이트되었습니다",
    "authorLink": "작성자 링크",
    "authorName": "작성자 이름",
    "authorNameCannotBeEmptyErrorMessage": "작성자 이름은 비워둘 수 없습니다. 이름을 입력하세요.",
    "authorNameInUseErrorMessage": "입력한 작성자 이름은 이미 사용 중입니다. 다른 이름을 시도하세요.",
    "authorNameSimilarInUseErrorMessage": "입력한 작성자 이름은 사용 중입니다. 작성자 이름은 대소문자를 구분하지 않습니다. 다른 이름을 시도하세요.",
    "authorPage": "작성자 페이지",
    "authorSlugCannotBeEmpty": "작성자 슬러그는 필수 항목입니다",
    "avatar": "아바타",
    "avatarAndFeaturedImage": "아바타 및 추천 이미지",
    "cannotRemoveMainAuthor": "주 작성자는 삭제할 수 없습니다.",
    "changePostAuthor": "게시물 작성자 변경",
    "editAuthor": "작성자 편집",
    "eMail": "이메일",
    "filterOrSearchAuthors": "작성자 필터링 또는 검색...",
    "gravatarEmailWarningMessage": "Gravatar 계정 등록에 사용한 이메일 주소를 입력하세요.",
    "mainAuthor": "주 작성자",
    "mainAuthorCannotBeRemoved": "이 사이트의 주 작성자입니다. 삭제할 수 없습니다.",
    "newAuthorHasBeenCreated": "새 작성자가 생성되었습니다.",
    "noAuthorsMatchingYourCriteria": "조건에 맞는 작성자가 없습니다.",
    "removeAuthorsMessage": "선택한 작성자를 삭제하시겠습니까?",
    "removeAuthorsSuccessMessage": "선택한 작성자를 삭제했습니다",
    "selectAuthor": "작성자 선택",
    "selectAuthorPage": "작성자 페이지 선택",
    "whenYouUseGravatarYourSiteVisitorsWillQueryAThirdPartyServer": "Gravatar 서비스를 이용하는 경우, 사이트 방문자가 아바타 이미지를 읽어들이기 위해 제3자 서버에 쿼리를 보내야 한다는 점에 유의하세요.",
    "themeDoesNotSupportFeaturedImagesForAuthors": "테마에서 작성자의 추천 이미지를 지원하지 않습니다.",
    "toUseThisOptionEnableIndexingAuthorPages": "이 설정을 사용하려면 먼저 SEO 설정에서 작성자 페이지 인덱싱을 활성화하세요.",
    "useGravatarMessage": "<a href=\"https://gravatar.com/\" target=\"_blank\" rel=\"noopener noreferrer\">Gravatar</a> 를 사용하여 작성자의 아바타를 표시합니다",
    "useGravatarServiceMessage": "Gravatar를 사용하려면 먼저 작성자의 이메일 주소를 입력하세요.",
    "website": "웹사이트"
  },
  "core": {
    "archive": {
      "destinationNotExists": "지정된 출력 위치가 존재하지 않습니다",
      "errorDuringCreatingTAR": "TAR 아카이브 생성 중 오류가 발생했습니다. 다시 시도해 주세요.",
      "errorDuringCreatingZIP": "ZIP 아카이브 생성 중 오류가 발생했습니다. 다시 시도해 주세요."
    },
    "backup": {
      "destinationDirectoryDoesNotExists": "대상 디렉토리가 존재하지 않습니다",
      "errorDuringFileSaveProcess": "파일 저장 중 오류가 발생했습니다",
      "errorDuringReadingBackupFile": "백업 파일 읽기 중 오류가 발생했습니다",
      "fileDoesNotExists": "백업 파일이 존재하지 않습니다",
      "fileIsCorrupted": "백업 파일이 손상되었습니다 - 복구 프로세스를 중단합니다.",
      "locationDoesNotExists": "백업 위치가 존재하지 않습니다",
      "temporaryDirectoryDoesNotExists": "임시 디렉토리가 존재하지 않습니다"
    },
    "credits": {
      "errorLoadingLicenseMsg": "라이선스 로딩 중 오류가 발생했습니다. 다시 시도해 주세요."
    },
    "images": {
      "responsiveImagesDisabled": "반응형 이미지가 사이트 설정에서 비활성화되었습니다 - 모든 반응형 이미지가 제거되었습니다."
    },
    "rendering": {
      "renderingProcessCrashed": "렌더링 프로세스가 중단되었습니다",
      "renderingProcessCrashedMsg": "자세한 내용은 도구 → 로그 보기에서 rendering-errors.log와 rendering-process.log 파일을 확인하세요.",
      "renderingProcessFailed": "렌더링 프로세스가 실패했습니다"
    },
    "server": {
      "branchDoesNotExist": "선택한 브랜치가 존재하지 않습니다.",
      "creatingNewRemoteFilesTree": "새로운 원격 파일 트리 생성 중...",
      "finishingDeploymentProcess": "배포 프로세스 마무리 중...",
      "getInfoAboutLatestCommit": "최신 커밋 정보 가져오는 중...",
      "preparingFilesTreeToUpload": "업로드할 파일 트리 준비 중...",
      "repositoryDoesNotExist": "선택한 저장소가 존재하지 않습니다.",
      "requestLimitExceededInfo": "API 요청 제한을 초과했습니다 (남은 {remaining} 요청). UTC {resetTime}까지 기다렸다가 다시 시도하세요.",
      "requestTimeout": "요청 시간이 초과되었습니다.",
      "retrievingHandlerOfRemoteFilesTree": "원격 파일 트리 핸들러 가져오는 중...",
      "retrievingRemoteFilesTree": "원격 파일 트리 가져오는 중...",
      "tokenOrServerAddressInvalid": "지정된 자격 증명 또는 서버/저장소 주소가 잘못되었습니다.",
      "tooManyFilesInfo": "사이트에 4000개 이상의 항목({numberOfFiles} 파일 및 디렉토리)이 있습니다. 현재 Github Pages 구현은 4000개 항목까지만 웹사이트를 지원합니다."
    },
    "site": {
      "noConfigurationForResponsiveImages": "반응형 이미지에 대한 설정 데이터가 없습니다",
      "noImagesToRegenerate": "재생성할 이미지가 없습니다",
      "noThemeSelected": "선택된 테마가 없음"
    },
    "sureYouWantQuit": "종료하시겠습니까? \n저장되지 않은 변경 사항은 모두 손실됩니다.",
    "wpImport": {
      "authorsProgressInfo": "작성자 가져오는 중 ({progress} / {total})",
      "imageDownloadError": "이미지 다운로드 중 오류 발생: {image}",
      "imagesProgressInfo": "이미지 다운로드 중 ({progress} / {total})",
      "postsProgressInfo": "포스트 가져오는 중 ({progress} / {total})",
      "tagsProgressInfo": "태그 가져오는 중 ({progress} / {total})"
    }
  },
  "customHTML": {
    "tabs": {
      "head": "HEAD",
      "body": "BODY",
      "comments": "댓글",
      "searchInput": "검색 입력",
      "searchContent": "검색 내용",
      "socialSharing": "소셜 공유",
      "footer": "푸터",
      "beforePost": "포스트 전",
      "afterPost": "포스트 후"
    }
  },
  "date": {
    "apr": "4월",
    "aug": "8월",
    "changePostPublicationDate": "포스트 공개 날짜 변경",
    "dec": "12월",
    "feb": "2월",
    "jan": "1월",
    "jul": "7월",
    "jun": "6월",
    "mar": "3월",
    "may": "5월",
    "nov": "11월",
    "oct": "10월",
    "sep": "9월"
  },
  "editor": {
    "addHeading": "추가 제목",
    "addLabel": "추가 레이블",
    "alignTextCenter": "가운데 정렬",
    "alignTextLeft": "왼쪽 정렬",
    "alignTextRight": "오른쪽 정렬",
    "blockEditorHelpPanelDesc": "새 줄에서 <span>+</span> 또는 <span>TAB</span> 버튼을 클릭하거나 새 줄에서 다음 단축키 또는 Markdown 구문을 입력하여 블록을 삽입할 수 있습니다.:",
    "blocks": {
      "code": {
        "idTooltip": "이 값은 코드 ID로 사용됩니다"
      },
      "cssClassesLabel": "CSS 클래스",
      "cssClassesTooltip": "이 CSS 클래스는 필드의 class 속성에 추가됩니다",
      "embed": {
        "idTooltip": "이 값은 임베드 ID로 사용됩니다"
      },
      "gallery": {
        "idTooltip": "이 값은 갤러리 ID로 사용됩니다"
      },
      "header": {
        "customIdLabel": "사용자 정의 ID 사용",
        "customIdTooltip": "자동 생성된 ID 대신 설정하려는 경우 이 옵션을 활성화하세요",
        "idTooltip": "이 값은 헤더 ID로 사용됩니다"
      },
      "html": {
        "idTooltip": "이 값은 HTML ID로 사용됩니다"
      },
      "idLabel": "ID",
      "image": {
        "idTooltip": "이 값은 이미지 ID로 사용됩니다"
      },
      "list": {
        "idTooltip": "이 값은 목록 ID로 사용됩니다"
      },
      "paragraph": {
        "idTooltip": "이 값은 문단 ID로 사용됩니다",
        "styleLabel": "문단 스타일",
        "styles": {
          "highlight": "강조",
          "info": "정보",
          "success": "성공",
          "warning": "경고"
        },
        "styleTooltip": "문단 블록에 추가 스타일을 선택합니다"
      },
      "quote": {
        "idTooltip": "이 값은 인용구 ID로 사용됩니다"
      },
      "separator": {
        "idTooltip": "이 값은 구분선 ID로 사용됩니다"
      },
      "toc": {
        "idTooltip": "이 값은 목차 ID로 사용됩니다"
      }
    },
    "cantSavePostWithEmptyTitle": "제목 없이 포스트를 게시할 수 없습니다.",
    "changesSaved": "변경 사항이 저장되었습니다.",
    "clearFormatting": "서식 지우기",
    "clickToConfirm": "클릭하여 확인",
    "code": "코드",
    "conversions": {
      "toCode": "코드",
      "toHeader": "헤더",
      "toHTML": "HTML",
      "toList": "목록",
      "toParagraph": "문단",
      "toQuote": "인용구"
    },
    "convertTo": "변환:",
    "custom": "사용자 정의",
    "defaultSelect": "- 선택 -",
    "deleteBlock": "블록 삭제",
    "dot": "점",
    "dots": "점",
    "dragAndDropImgToEditor": "이미지를 에디터로 드래그하거나",
    "dropToUploadYourPhotoOr": "사진을 드롭하여 업로드하거나",
    "dropToUploadYourPhotosOr": "사진을 드롭하여 업로드하거나",
    "element": "요소",
    "emptyGalleryBlock": "빈 갤러리 블록",
    "emptyImageBlock": "빈 이미지 블록",
    "enterAltText": "대체 텍스트 입력",
    "enterCaption": "캡션 입력",
    "enterUrlOrEmbedCode": "URL 또는 임베드 코드 입력...",
    "errorOccurred": "오류가 발생했습니다 - 다시 시도하세요.",
    "gallery": "갤러리",
    "header": "헤더",
    "heading1": "제목 1",
    "heading2": "제목 2",
    "heading3": "제목 3",
    "heading4": "제목 4",
    "heading5": "제목 5",
    "heading6": "제목 6",
    "hideBulkEdit": "일괄 편집 숨기기",
    "hideHelp": "도움말 숨기기",
    "hideStats": "통계 숨기기",
    "html": "HTML",
    "insertGallery": "갤러리 삽입",
    "list": "목록",
    "markdown": "마크다운",
    "markdownHelpPanelDesc": "다음 키보드 단축키 또는 마크다운 구문을 사용하여 헤더와 텍스트 스타일을 쉽게 관리하고 기타 HTML 요소를 만들 수 있습니다:",
    "newDraftCreated": "새 초안이 생성되었습니다",
    "newPostCreated": "새 포스트가 생성되었습니다",
    "nothingFound": "찾을 수 있는 블록이 없습니다",
    "paragraph": "문단",
    "quote": "인용구",
    "quoteAuthor": "저자 인용",
    "quoteText": "인용 텍스트",
    "readMore": "더 읽기",
    "readMoreBlockName": "더 읽기",
    "selectFiles": "파일 선택",
    "separator": "구분선",
    "shortcuts": "단축키",
    "sourceCode": "소스 코드",
    "searchForABlock": "블록 검색...",
    "startWriting": "작성 시작...",
    "startWritingOrPressTabToChooseBlock": "작성을 시작하거나 TAB 키를 눌러 블록을 선택하세요.",
    "toc": "목차",
    "tocAutoGenerationInfo": "목차는 콘텐츠의 헤더(H1~H6)를 기반으로 자동 생성됩니다.",
    "togglePostStatsPanel": "포스트 통계 패널 토글",
    "unableToSetSpellCheckerForLanguage": "(!) 선택한 언어에 대해 맞춤법 검사기를 설정할 수 없습니다 - ",
    "useOrderedList": "순서가 있는 목록 사용",
    "useUnorderedList": "순서가 없는 목록 사용",
    "viewBulkEdit": "일괄 편집 보기",
    "viewHelp": "도움말 보기",
    "viewStats": "통계 보기",
    "wideLine": "두꺼운 선"
  },
  "file": {
    "addNewFile": "새 파일 추가",
    "backups": "백업",
    "createBackup": "백업 생성",
    "createBackupConfirmMsg": "백업 이름을 선택하세요 - 파일 이름에는 영숫자, 대시, 밑줄만 사용할 수 있습니다:",
    "createBackupErrorMsg": "백업을 생성하는 도중 오류가 발생했습니다. 다시 시도해 주세요.",
    "createBackupNameEmptyMsg": "백업 파일 이름을 비워둘 수 없습니다. 이름을 입력해 주세요.",
    "createBackupNameInUseMsg": "지정된 파일 이름(<strong>{filename}</strong>)은 이미 기존 백업에서 사용 중입니다. 다른 이름을 시도해 보세요.",
    "createBackupSuccessMsg": "백업이 생성되었습니다.",
    "createFirstBackupMsg": "아직 백업이 없습니다. 먼저 첫 번째 백업을 만들어 봅시다!",
    "creatingBackup": "백업 생성 중",
    "creationDate": "생성일",
    "deleteBackupsConfirmMsg": "선택한 백업을 삭제하시겠습니까? 이 작업은 되돌릴 수 없습니다.",
    "deleteBackupsErrorMsg": "선택한 백업을 삭제하는 중에 오류가 발생했습니다. 다시 시도해 주세요.",
    "deleteBackupsSuccessMsg": "선택한 백업을 삭제했습니다",
    "dragAndDropBackupFile": "백업 파일을 여기로 드래그 앤 드롭 또는",
    "dropYourFileHere": "파일을 여기에 드롭하세요",
    "file": "파일",
    "fileFromFileManager": "파일 관리자에서 파일 선택",
    "fileManager": "파일 관리자",
    "filename": "파일명",
    "files": "파일",
    "fileSemicolon": "파일:",
    "fileSize": "파일 크기",
    "filterOrSearchFiles": "필터 또는 파일 검색...",
    "mediaFiles": "미디어 파일",
    "noBackupsAvailable": "백업이 없습니다",
    "noFileInMediaFilesDirInfo": "media・files 디렉토리에 파일이 없습니다...",
    "noFileInRootDirInfo": "루트 디렉토리에 파일이 없습니다...",
    "noFileMatchingCriteriaInfo": "조건에 일치하는 파일이 없습니다.",
    "operations": "작업",
    "preparingFilesInOutputDir": "출력 디렉토리의 파일 준비 중",
    "provideNameForNewFile": "새 파일의 이름을 입력하세요",
    "removeFilesConfirmMsg": "선택한 파일을 삭제하시겠습니까? 이 작업은 되돌릴 수 없습니다.",
    "removeFilesSuccessMsg": "선택된 파일을 삭제했습니다",
    "rename": "이름 변경",
    "renameBackupConfirmLabel": "이름 변경",
    "renameBackupConfirmMsg": "새 백업 파일 이름을 지정하세요:",
    "renameBackupErrorMsg": "선택한 백업 파일의 이름을 변경하는 중에 오류가 발생했습니다. 다시 시도해 주세요.",
    "renameBackupNameEmptyMsg": "백업 파일 이름은 비워둘 수 없습니다. 다시 시도해 주세요.",
    "renameBackupNameInUseMsg": "지정된 이름은 다른 백업 파일에서 사용 중입니다. 다시 시도해 주세요.",
    "renameBackupSameNameMsg": "지정된 이름은 이전 이름과 동일합니다. 다시 시도해 주세요.",
    "renameBackupSuccessMsg": "백업 이름을 성공적으로 변경했습니다.",
    "restore": "복원",
    "restoreBackupConfirmLabel": "백업 복원",
    "restoreBackupConfirmMsg": "선택한 백업을 정말로 복원하시겠습니까? 기존 파일은 덮어쓰기 됩니다.",
    "restoreBackupErrorMsg": "선택한 백업 파일을 복원하는 중에 오류가 발생했습니다: ",
    "restoreBackupSuccessMsg": "웹 사이트를 성공적으로 복원했습니다.",
    "rootDirectory": "루트 디렉토리",
    "selectedFileExistsMsg": "다음 파일은 선택한 디렉토리에 이미 존재하므로 복사할 수 없습니다: ",
    "selectedFilenameInUseMsg": "선택된 파일 이름이 사용 중입니다. 다른 파일 이름을 사용하세요.",
    "selectFile": "파일 선택",
    "selectFileFromFileManager": "파일 관리자에서 파일 선택",
    "uploadFiles": "파일 업로드"
  },
  "gdpr": {
    "addGroup": "그룹 추가",
    "embedConsents": {
      "addRule": "규칙 추가",
      "groupButtonLabel": "버튼 레이블",
      "groupCookieGroup": "쿠키 그룹",
      "groupRule": "URL 포함",
      "groupRulePlaceholder": "youtube.com",
      "groupTextPlaceholder": "동의 텍스트"
    },
    "groupDescriptionPlaceholder": "쿠키 그룹에 대한 설명을 입력하세요",
    "groupID": "그룹 ID",
    "groupName": "그룹 이름",
    "state": "상태"
  },
  "image": {
    "addImages": "이미지 추가",
    "align": "위치",
    "centeredImage": "가운데 정렬 이미지",
    "columns": "열 수:",
    "dropFeaturedImageOr": "특성 이미지를 여기에 드롭하거나",
    "dropToUploadPhotoOr": "사진을 드롭하여 업로드하거나",
    "eightColumns": "8열",
    "enterAltText": "대체 텍스트 입력",
    "enterCaption": "캡션 입력",
    "fiveColumns": "5열",
    "fourColumns": "4열",
    "fullWidth": "전체 너비",
    "fullWidthImage": "전체 너비 이미지",
    "image": "이미지",
    "imageAlternativeText": "이미지 대체 텍스트",
    "imageCaption": "이미지 캡션",
    "images": "이미지",
    "insertEditGallery": "갤러리 삽입/편집",
    "layout": "레이아웃",
    "loadingImage": "이미지 로딩 중...",
    "none": "없음",
    "oneColumn": "1열",
    "pictures": "사진",
    "removeImage": "이미지 제거",
    "sevenColumns": "7열",
    "sixColumns": "6열",
    "threeColumns": "3열",
    "twoColumns": "2열",
    "uploading": "업로드 중",
    "wide": "와이드",
    "wideImage": "와이드 이미지",
    "yourGalleryIsEmpty": "갤러리가 비어 있습니다"
  },
  "langs": {
    "addLanguageSuccessMessage": "언어가 추가되었습니다",
    "deleteLanguage": "언어 삭제",
    "getMoreLanguages": "더 많은 언어 얻기",
    "goToLanguagesManager": "언어 관리자로 이동",
    "installLanguage": "언어 설치",
    "isOutdated": "구식",
    "isOutdatedTitle": "이 언어는 Publii v.{supportedVersion}을 지원하지만 현재 Publii v.{currentVersion}을 사용 중입니다 - 이 언어를 사용하려면 Publii를 업데이트하세요.",
    "language": "언어:",
    "languageChangedMsg": "애플리케이션 언어가 변경되었습니다",
    "languageChangeError": "언어를 변경하는 동안 오류가 발생했습니다. 다시 시도해 주세요.",
    "languageLoadingError": "앱 언어를 로드하는 동안 오류가 발생했습니다. 기본 언어(영어)가 대신 사용됩니다. 언어 설정에서 다른 언어를 선택하세요.",
    "languages": "언어",
    "removeLanguageMessage": "언어 {languageName}를 제거하시겠습니까?",
    "removeLanguageSuccessMessage": "선택한 언어를 제거했습니다",
    "updatedLanguageSuccessMessage": "선택한 언어가 업데이트되었습니다",
    "uploadLanguageErrorMessage": "설치 중에 오류가 발생했습니다. 다시 시도해 주세요."
  },
  "link": {
    "addDownloadAttr": "'download' 속성 추가",
    "addLink": "링크 추가",
    "addNofollow": "rel=\"nofollow\" 추가",
    "downloadAttribute": "'download' 속성:",
    "insertEditLink": "링크 삽입/편집",
    "linkInvalidMsg": "죄송합니다! 이 링크는 잘못된 것 같습니다.",
    "linkRelAttribute": "링크 'rel' 속성",
    "linkTitleAttribute": "링크 'title' 속성",
    "openInNewTab": "새 탭에서 열기",
    "previewLinkInBrowser": "브라우저에서 이 링크 미리보기",
    "previewOnlyExternalLinksMsg": "외부 링크는 게시물 편집기에서만 미리 볼 수 있습니다",
    "removeLink": "링크 제거",
    "selectLinkType": "링크 유형 선택"
  },
  "menu": {
    "addMenuItem": "메뉴 항목 추가",
    "addNewMenu": "새 메뉴 추가",
    "addNewMenuItem": "새 메뉴 항목 추가",
    "addSubmenu": "하위 메뉴 추가",
    "addSubmenuItem": "하위 메뉴 항목 추가",
    "assignedMenu": "할당된 메뉴",
    "classCSS": "CSS 클래스",
    "createNewMenu": "새 메뉴 만들기",
    "deleteThisMenuItem": "이 메뉴 항목 삭제",
    "duplicateThisMenuItem": "이 메뉴 항목 복제",
    "editMenuItem": "메뉴 항목 편집",
    "editMenuName": "메뉴 이름 편집",
    "editThisMenuItem": "이 메뉴 항목 편집",
    "externalLink": "외부 링크",
    "externalURL": "외부 URL",
    "hideThisMenuItem": "이 메뉴 항목 숨기기",
    "insertActions": "선택한 항목 삽입:",
    "insertAfter": "뒤에",
    "insertAsChild": "의 하위 메뉴로",
    "insertBefore": "앞에",
    "internalLink": "내부 링크",
    "items": "항목",
    "label": "레이블",
    "likedItemError": "연결된 항목이 렌더링되지 않음(빈 태그/작성자 페이지). 존재하지 않거나 휴지통으로 이동되었습니다",
    "likedItemIsADraft": "연결된 항목은 초안입니다",
    "menu": "메뉴",
    "menuItemsRemoveMessage": "선택한 메뉴를 제거하시겠습니까?",
    "menuItemIsHidden": "이 메뉴 항목은 숨겨져 있습니다",
    "menuNameCannotBeEmptyCreateNewMenuErrorMessage": "메뉴 이름은 비워둘 수 없습니다. 메뉴 이름을 입력해 주세요.",
    "menuNameCannotBeEmptyErrorMessage": "메뉴 이름 필드는 비워둘 수 없습니다. 새 메뉴 이름을 입력해 주세요.",
    "menuNameExistsErrorMessage": "지정된 메뉴 이름이 이미 있습니다. 다른 이름을 사용해 주세요.",
    "menuNameHasBeenEdited": "메뉴 이름이 변경되었습니다",
    "menuNameInUseErrorMessage": "지정된 메뉴 이름이 이미 사용 중입니다. 새 메뉴 이름을 입력해 주세요.",
    "menusRemoveMessage": "선택한 메뉴를 제거하시겠습니까?",
    "menusRemoveSuccessMessage": "선택한 메뉴를 제거했습니다",
    "moveItem": "이동",
    "newMenuCreated": "새 메뉴가 생성되었습니다",
    "noMenusAvailable": "사용 가능한 메뉴가 없습니다",
    "noMenusCreateNewOne": "아직 메뉴가 없습니다. 첫 번째 메뉴를 만들어 보세요!",
    "noMenusMessage": "메뉴 항목이 없습니다. 위의 \"메뉴 항목 추가\" 버튼을 사용하여 새 메뉴를 만드세요.",
    "provideNameForNewMenu": "새 메뉴 이름:",
    "provideNewNameForMenu": "선택한 메뉴의 새 이름:",
    "selectItemType": "항목 유형 선택",
    "selectLinkTarget": "링크 대상 선택",
    "showThisMenuItem": "이 메뉴 항목 표시",
    "textSeparator": "텍스트 구분자",
    "type": "유형",
    "unassigned": "할당되지 않음",
    "unselectItem": "항목 선택 취소"
  },
  "menuPositionPopup": {
    "invalidValue": "잘못된 값: 입력한 값을 0으로 만들거나 테마의 기본 최대 제한을 초과할 수 없습니다. 제한이 없는 경우 -1을 사용하세요.",
    "maxLevels": "최대 레벨:",
    "themeDefaultValue": "테마 기본값:",
    "title": "메뉴 위치 설정",
    "usedBy": "다른 메뉴에서 사용:"
  },
  "plugins": {
    "addPluginSuccessMessage": "플러그인이 추가되었습니다",
    "deletePlugin": "플러그인 삭제",
    "getMorePlugins": "더 많은 플러그인 얻기",
    "goToPluginsManager": "플러그인 관리자로 이동",
    "installPlugin": "플러그인 설치",
    "isIncompatible": "구식",
    "isIncompatibleTitle": "이 플러그인은 Publii v.{supportedVersion}을 지원하지만 현재 Publii v.{currentVersion}을 사용 중입니다 - 이 플러그인을 사용하려면 Publii를 업데이트하세요.",
    "plugin": "플러그인:",
    "plugins": "플러그인",
    "removePluginMessage": "플러그인 {pluginName}을 제거하시겠습니까?",
    "removePluginSuccessMessage": "선택한 플러그인을 제거했습니다",
    "updatedPluginSuccessMessage": "선택한 플러그인이 업데이트되었습니다",
    "uploadPluginErrorMessage": "설치 중에 오류가 발생했습니다. 다시 시도해 주세요."
  },
  "post": {
    "addNewPost": "새 게시물 추가",
    "addPostTitle": "추가 게시물 제목",
    "all": "모두",
    "changePostDate": "게시물 날짜 변경",
    "characters": "문자",
    "configureThemeBeforeGeneratingPreview": "이 게시물의 미리보기를 생성하기 전에 이 웹사이트의 테마를 선택하고 구성해야 합니다.",
    "currentDefaultTemplate": "사용자 지정 기본 템플릿",
    "customPostTypes": "사용자 지정 게시물 유형",
    "drafts": "초안",
    "duplicate": "복제",
    "duplicatePostErrorMessage": "선택한 게시물을 복제하는 동안 오류가 발생했습니다. 다시 시도해 주세요.",
    "duplicatePostSuccessMessage": "선택한 게시물이 복제되었습니다",
    "editorBlock": "블록 편집기",
    "editorBlockInfo": "단축키와 마크다운을 지원하는 현대적이고 직관적인 편집기입니다. HTML과 같은 코드 요소를 신경 쓰지 않고도 블로그를 쉽게 작성할 수 있습니다.",
    "editorBlockNotSupportedEditPostInfo": "현재 테마는 이 게시물에 사용된 블록 편집기를 지원하지 않습니다. 이 게시물은 출력 파일에 올바르게 렌더링되지 않을 수 있습니다.",
    "editorBlockNotSupportedNewPostInfo": "현재 테마는 이 게시물에 사용된 블록 편집기를 지원하지 않습니다. 이 게시물은 출력 파일에 올바르게 렌더링되지 않을 수 있습니다.",
    "editorBlockUse": "블록 편집기 사용",
    "editorMarkdown": "마크다운 편집기",
    "editorMarkdownInfo": "이 편집기는 콘텐츠를 빠르게 작성하기 위한 마크다운 구문을 지원합니다. 문서와 같은 대규모 프로젝트에 적합합니다.",
    "editorMarkdownUse": "마크다운 편집기 사용",
    "editorWYSIWYG": "WYSIWYG 편집기",
    "editorWYSIWYGInfo": "이 편집기는 익숙한 워드프로세서 작업과 함께 페이지 콘텐츠를 모든 측면에서 제어하려는 사용자를 위한 도구를 제공합니다.",
    "editorWYSIWYGUse": "WYSIWYG 편집기 사용",
    "editPostAnyway": "무조건 게시물 편집",
    "excluded": "제외됨",
    "excludeFromHomepage": "홈페이지에서 제외",
    "featured": "추천",
    "filterOrSearchPosts": "글 필터링 또는 검색...",
    "hidden": "숨김",
    "hidePost": "글 숨기기",
    "includeInHomepage": "홈페이지에 포함",
    "markAsDraft": "임시글로 표시",
    "markAsFeatured": "추천글로 표시",
    "markAsUnfeatured": "추천글 표시 해제",
    "min": "분",
    "modificationDate": "수정일",
    "moveToTrash": "휴지통으로 이동",
    "noPostsMatchingYourCriteria": "조건에 일치하는 글이 없습니다.",
    "openEditorAnyway": "에디터 열기",
    "paragraphs": "문단",
    "post": "글",
    "postAuthor": "글 작성자",
    "postLink": "글 링크",
    "postName": "글 제목:",
    "postPage": "글 페이지",
    "posts": "글",
    "postSettings": "글 설정",
    "postSlug": "글 슬러그",
    "postSlugLengthWarning": "250자를 초과하는 글 슬러그는 웹사이트 렌더링 중에 깨진 파일을 생성할 수 있습니다.",
    "postSlugTooLong": "글 슬러그가 너무 깁니다",
    "postSlugUpdateButton": "업데이트",
    "postState": "글 상태",
    "postStatusChangeSuccessMessage": "선택한 글의 상태가 변경되었습니다",
    "postTemplate": "글 템플릿",
    "postWillNotAppearOnHomepageListMsg": "글이 홈페이지 목록에 표시되지 않습니다",
    "postWillNotAppearOnListMsg": "글이 태그 페이지, 작성자 페이지 등 생성된 글 목록에 표시되지 않습니다",
    "publicationDate": "발행일",
    "publish": "발행",
    "published": "발행됨",
    "readingTime": "읽는 시간",
    "removePostMessage": "선택한 글을 삭제하시겠습니까? 이 작업은 되돌릴 수 없습니다.",
    "removePostSuccessMessage": "선택한 글이 삭제되었습니다",
    "selectPostPage": "글 페이지 선택",
    "sentences": "문장",
    "setCustomPostDate": "사용자 지정 글 날짜 설정",
    "status": "상태",
    "thisPostIsADraft": "이 글은 임시글입니다",
    "thisPostIsExcludedFromHomepage": "이 글은 홈페이지에서 제외되었습니다",
    "thisPostIsFeatured": "이 글은 추천글로 설정되었습니다",
    "thisPostIsHidden": "이 글은 숨겨져 있습니다",
    "title": "제목",
    "trashed": "휴지통",
    "uniqueWords": "고유 단어",
    "updatedOn": "업데이트 날짜",
    "url": "URL",
    "words": "단어"
  },
  "publii": {
    "aboutPublii": "Publii 정보",
    "currentPubliiVersion": "버전",
    "accept": "동의",
    "copyright": "Copyright 2024 <a href=\"https://tidycustoms.net\" target=\"_blank\" rel=\"noopener noreferrer\">TidyCustoms</a>. All rights reserved.<br>Publii is designed and maintained by core team and is made possible by the <a href=\"https://electronjs.org\" target=\"_blank\" rel=\"noopener noreferrer\">Electron</a> Open Source project and other ",
    "creditsIntro": "Publii는 다음 타사 오픈 소스 소프트웨어를 사용합니다:",
    "dataCollectionInfo": "<strong>우리는 Publii 앱을 사용하는 동안 어떠한 개인 정보도 수집하지 않습니다.</strong> 우리는 귀하에 대한 식별 가능한 개인 정보를 저장, 추적하거나 제3자가 수집하도록 허용하지 않습니다.",
    "homepage": "홈페이지",
    "license": "라이선스",
    "licensingInformation": "라이선스 정보",
    "openSourceSoftware": "오픈 소스 소프트웨어",
    "publiiLicenseAgreement": "Publii 사용권 계약",
    "publiiLicenseAgreementInfo": "이 소프트웨어는 GNU GPL 버전 3에 따라 사용이 허가됩니다.<br>\"동의\"를 클릭하면 다음에 동의하는 것입니다:"
  },
  "rendering": {
    "errorDuringPreviewCreatingMsg": "미리보기를 만드는 중에 오류가 발생했습니다.",
    "rendering": "렌더링 중...",
    "renderingErrorText": "웹사이트를 생성하는 중 오류가 발생했습니다.",
    "renderingPleaseWait": "생성 작업이 완료될 때까지 기다려 주세요.",
    "selectThemeBeforeCreatingPreviewMsg": "웹사이트 미리보기를 만들기 전에 테마를 선택해야 합니다. 웹사이트 설정 섹션으로 이동하여 테마를 선택하세요."
  },
  "repeater": {
    "addItem": "항목 추가",
    "duplicateItem": "항목 복제",
    "emptyState": "버튼을 클릭하여 첫 번째 요소를 추가합니다",
    "removeItem": "항목 제거"
  },
  "settings": {
    "addGDPRCookieBanner": "배너 활성화",
    "additionalValidElementsInWYSIWYGEditor": "WYSIWYG 편집기의 추가 요소",
    "additionalValidElementsInWYSIWYGEditorInfo": "WYSIWYG 편집기가 HTML 코드에서 일부 태그를 자동으로 제거하는 경우 허용된 요소로 여기에 추가할 수 있습니다.<br> 예: <strong>v-select[*],v-dropdown[*]</strong>는 모든 속성을 가진 사용자 지정 v-select 및 v-dropdown 태그를 허용합니다.",
    "advancedOptions": "고급 설정",
    "advancedPreviewDesc": "고급 미리보기를 사용하면 브라우저를 열지 않고도 웹사이트를 렌더링할 수 있습니다",
    "alwaysAddIndexHTMLInURLs": "URL에 항상 index.html 추가",
    "alwaysSaveSearchState": "검색 상태 항상 저장",
    "anchorLink": "앵커 링크",
    "appSettings": "앱 설정",
    "appSettingsSavedMsg": "앱 설정이 저장되었습니다.",
    "appSettingsSaveErrorMsg": "앱 설정을 저장하는 중 오류가 발생했습니다. 다시 시도해 주세요.",
    "appUIZoomLevel": "인터페이스 크기 조정",
    "appUIZoomLevelInfo": "인터페이스의 크기를 조정하여 콘텐츠 관리 시 가시성과 편의성을 높일 수 있습니다. 이 옵션을 사용하면 사용자 인터페이스를 원하는 크기로 확대/축소하여 텍스트, 아이콘 및 기타 UI 요소를 쉽게 읽고 액세스할 수 있습니다.",
    "ascending": "오름차순",
    "authorPage": "작성자 페이지",
    "authorPages": "작성자 페이지",
    "authorPageTitleVariables": "다음 변수는 작성자 페이지 제목에 사용할 수 있습니다: %authorname, %sitename.",
    "authorPrefix": "작성자 접두사:",
    "authorPrefixInfo": "URL에서 작성자 슬러그 앞에 표시될 접두사를 정의합니다. 예: <strong>https://example.com/AUTHOR_PREFIX/author-slug</strong><br>",
    "authorsPrefixCannotBeEmpty": "작성자 접두사는 필수입니다.",
    "authorsPrefixCannotEqualTagsPrefix": "작성자 접두사는 태그 접두사와 동일할 수 없습니다.",
    "backupLocation": "백업 위치",
    "backupLocationChangedConfirmMsg": "백업 저장 위치를 변경했습니다. 이제 모든 새 백업이 이 디렉토리에 저장됩니다. 이전 백업에 액세스해야 하는 경우 새 디렉토리로 수동 이동할 수 있습니다.",
    "badge": "배지",
    "badgeAndCustomLink": "배지 + 사용자 지정 링크",
    "badgeLabel": "배지 레이블",
    "bannerPosition": "배너 위치",
    "basicSettings": "기본 설정",
    "byIDAscending": "ID 오름차순",
    "byIDDescending": "ID 내림차순",
    "cannotAddIndexHTMLInURLsInfo": "서버의 폴더를 열 때 index.html 파일을 기본적으로 로드하도록 활성화할 수 없는 경우 이 옵션을 활성화하세요.",
    "cardTypes": "카드 유형:",
    "changeSitesLocationWithoutCopyingFiles": "기존 사이트를 새 카탈로그로 이동하지 않고 사이트 위치 변경",
    "closePostEditorOnSave": "저장 시 글 편집기 닫기",
    "codeEditor": "코드 편집기 (CodeMirror)",
    "colorTheme": "색상 테마",
    "content": "콘텐츠",
    "convertToWebp": "WebP 형식으로 변환",
    "convertToWebpInfo": "모든 JPG, JPEG, PNG 이미지를 WebP 형식으로 변환하려면 이 옵션을 활성화하세요. 활성화하면 이미지 썸네일을 다시 생성해야 합니다. 이 기능은 썸네일 생성에 Sharp 라이브러리를 사용하는 경우에만 작동합니다.",
    "convertToWebpJimpWarning": "이 옵션은 현재 사용 중인 이미지 크기 조정 엔진인 Jimp에서는 작동하지 않습니다. 대신 앱 설정에서 Sharp로 전환하세요.",
    "cookieGroups": "쿠키 그룹",
    "cookieBanner": "쿠키 배너",
    "cookieBasic": "기본",
    "cookieBasicDescription": "이 섹션에는 사이트에 쿠키 배너를 표시하기 위한 설정이 포함되어 있습니다. 이를 통해 방문자는 웹사이트에서 쿠키를 사용하는지 여부를 알 수 있습니다.",
    "cookieAdvanced": "고급",
    "cookieAdvancedDescription": "이 섹션에는 방문자가 특정 쿠키 그룹에 대한 동의를 관리할 수 있도록 하는 모달 팝업을 표시하기 위한 고급 쿠키 설정 옵션이 포함되어 있습니다.",
    "createXMLSitemap": "XML 사이트맵 생성",
    "currentTheme": "현재 테마:",
    "customElementsInWYSIWYGEditor": "WYSIWYG 편집기에서 사용할 수 있는 사용자 지정 요소",
    "customElementsInWYSIWYGEditorInfo": "WYSIWYG 편집기가 HTML 코드에서 일부 태그를 자동으로 제거하는 경우 사용자 지정 요소로 여기에 추가할 수 있습니다.<br> 예: <strong>v-select,v-dropdown</strong>",
    "customFeedTitle": "사용자 지정 피드 제목",
    "customLanguageCode": "사용자 지정 언어 코드:",
    "darkMode": "다크 모드",
    "defaultAuthorsOrdering": "기본 작성자 정렬:",
    "defaultOrderingOnLists": "목록의 기본 정렬:",
    "defaultPostsOrdering": "기본 글 정렬:",
    "defaultTagsOrdering": "기본 태그 정렬:",
    "descending": "내림차순",
    "disableAuthorsPagination": "작성자 페이지 매김 비활성화",
    "disableAuthorsPaginationIndexing": "작성자 페이지 매김 인덱싱 비활성화",
    "disableAuthorsPaginationIndexingInfo": "활성화하면 페이지가 매겨진 작성자 페이지 파일이 사이트맵에서 제외되고 <strong>noindex, follow</strong> 로봇 META 태그가 추가됩니다.",
    "disableAuthorsPaginationInfo": "활성화하면 페이지가 매겨진 작성자 페이지가 생성되지 않습니다.",
    "disableHomepagePaginationIndexing": "홈페이지의 인덱스 작성을 비활성화",
    "disableTagsPagination": "페이지 태그를 비활성화",
    "disableTagsPaginationIndexing": "페이지 태그의 인덱스를 비활성화",
    "disableTagsPaginationIndexingInfo": "활성화하면 페이지 태그 페이지가 사이트맵에서 제외되고 <strong>noindex, follow</strong> 로봇 META 태그가 추가됩니다.",
    "disableTagsPaginationInfo": "활성화하면 페이지 태그 페이지가 생성되지 않습니다.",
    "displayEmptyAuthors": "게시물 없이 작성자 표시",
    "displayEmptyAuthorsInfo": "활성화한 경우 게시물이 할당되지 않은 작성자는 서브페이지가 작성되어 작성자 목록에 표시됩니다.",
    "displayEmptyTags": "게시물 없이 태그 표시",
    "displayEmptyTagsInfo": "활성화하면 게시물이 할당되지 않은 태그라도 서브페이지가 작성되어 태그 목록에 표시됩니다.",
    "dontIndexThisPage": "검색 엔진에 웹사이트 전체를 참조하지 않도록 요청합니다.",
    "editorFontFamily": "폰트 종류",
    "editorFontFamilySansSerif": "고딕체・산세리프",
    "editorFontFamilySerif": "명조체・세리프",
    "editorFontSize": "폰트 크기 (px)",
    "editors": "에디터",
    "embedConsents": "콘텐츠 동의 포함",
    "embedConsentsDescription": "이 섹션에서는 쿠키를 설정할 가능성이 있는 제3자 콘텐츠 제공업체에서 iframe에 로드된 콘텐츠를 차단할 수 있습니다. iframe URL의 도메인을 제공함으로써 예를 들어 <strong>youtube.com</strong>, 메시지, 승인 버튼 등 필요한 요소를 입력하고 이를 기존 쿠키 그룹에 할당하면 iframe은 플레이스홀더로 대체되고 콘텐츠가 다음과 같은 이유로 차단되고 있음을 방문자에게 알립니다. 그들의 동의 설정(방문자가 쿠키 배너에서 iframe에 의해 사용되는 쿠키 유형에 동의하지 않은 경우)",
    "embedVideos": "비디오 포함",
    "enableAdvancedPreview": "확장 미리보기 활성화",
    "enableAutoIndent": "자동 들여쓰기 활성화",
    "enableCSSCompression": "CSS 압축 활성화",
    "enableHTMLCompression": "HTML 압축 활성화",
    "enableJSONFeed": "JSON 피드 활성화",
    "enableMediaLazyLoad": "미디어 지연 로드 활성화",
    "enableMediaLazyLoadInfo": "이미지, 비디오 및 iframe을 지연 로드하는 기본 지연 로드를 사용하려면 이 옵션을 활성화하십시오.",
    "enableResponsiveImages": "반응형 이미지 활성화",
    "enableResponsiveImagesInfo": "테마 폴더 내의 config.json 파일에 정의된 중단점에 따라 다양한 크기의 이미지를 다양한 화면 해상도로 전달하려면 이 옵션을 활성화합니다.",
    "enableRSSFeed": "RSS 피드 활성화",
    "enableSharingButtons": "공유 버튼 활성화",
    "enableSpellchecker": "맞춤법 검사기 활성화",
    "errorPage": "오류 페이지:",
    "errorPageFilenameCannotBeEmpty": "오류 페이지 파일 이름은 필수 항목입니다",
    "errorPageFilenameCannotEqualSearchPageFilename": "오류 페이지의 파일 이름은 검색 페이지의 파일 이름과 같은 이름으로 설정할 수 없습니다.",
    "errorPageTitleVariables": "오류 페이지의 제목에는 다음 변수를 사용할 수 있습니다: %sitename.",
    "excludedFiles": "제외된 파일",
    "excludeFeaturedPosts": "추천 게시물 제외",
    "excludeFilesFromSitemapInfo": "사이트맵에서 제외할 HTML 파일 또는 폴더의 쉼표로 구분된 목록을 입력합니다.<br>예: <strong>avoid-this-file.html,avoid-this-catalog-too</strong>.",
    "experimentalFeaturesWarning": "우리는 항상 앱을 개선할 방법을 모색하고 있습니다. 이 섹션에는 Publii의 기능을 확장하도록 설계된 실험적 기능이 포함되어 있습니다. 실험적이므로 올바르게 작동한다는 보장은 할 수 없습니다. 책임 하에 활성화하십시오.",
    "experimentalFeatureAppAutoBeautifySourceCode": "WYSIWYG 편집기에서 소스 코드 자동 정리",
    "experimentalFeatureAppAutoBeautifySourceCodeDesc": "이 기능은 WYSIWYG 편집기에서 소스 코드의 자동 정리를 활성화합니다",
    "externalImages": "외부 이미지",
    "externalPage": "외부 페이지",
    "experimentalFeatureAppFtpAlt": "배포에 대체 FTP 라이브러리 사용",
    "experimentalFeatureAppFtpAltDesc": "특히 호스팅에서 서버 주소에 IPv6을 사용하는 경우 이를 시도해보십시오.",
    "externalImages": "외부 이미지",
    "externalPage": "외부 페이지",
    "facebook": "Facebook",
    "facebookAppID": "Facebook 앱 ID",
    "facebookAppIDInfo": "얻는 방법: <a href=\"https://developers.facebook.com/docs/apps/\" target=\"_blank\" rel=\"noopener noreferrer\">Facebook App ID</a>",
    "fallbackImage": "Fallback 이미지",
    "fallbackLogoImage": "Fallback 로고 이미지",
    "fallbackLogoImageInfo": "로고는 600 x 60 픽셀 프레임에 맞춰야 합니다.",
    "featuredPostsOrderBy": "추천 게시물 정렬 기준:",
    "featuredPostsOrdering": "추천 게시물 정렬 순서:",
    "feedsRelativeUrlsInfo": "RSS/JSON 피드 설정을 표시하려면 서버 설정에서 \"상대 URL 사용\" 옵션을 비활성화하세요. 그렇지 않으면 웹 사이트 피드가 생성되지 않습니다.",
    "feedTitle": "피드 제목:",
    "feedUpdatedDateType": "업데이트된 날짜를 다음과 같이 설정했습니다:",
    "filesLocation": "파일 위치",
    "footerText": "푸터 텍스트",
    "frontpage": "홈페이지",
    "gConsentModeDefaultState": "기본 상태",
    "gConsentModeEnabled": "Google 동의 모드 활성화",
    "gConsentMode": {
      "addGroup": "쿠키 그룹 설정 추가",
      "cookieGroup": "쿠키 그룹",
      "description": "이 섹션에서는 Google 동의 모드의 기본 상태를 지정하고 특정 쿠키 그룹이 사용자에 의해 수락될 때 전송되는 신호를 지정할 수 있습니다. Google 동의 모드와 호환되어야 하는 경우 이러한 옵션을 사용하세요. Google Analytics, Google Ads 또는 유사한 도구를 사용하지 않는 경우에는 아마도 이 기능을 활성화할 필요가 없습니다.",
      "title": "Google 동의 모드"
    },
    "GDPR": "개인정보 보호 설정",
    "gdprBannerPosition": {
      "centered": "중앙",
      "left": "왼쪽",
      "right": "오른쪽",
      "bar": "바"
    },
    "gdprAllowAdvancedConfiguration": "고급 쿠키 구성 활성화",
    "gdprAdvancedConfigurationLinkLabel": "고급 설정 버튼 레이블",
    "gdprAdvancedConfigurationLinkPlaceholder": "관리 설정",
    "gdprAdvancedConfigurationAcceptButtonLabel": "승인 버튼 레이블",
    "gdprAdvancedConfigurationRejectButtonLabel": "거부 버튼 레이블",
    "gdprAdvancedConfigurationSaveButtonLabel": "저장 버튼 레이블",
    "gdprAdvancedConfigurationTitle": "팝업 제목",
    "gdprAdvancedConfigurationDescription": "팝업 메시지",
    "gdprAdvancedConfigurationPrivacyLink": "개인정보 보호 정책 링크",
    "gdprAdvancedConfigurationPrivacyLinkDescription": "팝업 메시지에 개인정보 보호 정책 페이지로 연결되는 링크를 표시합니다. '기본' 섹션의 '개인정보 보호 정책 링크 표시' 옵션이 비활성화된 경우 링크도 팝업에 표시되지 않습니다.",
    "gdprBehaviourInfo": "위의 앵커를 사용한 링크를 웹사이트 내비게이션이나 웹사이트 콘텐츠에 배치하는 것을 잊지 마세요. (예: <a href=\"#cookie-settings\">쿠키 설정</a>) 그렇지 않으면 웹사이트 방문자가 개별 쿠키 설정을 변경하지 못할 수 있습니다.",
    "gdprCookieSettingsRevision": "설정 버전",
    "gdprCookieSettingsTTL": "방문자 동의 저장 일 수",
    "gdprDebugMode": "디버그 모드 활성화",
    "gdprShowRejectButton": "거부 버튼 표시",
    "gdprRejectButtonLabel": "거부 버튼 레이블",
    "gdprBannerTitle": "배너 제목",
    "gdprBannerMessage": "배너 메시지",
    "generateOpenGraphTags": "Open Graph 태그 생성",
    "generateTwitterCards": "Twitter 카드 생성",
    "googleAnalyticsTrackingID": "Google Analytics 추적 ID",
    "hiddenPostsOrderBy": "게시물 정렬에서 숨김:",
    "hiddenPostsOrdering": "게시물 정렬 순서에서 숨김:",
    "hideCustomExcerptsOnPostPages": "게시물 페이지에서 사용자 정의 발췌 숨기기",
    "hideCustomExcerptsOnPostPagesInfo": "활성화하면 게시물 페이지에는 게시물 편집기의 \"더 읽기\" 요소 위에 배치된 텍스트가 표시되지 않습니다.",
    "homepageNoIndexPagination": "활성화하면 홈페이지 페이지네이션 파일이 사이트맵에서 제외되고 <strong>noindex, follow</strong> 로봇 메타 태그가 추가됩니다.",
    "homepagePagination": "페이지 매김 홈페이지",
    "howToPrepareYourThemeForGDPRInfo": "이 옵션을 활성화하면 웹사이트에 쿠키 배너가 표시됩니다. 배너를 올바르게 구성하는 방법에 대한 자세한 내용은 <a href=\"https://getpublii.com/docs/gdpr-cookie-banner-configuration.html\" target=\"_blank\" rel=\"noopener noreferrer\">GDPR 쿠키 배너 구성</a> 문서를 참조하세요.",
    "howYtNoCookiesWorks": "활성화하면 YouTube 도메인 'www.youtube.com'이 포함된 임베드 URL이 자동으로 'www.youtube-nocookie.com'으로 변경되어 임베드 플레이어가 방문자의 YouTube 참조 경험을 개인화할 수 없도록 합니다. 또한 사이트 외부 방문자를 위해 표시되는 광고를 사용자 정의하는 데 정보가 사용되지 않도록 합니다. 향상된 개인정보 보호 모드에 대한 자세한 내용은 <a href=\"https://support.google.com/youtube/answer/171780?hl=en#zippy=%2Cturn-on-privacy-enhanced-mode\">YouTube 도움말 페이지</a>를 참조하세요.",
    "howVimeoNoTrackWorks": "활성화하면 Vimeo 임베드 URL (player.vimeo.com/video)에 dnt=1 매개변수가 추가되어 임베드 플레이어가 모든 쿠키 및 분석을 포함한 세션 데이터를 추적하지 못하도록 합니다. Vimeo 플레이어 매개변수에 대한 자세한 내용은 <a href=\"https://vimeo.zendesk.com/hc/en-us/articles/360001494447-Player-parameters-overview\">Vimeo 도움말 페이지</a>를 참조하세요.",
    "imageResizeEngineInfo": "Sharp 리사이즈 엔진은 Jimp보다 훨씬 빠르지만 일부 이미지에서 문제가 발생할 수 있습니다. 썸네일을 생성하거나 재생성할 때 문제가 발생하면 Jimp 리사이즈 엔진으로 전환해 보세요. WebP 이미지를 사용하려면 Sharp 리사이즈 엔진을 사용해야 합니다.",
    "imagesResizeEngine": "이미지 리사이즈 엔진:",
    "imageResizeEngineWarning": "Jimp 리사이즈 엔진 또는 이미지를 WebP 형식으로 변환하는 옵션이 올바르게 작동하지 않습니다. 모든 웹사이트에서 \"웹사이트 로딩 속도 - WebP 형식으로 변환\"을 비활성화하고 일관성을 위해 썸네일을 재생성했는지 확인하세요.",
    "indentSize": "들여쓰기 크기 (공백)",
    "internalPage": "내부 페이지",
    "leaveBlankForDefaultBackupsDir": "기본 백업 디렉토리를 사용하려면 비워 두세요",
    "leaveBlankForDefaultPreviewDirectory": "기본 미리보기 디렉토리를 사용하려면 비워 두세요",
    "leaveBlankToUseDefaultPageTitle": "기본 페이지 제목을 사용하려면 비워 두세요",
    "leaveBlankToUseDefaultSitesDir": "기본 사이트 디렉토리를 사용하려면 비워 두세요",
    "lightMode": "라이트 모드",
    "linkedIn": "LinkedIn",
    "linkLabel": "링크 레이블",
    "loadAtStart": "시작 시 로드:",
    "metaDescription": "메타 설명:",
    "metaRobots": "메타 로봇:",
    "noIndexForChatGPTBot": "GPTBot 봇 차단",
    "noIndexForChatGPTUser": "ChatGPT-User 봇 차단",
    "noIndexForChatGPTBotInfo": "이 옵션을 활성화하면 GPTBot 봇(<a href=\"https://platform.openai.com/docs/gptbot\" target=\"_blank\">크롤링 사용</a>)에 의해 사이트 콘텐츠가 인덱싱되지 않습니다. 사용자 정의 robots.txt 파일을 사용하지 않는 경우에만 적용된다는 점에 유의하세요.",
    "noIndexForChatGPTUserInfo": "이 옵션을 활성화하면 ChatGPT-User 봇(<a href=\"https://platform.openai.com/docs/plugins/bot\" target=\"_blank\">ChatGPT 플러그인 사용</a>)에 의해 사이트 콘텐츠가 인덱싱되지 않습니다. 사용자 정의 robots.txt 파일을 사용하지 않는 경우에만 적용된다는 점에 유의하세요.",
    "noIndexForCommonCrawlBots": "일반 크롤링 봇 차단",
    "noIndexForCommonCrawlBotsInfo": "이 옵션을 활성화하면 Common Crawl 봇에 의해 사이트 콘텐츠가 인덱싱되지 않습니다. 사용자 정의 robots.txt 파일을 사용하지 않는 경우에만 적용된다는 점에 유의하세요.",
    "noIndexWebsite": "noindex 웹사이트",
    "notSelected": "선택되지 않음",
    "numberOfPostsInFeed": "피드의 게시물 수",
    "openDevtoolsInMainW": "메인 윈도우에서 자동으로 DevTools 열기",
    "openGraph": "Open Graph (OGP)",
    "openLastUsedWebsite": "마지막으로 사용한 웹사이트 열기",
    "openPopupWindowBy": "배너 열기 기준",
    "optionsForDevelopers": "관리자용 옵션",
    "optionsForEditors": "편집자용 옵션",
    "optionsForExperimentalFeatures": "실험적 기능",
    "ordering": {
      "authorASC": "작성자 (오름차순)",
      "authorDESC": "작성자 (내림차순)",
      "createdASC": "생성일 (오름차순)",
      "createdDESC": "생성일 (내림차순)",
      "idASC": "ID (오름차순)",
      "idDESC": "ID (내림차순)",
      "modifiedASC": "수정일 (오름차순)",
      "modifiedDESC": "수정일 (내림차순)",
      "nameASC": "이름 순 (오름차순)",
      "nameDESC": "이름 순 (내림차순)",
      "postsCounterASC": "게시물 수 순 (오름차순)",
      "postsCounterDESC": "게시물 수 순 (내림차순)",
      "titleASC": "제목 (오름차순)",
      "titleDESC": "제목 (내림차순)"
    },
    "pageName": "페이지 이름",
    "pageTitle": "페이지 제목",
    "pageTitleVariables": "페이지 제목에는 다음 변수를 사용할 수 있습니다: %posttitle, %sitename, %authorname",
    "paginationPhrase": "페이지 번호 구문:",
    "paginationPhraseCannotBeEmpty": "페이지 번호 구문은 필수 항목입니다.",
    "paginationPhraseInfo": "URL의 페이지 번호 앞에 사용할 구문을 정의합니다. 예: <strong>https://example.com/tags/tag-slug/page/2</strong><br>",
    "password": {
      "alwaysAskForPassword": "항상 비밀번호 입력 요청",
      "password": "비밀번호",
      "passwordFieldCantBeEmpty": "비밀번호 필드는 비워둘 수 없습니다."
    },
    "pinterest": "Pinterest",
    "postCreationDate": "게시물 작성일",
    "postID": "게시물 ID",
    "postModificationDate": "게시물 수정일",
    "postPageTitleVariables": "게시물 페이지 제목에는 다음 변수를 사용할 수 있습니다: %posttitle, %sitename, %authorname.",
    "postsListing": "게시물 목록",
    "postsOrderBy": "게시물 정렬:",
    "postsOrdering": "게시물 정렬 순서:",
    "postTile": "게시물 제목",
    "previewLocation": "미리보기 위치",
    "previewLocationChangedConfirmMsg": "미리보기 저장 위치가 변경되었습니다. 이 폴더에 있는 기존 파일은 웹사이트 미리보기를 생성할 때 삭제됩니다.",
    "privacyPolicyLinkLabel": "개인정보 보호정책 링크 레이블",
    "privacyPolicyPage": "페이지 선택",
    "privacyPolicyPageURL": "외부 URL 입력",
    "privacyPolicyURL": "개인정보 보호정책 링크 소스",
    "provideFacebookAppID": "자세한 내용은 다음을 참조하세요: <a href=\"https://developers.facebook.com/docs/apps/\" target=\"_blank\" rel=\"noopener noreferrer\">Facebook App ID</a>",
    "random": "무작위",
    "readAboutOurRecommendedServerSettings": "권장 서버 구성에 대해 자세히 알아보려면 다음 문서를 참조하세요: <a href=\"https://getpublii.com/docs/recommended-server-settings.html\" target=\"_blank\">article</a>.",
    "relatedPostsOptions": "관련 게시물 옵션",
    "relatedPostsOptionsInfo": "활성화하면 관련 게시물이 모든 태그에서 가져옵니다. 비활성화하면 관련 게시물이 현재 게시물과 동일한 태그에서만 생성됩니다.",
    "relatedPostsOrdering": "관련 게시물 정렬:",
    "relatedPostsSelectionMechanism": "관련 게시물 선택 메커니즘:",
    "removeHTMLComments": "HTML 주석 제거",
    "responsiveImagesQuality": "반응형 이미지 품질",
    "responsiveImagesAlphaQuality": "반응형 이미지 알파 품질 (WebP만 해당)",
    "RSSJSONFeed": "RSS・JSON 피드",
    "saveButtonLabel": "버튼 레이블 저장",
    "saveSearchStateInfo": "활성화하면 Publii는 새 게시물을 만들 때도 현재 검색 결과를 저장하므로 목록으로 돌아갈 수 있습니다. 기본적으로 Publii는 편집할 게시물을 열 때만 검색 결과를 저장합니다.",
    "requiresRestartingApp": "Publii 앱을 다시 시작해야 합니다.",
    "saveSettings": "설정 저장",
    "searchPage": "검색 페이지:",
    "searchPageFilenameCannotBeEmpty": "검색 페이지 파일 이름은 비워둘 수 없습니다.",
    "searchPageTitleVariables": "검색 페이지 제목에는 다음 변수를 사용할 수 있습니다: %sitename.",
    "selectedDirInvalid": "선택한 디렉토리가 존재하지 않습니다.",
    "selectPage": "페이지 선택",
    "showFeaturedImage": "추천 이미지 표시",
    "showFeaturedImageInfo": "게시물의 추천 이미지를 피드에 표시합니다.",
    "showFullText": "전체 텍스트 표시",
    "showFullTextInFeedInfo": "게시물의 전체 텍스트를 피드에 표시합니다.",
    "showModificationDate": "수정일 표시",
    "showModificationDateAsColumn": "수정일을 열로 표시",
    "showOnlyFeaturedPosts": "추천 게시물만 표시",
    "showPostTagsOnTheListing": "목록에 게시물 태그 표시",
    "showPostSlugsOnTheListing": "목록에 게시물 슬러그 표시",
    "showPrivacyPolicyLink": "개인정보 보호정책 링크 표시",
    "sitemap": "사이트맵",
    "sitemapLinkInfo": "XML 사이트맵은 여기에 있습니다: <a href=\"{sitemapLink}\" class=\"sitemap-external-link\" target=\"_blank\" rel=\"noopener noreferrer\">sitemap.xml</a>",
    "sitemapRelativeUrlsInfo": "사이트맵 설정을 표시하려면 서버 설정에서 \"상대 URL 사용\" 옵션을 비활성화하세요. 그렇지 않으면 웹사이트 사이트맵이 생성되지 않습니다.",
    "siteSettings": "사이트 설정",
    "siteSettingsSaveDuplicateNameErrorMessage": "입력한 사이트 이름이 이미 사용 중입니다. 다른 사이트 이름을 입력하세요.",
    "siteSettingsSaveEmptyNameErrorMessage": "사이트 이름은 비워둘 수 없습니다. 사이트 이름을 입력하세요.",
    "siteSettingsSaveNoKeyringErrorMessage": "Publii는 비밀번호 저장소 문제로 인해 설정을 저장할 수 없습니다. 애플리케이션을 다시 시작하고 다시 시도하세요. 문제가 지속되면 커뮤니티 포럼에 보고해 주세요.",
    "siteSettingsSaveNoKeyringErrorMessageLinux": "안전한 비밀번호 저장소 소프트웨어가 설치되어 있지 않아 Publii에서 설정을 저장할 수 없습니다. https://github.com/atom/node-keytar/의 NodeKeytar 설치 지침을 따르고 다시 시도하세요. 대부분의 경우 libsecret-1-dev 및 gnome-keyring 패키지가 시스템에 없습니다.",
    "siteSettingsSaveSiteNotExistsErrorMessage": "사이트가 존재하지 않습니다. 애플리케이션을 다시 시작하세요.",
    "siteSettingsSaveSuccessMessage": "사이트 설정을 저장했습니다.",
    "sitesLocation": "사이트 위치",
    "sitesLocationChangedConfirmMsg": "사이트 저장 위치가 변경되었습니다. 새 저장 위치 폴더에 있는 기존 파일은 사이트 파일을 이동하기 전에 삭제됩니다.",
    "spellcheckerDoesNotSupportLanguage": "맞춤법 검사기는 선택한 웹사이트 언어를 지원하지 않습니다. 이 기능을 비활성화하는 것이 좋습니다.",
    "system": "시스템",
    "systemColors": "시스템 색상 사용",
    "tagPages": "태그 페이지",
    "tagPageTitleVariables": "태그 페이지 제목에는 다음 변수를 사용할 수 있습니다: %tagname, %sitename.",
    "tagPrefix": "태그 접두사:",
    "tagPrefixInfo": "여기에 입력한 접두사는 URL의 태그 슬러그 앞에 추가됩니다. 예: <strong>https://example.com/TAG_PREFIX/tag-slug</strong><br>이 접두사는 태그 목록 페이지 생성에도 사용됩니다(테마에서 지원하는 경우). 예: <strong>https://example.com/TAG_PREFIX/index.html</strong>.",
    "tagsListPage": "태그 목록 페이지",
    "tagsListPageTitleVariables": "태그 목록 페이지 제목에는 다음 변수를 사용할 수 있습니다: %sitename.",
    "tagsPrefixCannotBeEmpty": "접두사 URL이 활성화된 경우 태그 접두사를 비워둘 수 없습니다.",
    "themeDoesNotHaveSupportedFeaturesList": "<p>테마의 <strong>config.json</strong> 파일에 <strong>supportedFeatures</strong> 섹션이 포함되어 있지 않습니다. 현재 사용 중인 테마에서 지원하지 않는 기능에 대한 정확한 메시지를 포함하도록 테마를 업데이트하거나 변경하세요. <a href=\"https://getpublii.com/dev/theme-supported-features\" target=\"_blank\" rel=\"noopener noreferrer\">지원되는 기능에 대해 알아보기</a></p>",
    "themeDoesNotSupport404ErrorPage": "이 테마는 404 오류 페이지를 지원하지 않습니다.",
    "themeDoesNotSupportAuthorPages": "이 테마는 작성자 페이지를 지원하지 않습니다.",
    "themeDoesNotSupportErrorPages": "이 테마는 오류 페이지를 지원하지 않습니다.",
    "themeDoesNotSupportSearchPages": "이 테마는 페이지 검색을 지원하지 않습니다.",
    "themeDoesNotSupportTagPages": "이 테마는 태그 페이지를 지원하지 않습니다.",
    "themeDoesNotSupportTagsListPage": "이 테마는 태그 목록 페이지를 지원하지 않습니다.",
    "themeDoesNotSupportEmbedConsents": "이 테마는 삽입된 콘텐츠를 지원하지 않습니다.",
    "themePrimaryColor": "테마 기본 색상",
    "timeFormat": "시간 형식:",
    "toViewSitemapEnableIndexingInfo": "사이트맵 설정을 표시하려면 'SEO 설정' 탭에서 '검색 엔진이 이 웹사이트의 인덱스를 생성하지 않도록 요청' 옵션을 비활성화하세요. 그렇지 않으면 웹사이트용 사이트맵이 생성되지 않습니다.",
    "tumblr": "Tumblr",
    "twitter": "Twitter",
    "twitterCards": "트위터 카드",
    "twitterUsername": "트위터 사용자 이름",
    "twitterSummaryCard": "요약 카드",
    "twitterSummaryCardLargeImage": "요약 카드에 사용할 큰 이미지",
    "urls": "URL",
    "useAsTitlePageTitle": "제목 페이지 제목으로 사용",
    "useAsTitlePageTitleInfo": "이 옵션을 활성화하면 og:title 및 twitter:title 메타 태그에 게시물 제목, 태그 이름, 작성자 이름 대신 페이지 제목이 포함됩니다.",
    "useGlobalConfiguration": "전역 구성 사용",
    "useOnlyTags": "태그만 사용",
    "useOnlyTitles": "제목만 사용",
    "usePrettyURLs": "Pretty URL 사용",
    "usePrettyURLsInfo": "활성화하면 게시물 URL에 .html 접미사가 포함되지 않습니다. 예: <strong>https://example.com/post.html</strong>에서 <strong>https://example.com/post/</strong>로 변경됩니다.",
    "useSiteGlobalSettings": "전역 사이트 설정 사용",
    "useTitlesAndTags": "제목과 태그 사용",
    "useWideScrollbars": "스크롤 막대 너비 확장",
    "versionParameter": "버전 매개변수",
    "versionParameterInfo": "CSS 및 JS URL에 버전 매개변수를 추가하여 브라우저 캐시를 건너뜁니다. 이 옵션을 사용하면 배포 중에 일반적으로 더 많은 파일이 동기화될 수 있습니다.",
    "vimeoNoTrack": "Vimeo 동영상에 대해 'Do Not Track' 모드 활성화",
    "webpLossless": "반응형 WebP 이미지에 대해 무손실 압축 활성화",
    "websiteSpeed": "웹사이트 표시 속도",
    "whatsApp": "WhatsApp",
    "youMustReviewGdprSettings": "Publii v.0.40에서는 개인정보 설정, 특히 쿠키 배너 설정이 크게 변경되었으므로 반드시 확인해 주세요. <a href=\"https://getpublii.com/blog/release-040.html#cookie-banner\" target=\"_blank\">자세한 내용 참조...</a>",
    "ytNoCookies": "YouTube 비디오에서 Privacy-Enhanced mode 사용하기"
  },
  "site": {
    "addNewWebsite": "새로운 웹사이트 추가",
    "cloneWebsite": "웹사이트 복제",
    "cloneWebsiteSuccessMsg": "웹사이트를 복제했습니다. 전환 대상: ",
    "createNewWebsite": "새로운 웹사이트 생성",
    "createWebsite": "웹사이트 생성",
    "createYourFirstWebsite": "첫 번째 웹사이트 생성",
    "creationInProgress": "생성 준비 중...",
    "deleteWebsite": "웹사이트 삭제",
    "deleteWebsiteConfirmMsg": "이 웹사이트를 삭제하시겠습니까? 이 작업은 되돌릴 수 없습니다.",
    "deleteWebsiteCSuccessMsg": "웹사이트를 삭제했습니다.",
    "deleteWebsiteSuccessMsg": "웹사이트를 삭제했습니다. 전환 대상: ",
    "duplicateWebsite": "웹사이트 복제",
    "erroOcurredDuringSiteDatabaseCreationInfo": "사이트 데이터베이스 생성 중 오류가 발생했습니다. 바이러스 백신 소프트웨어를 확인하고 다시 시도해 주세요. 또한 Publii의 사이트 디렉터리에서 잘못된 웹사이트 폴더를 삭제해야 할 수도 있습니다.",
    "installFromBackup": "백업에서 설치",
    "removeWebsite": "웹사이트 제거",
    "restoreFromBackup": {
      "createWebsite": "웹사이트 생성",
      "invalidBackupContent": "업로드된 파일이 유효한 백업이 아닙니다.",
      "invalidSiteData": "업로드된 백업이 손상되었습니다.",
      "iWantChangeName": "웹사이트 이름 변경",
      "restoreFailed": "백업에서 웹사이트를 생성하는 중 오류가 발생했습니다. 다시 시도해 주세요.",
      "selectSiteName": "사이트 이름을 지정해 주세요",
      "siteExistsWantOverride": "선택한 디렉터리 이름에 몇 개의 웹사이트가 존재합니다. 계속하면 이전 웹사이트의 데이터를 모두 잃을 수 있습니다. 백업에서 웹사이트를 복원하면 같은 이름의 기존 사이트를 덮어씁니다.",
      "siteNameCannotBeEmpty": "웹사이트 이름은 비워둘 수 없습니다",
      "unsupportedFormat": "지원되지 않는 형식입니다. - TAR 백업 파일을 사용해 주세요.",
      "unpackError": "백업 압축 해제 중 오류가 발생했습니다 - 다시 시도해 주세요.",
      "yesPleaseOverride": "예, 덮어씁니다"
    },
    "selectedBackupFile": "백업 파일 선택: ",
    "siteLoadingErrorMsg": "선택한 웹사이트 로딩 중 오류가 발생했습니다. 웹사이트 파일을 확인하고 다시 시도해 주세요.",
    "siteName": "사이트 이름:",
    "siteSettingsSaveSuccessMsg": "사이트 설정을 정상적으로 저장했습니다.",
    "siteWithThisNameExists": "이 이름을 사용한 사이트가 이미 존재합니다!",
    "specifyNameForWebsiteDuplicate": "복제할 웹사이트의 새 이름을 입력해 주세요:",
    "websiteAuthorRequired": "작성자는 필수 항목이며 영문을 포함해야 합니다.",
    "websiteName": "웹사이트 이름",
    "websiteNameAlreadyInUseMsg": "선택된 이름은 다른 웹사이트에서 사용 중입니다. 다시 시도해 주세요.",
    "websiteNameCantBeEmpty": "웹사이트 이름은 비워둘 수 없습니다. 다시 시도해 주세요.",
    "websiteNameRequired": "웹사이트 이름은 필수 항목입니다",
    "websiteNotFound": "웹사이트를 찾을 수 없습니다"
  },
  "supportedFeatures": {
    "featureNames": {
      "authorImages": "작성자 추천 이미지",
      "authorPages": "작성자 하위 페이지",
      "blockEditor": "블록 에디터",
      "customComments": "사용자 정의 댓글",
      "customSearch": "사용자 정의 검색",
      "errorPage": "오류 하위 페이지",
      "searchPage": "검색 하위 페이지",
      "tagImages": "태그 추천 이미지",
      "tagsList": "태그 목록 하위 페이지",
      "tagPages": "태그 하위 페이지"
    },
    "yourThemeDoNotSupport": "현재 사용 중인 테마가 필요한 기능을 지원하지 않습니다: {featureName}"
  },
  "sync": {
    "accessID": "액세스 ID",
    "accessIDFieldCantBeEmpty": "액세스 ID 필드는 비워둘 수 없습니다",
    "acl": "액세스 제어 목록",
    "afterInitialSyncSiteWillBeAvailableOnline": "초기 동기화 후 웹사이트를 온라인에서 사용할 수 있습니다",
    "allFilesUploadedPart1": "모든 파일이 서버에 정상적으로 업로드되었습니다. ",
    "allFilesUploadedPart2": "아래 버튼을 클릭하여 웹사이트를 확인해 주세요.",
    "apiRateLimiting": "API 속도 제한",
    "apiRateLimitingNote": "이 옵션은 GitHub Enterprise에서 API 속도 제한을 비활성화하여 사용하는 경우에만 비활성화해야 합니다. 그렇지 않으면 이 옵션을 비활성화하면 배포 오류가 발생할 수 있습니다.",
    "apiServer": "API 서버",
    "apiServerNote": "이 값은 자체 GitHub 인스턴스(Enterprise 버전)를 사용하는 경우에만 변경해야 합니다.",
    "authenticationMethod": "인증 방법",
    "branch": "브랜치",
    "branchExampleGitNote": "예: <strong>main</strong>, <strong>gh-pages</strong>, <strong>docs</strong>.",
    "branchExampleGitHubNote": "예: <strong>gh-pages</strong>, <strong>docs</strong>, <strong>main</strong>",
    "branchExampleGitLabeNote": "예: <strong>main</strong>",
    "branchFieldCantBeEmpty": "브랜치 항목은 비워둘 수 없습니다",
    "bucket": "버킷",
    "bucketFieldCantBeEmpty": "버킷 항목은 비워둘 수 없습니다",
    "certificates": "인증서",
    "changeServerType": "서버 유형 변경",
    "checkingConnection": "연결 확인 중...",
    "clickToChangeDeploymentMethod": "클릭하면 현재 사용 중인 배포 방법을 변경할 수 있습니다",
    "commitAuthor": "커밋 작성자",
    "commitAuthorFieldCantBeEmpty": "커밋 작성자 항목은 비워둘 수 없습니다",
    "commitEmail": "커밋 작성자 이메일",
    "commitMessage": "커밋 메시지",
    "commitMessageFieldCantBeEmpty": "커밋 메시지 항목은 비워둘 수 없습니다",
    "configureServer": "서버 구성",
    "connectedToServer": "서버에 연결되었습니다",
    "connectingToServer": "서버에 연결 중...",
    "connectionToServerErrorAdditionalMessage": "서버 연결 중 오류가 발생했습니다: ",
    "connectionToServerErrorMessage": "서버 연결 중 오류가 발생했습니다. 서버 설정을 확인하거나 다시 시도해 주세요.",
    "connectionToServerErrorText": "서버 연결 중 오류가 발생했습니다...",
    "connectToServerCantStoreFilesErrorMsg": "오류! 애플리케이션이 서버에 연결할 수 있었지만 파일을 저장할 수 없었습니다. 서버의 파일 권한을 확인해 주세요.",
    "connectToServerErrorMsg": "오류! 애플리케이션이 서버에 연결할 수 없었습니다.",
    "connectToServerSuccessMsg": "성공! 애플리케이션이 서버에 연결할 수 있었습니다.",
    "deploymentMethodFtpMsg": "FTP 프로토콜은 암호화되지 않은 통신을 사용하므로 사용자 이름과 비밀번호를 포함한 모든 데이터는 통신을 가로채는 누군가가 읽을 수 있습니다. 가능하다면 FTPS 또는 SFTP 프로토콜을 사용하는 것을 강력히 권장합니다.",
    "deploymentMethodGitMsg": "Git을 사용하여 웹사이트를 구성하는 방법에 대한 자세한 내용은 Publii의 온라인 <a href=\"https://getpublii.com/docs/host-static-website-git-repository.html\" target=\"_blank\" rel=\"noopener noreferrer\">문서</a>를 확인해 주세요.",
    "deploymentMethodGithubPagesDeprecated": "GitHub Pages는 비추천 동기화 방법이며 Publii v.0.47에서 제거될 예정입니다. 서버 설정을 Git 저장소 방식으로 이전하는 것을 강력히 권장합니다",
    "deploymentMethodGithubPagesMsg": "GitHub Pages를 사용한 웹사이트 구성에 대한 자세한 내용은 Publii 온라인 <a href=\"https://getpublii.com/docs/host-static-website-github-pages.html\" target=\"_blank\" rel=\"noopener noreferrer\">문서</a>를 확인해 주세요.",
    "deploymentMethodGitNote": "사용자 정의 도메인을 사용하는 경우 루트 파일의 파일 관리자에 CNAME 파일을 배치해야 합니다.",
    "deploymentMethodGithubPagesNote": "GitHub의 저장소 경로입니다. 다음 형식으로 기술합니다: <strong>YOUR_USERNAME.github.io/YOUR_REPOSITORY_NAME</strong><br>사용자 정의 도메인 이름을 사용하는 경우 이 필드에 사용자 정의 도메인 이름만 설정하세요.",
    "deploymentMethodGitlabPagesDeprecated": "GitLab Pages는 비추천 동기화 방법이며 Publii v.0.47에서 제거될 예정입니다. 서버 설정을 Git 저장소 방식으로 이전하는 것을 강력히 권장합니다.",
    "deploymentMethodGitlabPagesMsg": "GitLab Pages를 사용한 웹사이트 구성에 대한 자세한 내용은 Publii의 온라인 <a href=\"https://getpublii.com/docs/host-static-website-gitlab-pages.html\" target=\"_blank\" rel=\"noopener noreferrer\">문서</a>를 확인해 주세요.",
    "deploymentMethodGoogleCloudMsg": "Google Cloud를 사용한 웹사이트 구성에 대한 자세한 내용은 Publii의 온라인 <a href=\"https://getpublii.com/docs/make-static-website-google-cloud.html\" target=\"_blank\" rel=\"noopener noreferrer\">문서</a>를 확인해 주세요.",
    "deploymentMethodNetlifyMsg": "Netlify를 사용한 웹사이트 구성에 대한 자세한 내용은 Publii의 온라인 <a href=\"https://getpublii.com/docs/build-a-static-website-with-netlify.html\" target=\"_blank\" rel=\"noopener noreferrer\">문서</a>를 확인해 주세요.",
    "deploymentMethodS3Msg": "S3를 사용한 웹사이트 구성에 대한 자세한 내용은 Publii의 온라인 <a href=\"https://getpublii.com/docs/setup-static-website-hosting-amazon-s3.html\" target=\"_blank\" rel=\"noopener noreferrer\">문서</a>를 확인해 주세요.",
    "deploymentSettingDatHyperIpfsProtocolNote": "\"dat://\" \"hyper://\" \"dweb://\" \"ipfs://\"프로토콜은 P2P 네트워크에서 웹사이트를 사용할 계획이 있는 경우에만 유효합니다. 자세한 내용은 다음을 참조하십시오: <a href=\"https://datproject.org/\" target=\"_blank\" rel=\"noopener noreferrer\">dat://</a> <a href=\"https://hypercore-protocol.org/\" target=\"_blank\" rel=\"noopener noreferrer\">hyper://</a> <a href=\"https://dwebx.org/\" target=\"_blank\" rel=\"noopener noreferrer\">dweb://</a> <a href=\"https://ipfs.io/\" target=\"_blank\" rel=\"noopener noreferrer\">IPFS</a>",
    "deploymentSettingDoubleSlashProtocolNote": "주의: 프로토콜로 \"//\"를 사용하는 경우, Open Graph 태그, 공유 버튼 등 일부 기능이 제대로 작동하지 않습니다.",
    "deploymentSettingFileProtocolNote": "\"file://\" 프로토콜은 인트라넷에서 웹사이트를 수동으로 배포하는 경우에만 유효합니다.",
    "deploymentSettingRelativeUrlsNote": "주의: 상대 URL 사용 중에는 Open Graph 태그, 사이트맵, RSS 피드, JSON 피드 등 일부 기능이 비활성화됩니다.",
    "deprecated": "폐지",
    "destinationServerNotConfiguredErrorMessage": "대상 서버가 제대로 구성되지 않아 웹사이트를 동기화할 수 없습니다. <br>서버 설정을 확인하고 올바른 정보가 입력되었는지 확인하세요.",
    "destinationServerNotConfiguredErrorText": "대상 서버가 제대로 구성되었는지 확인하세요.",
    "domainNameNotSetErrorMessage": "도메인 이름이 설정되지 않아 웹사이트를 동기화할 수 없습니다. <br>서버 설정을 확인하고 도메인 이름이 입력되었는지 확인하세요.",
    "domainNameNotSetErrorText": "도메인 이름이 설정되었는지 확인하세요.",
    "duringSyncYouCantChangeFilesLocation": "동기화 중에는 파일 위치를 변경할 수 없습니다.",
    "fieldIsCaseSensitive": "이 필드는 대소문자를 구분합니다.",
    "filesNotSyncedErrorMessage": "도구 → 로그 보기 도구에서 hard-upload-errors-log.txt 파일을 확인하세요.",
    "filesNotSyncedErrorText": "일부 파일이 동기화되지 않았습니다.",
    "ftp": "FTP",
    "ftps": "FTPS",
    "ftpWithSSLTLS": "SSL/TLS를 사용한 FTP",
    "generatePreviewFiles": "미리보기 파일 생성",
    "getWebsiteFiles": "웹사이트 파일 가져오기",
    "git": "Git",
    "github": "GitHub",
    "githubPages": "GitHub Pages",
    "githubSyncedPart1": "배포가 완료된 후에도 GitHub Pages의 변경 사항이 몇 분 동안 표시되지 않을 수 있습니다. ",
    "githubSyncedPart2": "반영될 때까지 기다려주세요.",
    "gitlabPages": "GitLab Pages",
    "gitlabSyncedPart1": "배포가 완료된 후에도 GitLab Pages의 변경 사항이 몇 분 동안 표시되지 않을 수 있습니다. ",
    "gitlabSyncedPart2": "반영될 때까지 기다려주세요.",
    "gitPassword": "비밀번호 / 토큰",
    "gitPasswordNote": "2FA를 사용하여 계정을 보호하는 경우 비밀번호 대신 이전에 생성된 액세스 토큰을 사용해야 합니다.",
    "googleCloud": "Google Cloud",
    "googleCloudPrefixNote": "웹사이트가 하위 디렉터리에 배치될 수 있습니다. 접두사 앞에 슬래시를 사용하지 마세요 (예: <strong>/blog/</strong>) - 이름이 비어 있는 추가 디렉터리가 생성됩니다. 적절한 접두사 예: <strong>blog</strong>.",
    "goToAppSettings": "앱 설정으로 이동",
    "goToSettings": "설정으로 이동",
    "keyFile": "키 파일",
    "lastRendered": "최종 렌더링",
    "lastSync": "최종 동기화",
    "leaveBlankToUseDefaultOutputDirectory": "기본 출력 디렉터리를 사용하려면 비워 두세요.",
    "manualDeployment": "수동 배포",
    "manualOutputFieldCantBeEmpty": "수동 출력 필드는 비워둘 수 없습니다.",
    "ManualUpload": "수동 업로드",
    "netlify": "Netlify",
    "netlifyToken": "Netlify 토큰",
    "nonCompressedCatalog": "압축되지 않은 카탈로그",
    "note": "참고:",
    "operationsDone": "작업 완료",
    "outputDirectory": "출력 디렉터리",
    "outputDirectoryNote": "Publii는 선택한 디렉터리에 {siteName}-files 카탈로그/파일을 생성합니다. 이미 존재하는 경우 새 파일로 대체됩니다.",
    "outputType": "출력 유형",
    "outputTypeNote": "Publii는 웹사이트 카탈로그 또는 ZIP, TAR 아카이브를 생성합니다. 그 후에 이러한 파일을 수동으로 임의의 서버에 업로드할 수 있습니다.",
    "parallelUploads": "병렬 업로드 수",
    "parallelUploadsNote": "병렬 처리가 많아지면 느린 인터넷 연결에서 업로드 오류가 발생하거나 API 속도 제한으로 인해 403 오류가 발생할 수 있습니다.",
    "passphraseForKey": "키의 암호",
    "passphraseForKeyNote": "키에 암호가 필요한 경우에만 이 필드를 사용하세요.",
    "port": "포트 번호",
    "portFormatNote": "포트 번호 필드는 비워둘 수 없으며 1에서 65535 사이의 양의 정수여야 합니다.",
    "prefix": "접두사",
    "preparationError": "준비 오류",
    "preparedToUpload": "업로드 준비 완료",
    "preparingFiles": "파일 준비 중",
    "previewCatalogDoesNotExistInfo": "미리보기 카탈로그가 존재하지 않습니다. 먼저 앱 설정에서 올바른 미리보기 디렉터리를 선택하세요.",
    "previewChanges": "변경 사항 미리보기",
    "provideAccessData": "액세스 데이터 제공",
    "provideFTPPasswordFor": "FTP 비밀번호 입력: ",
    "provideFTPPasswordForServer": "다음 서버의 FTP 비밀번호를 입력하세요: ",
    "region": "리전",
    "regionFieldCantBeEmpty": "리전 필드는 비워둘 수 없습니다.",
    "remotePath": "원격 경로",
    "remotePathMatchServerOrRootPathNote": "경로는 서버 경로와 일치해야 합니다. 예: public_html/, public_html/blog/ 또는 루트 경로 예: /home/username/public_html/",
    "remotePathMatchServerRootPathNote": "경로는 서버의 루트 경로와 일치해야 합니다. 예: /public_html/, /public_html/blog/",
    "repository": "리포지토리",
    "repositoryFieldCantBeEmpty": "리포지토리 필드는 비워둘 수 없습니다.",
    "repositoryUrl": "리포지토리 URL",
    "repositoryUrlFieldCantBeEmpty": "리포지토리 URL 필드는 비워둘 수 없습니다.",
    "repositoryUrlNote": "웹사이트 파일을 저장하는 데 사용되는 Git 리포지토리의 URL",
    "requireCertificateForConnection": "연결에는 유효한 인증서가 필요합니다.",
    "requireFTPPassAlwaysOnSync": "사이트를 동기화할 때마다 FTP 비밀번호 요구",
    "s3CompatibleStorage": "S3 호환 스토리지",
    "s3PrefixNote": "웹사이트가 하위 디렉터리에 배치될 수 있습니다. 접두사 이름 앞에 슬래시를 사용하지 마세요 (예: <strong>/blog/</strong>) - 이름이 비어 있는 추가 디렉터리가 생성됩니다. 적절한 접두사 예: <strong>blog/</strong>",
    "s3ProviderEndpoint": "S3 공급자 엔드포인트",
    "s3ProviderEndpointNote": "사용자 정의 S3 공급자를 사용하도록 설정한 경우 사용자 정의 엔드포인트는 필수 항목입니다.",
    "secretKey": "비밀 키",
    "secretKeyFieldCantBeEmpty": "비밀 키 필드는 비워둘 수 없습니다.",
    "selectServerType": "서버 유형 선택:",
    "serverFieldCantBeEmpty": "서버 필드는 비워둘 수 없습니다.",
    "serverGitLabNote": "이 값은 자체 GitLab 인스턴스를 사용하는 경우에만 변경하세요.",
    "serverSettingsSaveErrorMsg": "비밀번호 안전 저장 소프트웨어의 문제로 Publii가 설정을 저장할 수 없습니다. 애플리케이션을 다시 시작하고 다시 시도하세요. 그래도 문제가 해결되지 않으면 커뮤니티 포럼에 보고해 주세요.",
    "serverSettingsSaveLinuxErrorMsg": "안전한 비밀번호 저장 소프트웨어가 설치되어 있지 않아 Publii가 설정을 저장할 수 없습니다. Node Keytar 설치 절차를 따르고 https://github.com/atom/node-keytar/ 다시 시도하세요. 대부분의 경우 libsecret-1-dev 및 gnome-keyring 패키지가 시스템에 없습니다.",
    "serverSettingsSaveSuccessMsg": "서버 설정을 성공적으로 저장했습니다.",
    "settings": "설정",
    "sftp": "SFTP",
    "sftpKeyNote": "키 파일을 선택하세요.",
    "sftpWithKey": "SFTP (공개 키)",
    "sftpWithPassword": "SFTP (비밀번호)",
    "siteFieldCantBeEmpty": "사이트 ID 필드는 비워둘 수 없습니다.",
    "siteID": "사이트 ID",
    "siteIsInSync": "사이트가 동기화되었습니다.",
    "syncFTPNoPasswordMsg": "비밀번호 없이는 웹사이트를 동기화할 수 없습니다. 다시 시도하세요.",
    "syncInProgress": "동기화 진행 중",
    "syncInProgressMessage": "동기화 중에는 사이트 이름을 변경할 수 없습니다.",
    "syncYourWebsite": "웹사이트 동기화",
    "tarArchive": "TAR 아카이브",
    "testConnection": "테스트 연결",
    "testConnectionNoPasswordMsg": "비밀번호 없이는 연결을 테스트할 수 없습니다. 다시 시도하세요.",
    "token": "토큰",
    "tokenFieldCantBeEmpty": "토큰 필드는 비워둘 수 없습니다.",
    "uploadingWebsite": "웹사이트 업로드 중",
    "useCustomS3Provider": "사용자 정의 S3 공급자 사용",
    "useCustomS3ProviderNote": "참고: AWS는 기본 S3 공급자입니다. 대체 공급자를 사용하는 경우 S3 공급자 엔드포인트 필드를 입력해야 합니다.",
    "useFtps": "SSL/TLS를 사용한 FTP 사용",
    "useRelativeURLs": "상대 URL 사용",
    "username": "사용자 이름",
    "usernameFieldCantBeEmpty": "사용자 이름 필드는 비워둘 수 없습니다.",
    "usernameOrganization": "사용자 이름/조직",
    "visitWebsite": "웹사이트 방문",
    "visitYourWebsite": "웹사이트 방문",
    "websiteFilesPreparedInfo": "웹사이트 파일 준비가 완료되었습니다. 아래의 웹사이트 파일 가져오기 버튼을 사용하여<br>수동으로 배포할 파일을 가져옵니다.",
    "websiteLinkInvalidMsg": "죄송합니다! 홈페이지 링크가 유효하지 않은 것 같습니다.",
    "websiteSynchronization": "웹사이트 동기화",
    "websiteSynchronizationInfo": "대상에 중복 파일이 있습니다.<br>Publii에서 생성한 파일과 일치하는 파일은 덮어쓰기됩니다.",
    "websiteURL": "웹사이트 URL",
    "youHaventSelectedAnyThemeInfo": "테마가 선택되지 않았습니다. 먼저 설정에서 테마를 선택하세요.",
    "yourJSONKey": "JSON 키",
    "yourJSONKeyFieldCantBeEmpty": "JSON 키 파일 필드는 비워둘 수 없습니다.",
    "yourPrivateKey": "개인 키",
    "yourWebsiteIsInSync": "웹사이트가 동기화되었습니다.",
    "zipArchive": "ZIP 아카이브"
  },
  "tag": {
    "addNewTag": "새로운 태그 추가",
    "addThisAsNewTag": "새 태그로 이것을 추가",
    "createFirstTag": "아직 태그가 없습니다. 첫 번째 태그를 만들어보세요!",
    "editTag": "태그 수정",
    "filterOrSearchTags": "태그 필터링 또는 검색...",
    "hideTag": "태그 숨기기",
    "leaveBlankToUseDefaultTagPageURL": "기본 태그 페이지 URL을 사용하려면 비워두세요",
    "mainTag": "메인 태그",
    "newTagHasBeenCreated": "새로운 태그가 생성되었습니다",
    "noMainTagForPostMsg": "게시물에 태그가 있고 메인 태그가 설정되어 있지 않으면 알파벳 순서로 첫 번째 태그가 기본으로 사용됩니다.",
    "noSupportFoFeaturedImagesForTags": "이 테마는 태그의 추천 이미지를 지원하지 않습니다.",
    "noTagsAvailable": "태그가 없습니다",
    "noTagsMatchingYourCriteria": "조건에 맞는 태그가 없습니다.",
    "removeTagMessage": "선택한 태그를 삭제하시겠습니까?",
    "removeTagSuccessMessage": "선택된 태그를 삭제했습니다",
    "themeDoesNotSupportForTagPagesInTheme": "\"저장 및 미리보기\" 옵션은 테마가 태그 페이지를 지원하지 않기 때문에 사용할 수 없습니다.",
    "selectTag": "태그 선택",
    "selectTagPage": "태그 페이지 선택",
    "tag": "태그",
    "tagDataParsingErrorMessage": "ID 태그 데이터 분석 중 오류가 발생했습니다: ",
    "tagHasBeenEdited": "태그가 변경되었습니다",
    "tagIsNotAllowed": "이 태그는 사용할 수 없습니다",
    "tagLink": "태그 링크",
    "tagName": "태그 이름:",
    "tagNameCannotBeEmptyErrorMessage": "태그 이름은 비워둘 수 없습니다. 태그 이름을 입력하세요.",
    "tagNameInUseErrorMessage": "입력된 태그 이름은 이미 사용 중입니다. 다른 태그 이름을 입력하세요.",
    "tagNameNotAllowedErrorMessage": "선택된 태그 이름이나 슬러그는 유효하지 않습니다.",
    "tagNameSimilarInUseErrorMessage": "지정된 태그 이름이 이미 사용되고 있습니다. 태그 이름은 대소문자를 구분하지 않습니다. 다른 태그 이름을 입력하세요.",
    "tagPage": "태그 페이지",
    "tagsListLink": "태그 목록 링크",
    "tagStatusChangeSuccessMessage": "선택된 태그의 상태가 변경되었습니다",
    "tagWillNotAppearInGeneratedTagLists": "태그는 게시물 페이지나 태그 페이지 등 생성된 태그 목록에 표시되지 않습니다.",
    "thisTagIsHidden": "이 태그는 숨겨져 있습니다",
    "toUseThisOptionEnableIndexingTagPages": "이 옵션을 사용하려면 먼저 SEO 설정에서 태그 페이지 인덱싱을 활성화하세요."
  },
  "theme": {
    "addThemeSuccessMessage": "테마를 추가했습니다.",
    "authorOptions": "글쓴이 옵션",
    "authorOptionsInfo": "글쓴이 옵션 항목에서는 글쓴이에 추가 정보를 포함해야 하는 글로벌 옵션을 설정할 수 있습니다. 이 항목에서 변경한 사항은 사이트의 모든 글쓴이에게 영향을 주지만, 필요에 따라 개별 글쓴이 편집 화면에서 테마 설정을 덮어쓸 수도 있습니다.",
    "authorsPostsPerPage": "1 페이지 당 글쓴이 게시물 수:",
    "authorsPostsPerPageInfo": "모든 글쓴이 게시물을 표시하려면 -1을 지정하세요.",
    "changeAppTheme": "애플리케이션 테마 변경",
    "customSettings": "사용자 지정 설정",
    "defaultPostTemplate": "기본 게시물 템플릿",
    "defaultTemplate": "기본 템플릿",
    "deleteTheme": "테마 삭제",
    "dropYourThemeHere": "여기에 테마를 드롭하세요",
    "excerptLength": "요약 길이:",
    "getMoreThemes": "다른 테마 가져오기",
    "goToThemesManager": "테마 관리로 이동",
    "installTheme": "테마 설치",
    "leaveBlankToUseDefault": "기본값을 사용하려면 비워 두세요",
    "postOptions": "게시물 옵션",
    "postOptionsInfo": "게시물 옵션 섹션에서는 게시물에 어떤 추가 정보를 포함할지에 대한 글로벌 옵션을 설정할 수 있습니다. 이 섹션에서 변경한 내용은 사이트의 모든 게시물에 반영되지만, 필요에 따라 개별 게시물 편집 화면에서 앱 설정을 덮어쓸 수도 있습니다.",
    "postsPerPage": "1 페이지 당 게시물 수:",
    "postsPerPageInfo": "모든 게시물을 표시하려면 -1을 지정하세요.",
    "removeThemeMessage": "테마 {themeName}을(를) 삭제하시겠습니까?",
    "removeThemeSuccessMessage": "테마를 삭제했습니다.",
    "resetThemeSettings": "테마 설정 초기화",
    "saveSettingsSuccessMessage": "테마 설정을 저장했습니다.",
    "selectTheme": "테마 선택",
    "settingsResetMessage": "테마 설정을 초기화하시겠습니까?",
    "settingsResetSuccessMessage": "테마 설정을 초기화했습니다.",
    "tagOptions": "태그 옵션",
    "tagOptionsInfo": "태그 옵션 항목에서는 태그에 추가 정보를 포함해야 하는 글로벌 옵션을 설정할 수 있습니다. 이 항목에서 변경한 사항은 사이트의 모든 태그에 영향을 주지만, 필요에 따라 개별 태그 편집 화면에서 테마 설정을 덮어쓸 수도 있습니다.",
    "tagsPostsPerPage": "1 페이지 당 태그 게시물 수:",
    "tagsPostsPerPageInfo": "모든 태그 게시물을 표시하려면 -1을 지정하세요.",
    "themes": "테마",
    "themeSettings": "테마 설정",
    "translations": "번역",
    "translationsInfo": "테마의 문구를 영어 이외의 언어로 번역해야 할 경우 - 문서 <a href=\"https://getpublii.com/dev/translations-api/\" target=\"_blank\" rel=\"noopener noreferrer\">Translations API</a> 를 참고하세요.<br><br>",
    "updateThemeSuccessMessage": "테마를 업데이트했습니다.",
    "uploadThemeErrorMessage": "업로드된 파일이 올바르지 않습니다. 테마 디렉토리 또는 테마 ZIP 파일을 업로드하세요.",
    "websiteLogo": "웹사이트 로고:"
  },
  "tools": {
    "css": {
      "customCSS": "사용자 지정 CSS",
      "customCSSSaveSuccessMsg": "사용자 지정 CSS를 저장했습니다.",
      "normal": "Normal",
      "putCustomCSSComment": "여기에 사용자 지정 CSS 코드를 넣으세요"
    },
    "customHTML": "사용자 지정 HTML",
    "find": "찾기:",
    "findAndReplace": "찾기 및 바꾸기:",
    "findAndReplaceShortcut": "Ctrl + Alt + F",
    "findAndReplaceShortcutMac": "Cmd + Alt + F",
    "findShortcut": "Ctrl + F",
    "findShortcutMac": "Cmd + F",
    "goToTools": "도구로 이동",
    "logFileEmpty": "표시할 로그가 없습니다...",
    "logViewer": "로그 뷰어",
    "pluginActivationError": "플러그인을 활성화할 수 없습니다 - 다시 시도하세요",
    "pluginDeactivationError": "플러그인을 비활성화할 수 없습니다 - 다시 시도하세요",
    "selectFileToLoad": "불러올 파일 선택",
    "thumbnails": {
      "listRegeneratedFiles": "재생성된 파일 목록:",
      "processingRegenerateThumbnailsInfo": "썸네일 재생성 버튼을 누르면 새 테마에 정의된 새 이미지 크기 생성이 시작됩니다.",
      "progress": "진행 상황: ",
      "regenerateThumbnails": "썸네일 재생성",
      "regenerateThumbnailsInfo": "테마를 변경했거나 반응형 이미지에 문제가 있는 경우, 아래 버튼에서 이미지를 재생성할 수 있습니다. 이미지 수가 많은 사이트에서는 시간이 걸릴 수 있으므로 기다려 주세요.",
      "regenerateThumbnailsNotNecessaryInfo": "현재 이 웹사이트에서는 테마가 선택되어 있지 않습니다. 썸네일 재생성이 필요하지 않습니다.",
      "regeneratingThumbnails": "썸네일 재생성 중...",
      "skipRegeneration": "재생성 건너뛰기",
      "themeOrThumbnailsSettingsChanged": "테마 또는 썸네일 설정이 변경되었습니다.",
      "thumbnailsCreated": "모든 썸네일을 생성했습니다.",
      "thumbnailsRegenerationCancelled": "썸네일 재생성을 취소했습니다."
    },
    "wpImport": {
      "addTagsToContentAutomatically": "게시물 내용에 <p>・<br> 태그를 자동으로 추가",
      "categories": "카테고리",
      "checkingWXRFile": "선택한 WXR 파일을 확인 중",
      "contentFormatting": "내용 서식:",
      "duringWXRAnalyzeWeHaveFound": "WXR 분석 중",
      "importAuthors": "글쓴이 가져오기",
      "importData": "데이터 가져오기",
      "importingData": "데이터 가져오기",
      "importNote": "게시물은 WYSIWYG 에디터와 호환되는 형식으로 가져옵니다.",
      "importSelectedTypesOfPosts": "선택한 게시물 유형 가져오기:",
      "pages": "페이지",
      "postAuthors": "글쓴이",
      "selectWXRFileLabel": "WXR 파일 선택:",
      "selectWXRFilePlaceholder": "가져올 WXR 파일 선택",
      "usedTaxonomyForPosts": "게시물에 사용된 분류법:",
      "useMainAuthor": "Publii의 주 글쓴이 사용",
      "wpImporter": "WP 가져오기",
      "wpImportGoToRegenerateMsg": "WordPress 데이터를 가져왔습니다. 이미 테마를 선택한 경우, 썸네일을 재생성해야 할 수 있습니다."
    }
  },
  "toolsPlugin": {
    "pluginSettingsLoadError": "플러그인 설정을 불러오는 중 오류가 발생했습니다",
    "pluginSettingsSaveSuccess": "플러그인 설정을 저장했습니다",
    "pluginSettingsSaveError": "플러그인 설정을 저장하는 중 오류가 발생했습니다.",
    "tabsLabel": "플러그인 설정",
    "thisPluginHasNoOptions": "이 플러그인에는 추가 옵션이 없습니다..."
  },
  "ui": {
    "aboutPublii": "Publii 정보",
    "alternativeText": "대체 텍스트",
    "appConfiguration": "앱 구성",
    "applyChanges": "변경 사항 적용",
    "authors": "글쓴이",
    "backToTools": "도구로 돌아가기",
    "backToPosts": "게시물",
    "basicInformation": "기본 정보",
    "beautifyCode": "코드 정리",
    "cancel": "취소",
    "cancelPostWarningMsg": "저장하지 않은 모든 변경 사항이 손실됩니다 - 계속하시겠습니까?",
    "canonicalURL": "정식 URL",
    "caption": "캡션",
    "checkDocumentation": "Publii 문서 확인",
    "close": "닫기",
    "copyToClipboard": "클립보드에 복사",
    "credits": "크레딧",
    "customLink": "사용자 지정 링크",
    "customTemplate": "사용자 지정 템플릿",
    "delete": "삭제",
    "description": "설명",
    "donate": "기부",
    "edit": "편집",
    "featuredImage": "특성 이미지",
    "fillAllRequiredFields": "필수 항목을 모두 입력하세요",
    "frontpageLink": "홈페이지 링크",
    "gdprBreakingChangesConfirmMsg": "개인정보 설정(구 GDPR)의 항목이 크게 변경되었습니다. 설정 내용을 확인하신 후 다시 저장하시는 것을 권장합니다.",
    "githubRepository": "GitHub 리포지토리",
    "goBack": "뒤로 가기",
    "goToPluginCustomOptions": "추가 옵션 숨기기",
    "goToPluginStandardOptions": "추가 옵션 표시",
    "goToSettings": "설정으로 이동",
    "help": "도움말",
    "hide": "숨기기",
    "hideThisNotification": "이 알림 숨기기",
    "id": "ID",
    "ifCanonicalUrlIsSetMetaRobotsTagIsIgnored": "정식 URL이 설정되면 메타 로봇 태그는 무시됩니다.",
    "indexFollow": "index, follow",
    "indexNofollow": "index, nofollow",
    "indexFollowNoArchive": "index, follow, noarchive",
    "indexNofollowNoArchive": "index, nofollow, noarchive",
    "iUnderstand": "네, 이해했습니다",
    "lastModified": "마지막으로 수정됨",
    "leaveBlankToUseDefaultPageTitle": "기본 페이지 제목을 사용하려면 비워 두세요",
    "linkTarget": "링크 대상",
    "loading": "불러오는 중...",
    "menus": "메뉴",
    "metaDescription": "메타 설명",
    "metaRobotsIndex": "메타 로봇 인덱스",
    "minimize": "최소화",
    "more": "더보기",
    "moreInformationOnPublii": "Publii에 대한 자세한 정보",
    "moreItems": "기타 항목",
    "name": "이름",
    "newWindow": "새 창",
    "noindexFollow": "noindex, follow",
    "noindexNofollow": "noindex, nofollow",
    "none": "없음",
    "notAvailableInYourTheme": "사용 중인 테마에서는 사용할 수 없습니다",
    "notSet": "설정되지 않음",
    "of": "/",
    "ok": "확인",
    "otherOptions": "기타 옵션",
    "pages": "페이지",
    "pageTitle": "페이지 제목",
    "pleaseFillAllRequiredFields": "필수 항목을 모두 입력하세요",
    "posts": "게시물",
    "preview": "미리보기",
    "previewFrontPageOnly": "홈페이지만 미리보기",
    "previewFullWebsite": "전체 웹사이트 미리보기",
    "publiiOnGithub": "GitHub에서 Publii 보기",
    "publishAndClose": "게시 및 닫기",
    "publishPost": "게시물 게시",
    "reloadFile": "파일 다시 불러오기",
    "renderFrontPageOnly": "첫 페이지만 생성",
    "renderFullWebsite": "전체 웹사이트 생성",
    "reportBugInSupportDesk": "포럼에 버그 신고",
    "reportIssue": "문제 신고",
    "sameWindow": "같은 창",
    "save": "저장",
    "saveAndClose": "저장 후 닫기",
    "saveAndPreview": "저장 후 미리보기",
    "saveAndRender": "저장 후 생성",
    "saveAsDraft": "초안으로 저장",
    "saveChanges": "변경사항 저장",
    "saveDraft": "초안 저장",
    "saveDraftAndClose": "초안 저장 후 닫기",
    "search": "검색...",
    "selectOption": "검색 옵션",
    "selectWebsite": "웹사이트 선택",
    "seo": "SEO",
    "server": "서버",
    "show": "보기",
    "slug": "Slug",
    "supportPublii": "Publii를 지원하기 위해 지금 바로 기부하세요!",
    "tags": "태그",
    "theme": "테마",
    "tools": "도구 및 플러그인",
    "unhide": "숨김 해제",
    "updateSlug": "Slug 업데이트",
    "uploadInProgress": "업로드 중...",
    "whatsNew": "What's new?"
  }
}