{
    "Action": "액션",
    "Activity": "활동",
    "Address": "주소",
    "Advanced": "고급",
    "Align": "정렬",
    "Align center": "가운데 정렬",
    "Align left": "왼쪽 정렬",
    "Align right": "오른쪽 정렬",
    "Alignment": "정렬",
    "All": "모두",
    "Alternative source": "대체 소스",
    "Alternative source URL": "대체 소스 URL",
    "Anchor": "앵커",
    "Anchor...": "앵커...",
    "Anchors": "앵커",
    "Animals and Nature": "동물과 자연",
    "Arrows": "화살표",
    "B": "B",
    "Background color": "배경색",
    "Black": "검정색",
    "Block": "블록",
    "Blockquote": "인용구",
    "Blue": "파랑",
    "Body": "본문",
    "Bold": "굵게",
    "Border": "테두리",
    "Border color": "테두리 색상",
    "Border style": "테두리 스타일",
    "Border width": "테두리 너비",
    "Bottom": "아래쪽",
    "Browse for an image": "이미지 찾아보기",
    "Bullet list": "글머리 기호 목록",
    "Cancel": "취소",
    "Capitalization": "대문자화",
    "Caption": "캡션",
    "Cell": "셀",
    "Cell padding": "셀 안쪽 여백",
    "Cell properties": "셀 속성",
    "Cell spacing": "셀 간격",
    "Cell type": "셀 유형",
    "Center": "가운데",
    "Characters": "글자",
    "Characters (no spaces)": "글자 (공백 제외)",
    "Circle": "동그라미",
    "Class": "클래스",
    "Clear formatting": "서식 지우기",
    "Close": "닫기",
    "Code": "코드",
    "Code sample": "코드 샘플",
    "Color": "색상",
    "Color Picker": "색상 선택기",
    "Color swatch": "색상 견본",
    "Cols": "열",
    "Column": "열",
    "Column group": "열 그룹",
    "Constrain proportions": "비율 제한",
    "Copy": "복사",
    "Copy row": "행 복사",
    "Could not find the specified string.": "지정된 문자열을 찾을 수 없습니다.",
    "Could not load emoticons": "이모티콘을 불러올 수 없습니다",
    "Count": "개수",
    "Currency": "통화",
    "Current window": "현재 창",
    "Custom color": "사용자 지정 색상",
    "Custom...": "사용자 지정...",
    "Cut": "잘라내기",
    "Cut row": "행 잘라내기",
    "Dark Blue": "진한 파랑",
    "Dark Gray": "진한 회색",
    "Dark Green": "진한 초록",
    "Dark Orange": "진한 주황",
    "Dark Purple": "진한 보라",
    "Dark Red": "진한 빨강",
    "Dark Turquoise": "진한 청록",
    "Dark Yellow": "진한 노랑",
    "Date/time": "날짜/시간",
    "Decrease indent": "들여쓰기 감소",
    "Default": "기본값",
    "Delete column": "열 삭제",
    "Delete row": "행 삭제",
    "Delete table": "표 삭제",
    "Dimensions": "크기",
    "Disc": "디스크",
    "Div": "Div",
    "Document": "문서",
    "Document properties": "문서 속성",
    "Drop an image here": "여기에 이미지 놓기",
    "Edit": "편집",
    "Edit image": "이미지 편집",
    "Embed": "임베드",
    "Emoticons": "이모티콘",
    "Emoticons...": "이모티콘...",
    "Error": "오류",
    "Extended Latin": "확장 라틴어",
    "Failed to upload image: {0}": "이미지 업로드 실패: {0}",
    "Find": "찾기",
    "Find and replace": "찾아 바꾸기",
    "Find and replace...": "찾아 바꾸기...",
    "Find whole words only": "온전한 단어만 찾기",
    "Finish": "완료",
    "Flags": "깃발",
    "Font": "글꼴",
    "Font Sizes": "글꼴 크기",
    "Fonts": "글꼴",
    "Food and Drink": "음식과 음료",
    "Footer": "바닥글",
    "Format": "서식",
    "Format Painter": "서식 복사/붙여넣기",
    "Formats": "서식",
    "Fullscreen": "전체 화면",
    "G": "G",
    "General": "일반",
    "Gray": "회색",
    "Green": "초록",
    "H Align": "가로 정렬",
    "Header": "머리글",
    "Header 1": "제목 1",
    "Header 2": "제목 2",
    "Header 3": "제목 3",
    "Header 4": "제목 4",
    "Header 5": "제목 5",
    "Header 6": "제목 6",
    "Header cell": "머리글 셀",
    "Headers": "머리글",
    "Heading 1": "제목 1",
    "Heading 2": "제목 2",
    "Heading 3": "제목 3",
    "Heading 4": "제목 4",
    "Heading 5": "제목 5",
    "Heading 6": "제목 6",
    "Headings": "제목",
    "Height": "높이",
    "Help": "도움말",
    "Horizontal line": "가로줄",
    "Horizontal space": "가로 간격",
    "Id": "ID",
    "Id should start with a letter, followed only by letters, numbers, dashes, dots, colons or underscores.": "ID는 문자로 시작하고, 문자, 숫자, 대시, 점, 콜론, 밑줄만 사용해야 합니다.",
    "Ignore": "무시",
    "Ignore all": "모두 무시",
    "Image": "이미지",
    "Image description": "이미지 설명",
    "Image list": "이미지 목록",
    "Image options": "이미지 옵션",
    "Image title": "이미지 제목",
    "Image...": "이미지...",
    "Increase indent": "들여쓰기 증가",
    "Inline": "인라인",
    "Insert": "삽입",
    "Insert column after": "오른쪽에 열 삽입",
    "Insert column before": "왼쪽에 열 삽입",
    "Insert date/time": "날짜/시간 삽입",
    "Insert image": "이미지 삽입",
    "Insert link": "링크 삽입",
    "Insert row after": "아래에 행 삽입",
    "Insert row before": "위에 행 삽입",
    "Insert table": "표 삽입",
    "Insert video": "비디오 삽입",
    "Insert/Edit Link": "링크 삽입/편집",
    "Insert/edit iframe": "iframe 삽입/편집",
    "Insert/edit image": "이미지 삽입/편집",
    "Insert/edit link": "링크 삽입/편집",
    "Insert/edit media": "미디어 삽입/편집",
    "Insert/edit video": "비디오 삽입/편집",
    "Italic": "기울임꼴",
    "Justify": "양쪽 맞춤",
    "Keyboard Navigation": "키보드 탐색",
    "Language": "언어",
    "Left": "왼쪽",
    "Left to right": "왼쪽에서 오른쪽으로",
    "Light Blue": "연한 파랑",
    "Light Gray": "연한 회색",
    "Light Green": "연두색",
    "Light Purple": "연한 보라",
    "Light Red": "연한 빨강",
    "Light Yellow": "연한 노랑",
    "Link": "링크",
    "Link list": "링크 목록",
    "Link...": "링크...",
    "Loading emoticons...": "이모티콘 불러오는 중...",
    "Lower Alpha": "알파벳 소문자",
    "Lower Greek": "그리스 문자 소문자",
    "Lower Roman": "로마 숫자 소문자",
    "Match case": "대/소문자 구분",
    "Mathematical": "수학 기호",
    "Media": "미디어",
    "Media poster (Image URL)": "미디어 포스터 (이미지 URL)",
    "Media...": "미디어...",
    "Medium Blue": "중간 파랑",
    "Medium Gray": "중간 회색",
    "Medium Purple": "중간 보라",
    "Merge cells": "셀 병합",
    "Middle": "중간",
    "Midnight Blue": "짙은 파랑",
    "More...": "더 보기...",
    "Name": "이름",
    "Navy Blue": "남색",
    "New window": "새 창",
    "Next": "다음",
    "No": "아니요",
    "No color": "색상 없음",
    "Nonbreaking space": "줄바꿈하지 않음",
    "None": "없음",
    "Numbered list": "번호 매기기 목록",
    "OR": "또는",
    "Objects": "개체",
    "Ok": "확인",
    "Open help dialog": "도움말 대화 상자 열기",
    "Open link in...": "다음에서 링크 열기...",
    "Orange": "주황",
    "Page break": "페이지 나누기",
    "Paragraph": "문단",
    "Paste": "붙여넣기",
    "Paste as text": "텍스트로 붙여넣기",
    "Paste or type a link": "링크 붙여넣기 또는 입력",
    "Paste row after": "행을 아래에 붙여넣기",
    "Paste row before": "행을 위에 붙여넣기",
    "Paste your embed code below:": "아래에 임베드 코드를 붙여넣으세요:",
    "People": "사람들",
    "Permanent Pen Properties": "영구적인 펜 속성",
    "Permanent pen properties...": "영구적인 펜 속성...",
    "Poster": "포스터",
    "Powered by {0}": "{0} 제공",
    "Pre": "Pre",
    "Preferences": "환경 설정",
    "Preformatted": "서식 있는 텍스트",
    "Prev": "이전",
    "Preview": "미리보기",
    "Previous": "이전",
    "Print": "인쇄",
    "Print...": "인쇄...",
    "Purple": "보라",
    "Quotations": "인용구",
    "R": "R",
    "Red": "빨강",
    "Redo": "다시 실행",
    "Remove color": "색상 제거",
    "Remove link": "링크 제거",
    "Replace": "바꾸기",
    "Replace all": "모두 바꾸기",
    "Replace with": "바꿀 내용",
    "Restore last draft": "마지막 초안 복원",
    "Rich Text Area. Press ALT-0 for help.": "서식있는 텍스트 영역. ALT-0을 누르면 도움말을 볼 수 있습니다.",
    "Rich Text Area. Press ALT-F9 for menu. Press ALT-F10 for toolbar. Press ALT-0 for help": "서식있는 텍스트 영역. ALT-F9를 누르면 메뉴, ALT-F10을 누르면 도구 모음, ALT-0을 누르면 도움말을 볼 수 있습니다.",
    "Right": "오른쪽",
    "Right to left": "오른쪽에서 왼쪽으로",
    "Row": "행",
    "Row group": "행 그룹",
    "Row properties": "행 속성",
    "Row type": "행 유형",
    "Rows": "행",
    "Save": "저장",
    "Scope": "범위",
    "Search": "검색",
    "Select all": "모두 선택",
    "Select...": "선택...",
    "Selection": "선택 영역",
    "Shortcut": "단축키",
    "Show caption": "캡션 표시",
    "Show invisible characters": "보이지 않는 문자 표시",
    "Size": "크기",
    "Source": "소스",
    "Source code": "소스 코드",
    "Special character": "특수 문자",
    "Special character...": "특수 문자...",
    "Spellcheck": "맞춤법 검사",
    "Split cell": "셀 분할",
    "Square": "사각형",
    "Strikethrough": "취소선",
    "Style": "스타일",
    "Subscript": "아래 첨자",
    "Superscript": "위 첨자",
    "Switch to or from fullscreen mode": "전체 화면 모드 전환",
    "Symbols": "기호",
    "System Font": "시스템 글꼴",
    "Table": "표",
    "Table of Contents": "목차",
    "Table properties": "표 속성",
    "Target": "타겟",
    "Text": "텍스트",
    "Text color": "글자 색",
    "Text to display": "표시할 텍스트",
    "입력한 URL은 이메일 주소인 것 같습니다. 필수 mailto: 접두사를 추가할까요?": "입력한 URL이 이메일 주소인 것 같습니다. 필수 mailto: 접두사를 추가할까요?",
    "입력한 URL은 외부 링크인 것 같습니다. 필수 http:// 접두사를 추가할까요?": "입력한 URL이 외부 링크인 것 같습니다. 필수 http:// 접두사를 추가할까요?",
    "Title Case": "제목 대/소문자",
    "팝업을 열려면 Shift+Enter 키를 누르세요": "팝업을 열려면 Shift+Enter 키를 누르세요",
    "도구": "도구",
    "위": "위",
    "여행과 장소": "여행과 장소",
    "Turquoise": "청록",
    "대문자": "대문자",
    "밑줄": "밑줄",
    "실행 취소": "실행 취소",
    "업데이트": "업데이트",
    "업로드": "업로드",
    "영대문자": "영대문자",
    "로마 숫자 대문자": "로마 숫자 대문자",
    "URL": "URL",
    "사용자 정의": "사용자 정의",
    "세로 정렬": "세로 정렬",
    "유효": "유효",
    "버전": "버전",
    "수직 간격": "수직 간격",
    "보기": "보기",
    "경고": "경고",
    "흰색": "흰색",
    "단어 단위": "단어 단위",
    "너비": "너비",
    "단어 수": "단어 수",
    "단어": "단어",
    "단어: {0}": "단어: {0}",
    "노란색": "노란색",
    "예": "예",
    "저장되지 않은 변경 사항이 있습니다. 정말 이동하시겠습니까?": "저장되지 않은 변경 사항이 있습니다. 정말 이동하시겠습니까?",
    "정렬": "정렬",
    "주석": "주석",
    "예제": "예제",
    "서식": "서식",
    "기록": "기록",
    "들여쓰기": "들여쓰기",
    "소문자": "소문자",
    "Permanent pen": "영구적인 펜",
    "스타일": "스타일",
    "{0}자": "{0}자",
    "{0}단어": "{0}단어"
}