{
    "Action": "Action",
    "Activity": "活動",
    "Address": "ADDRESS",
    "Advanced": "拡張",
    "Align": "位置",
    "Align center": "中央寄せ",
    "Align left": "左寄せ",
    "Align right": "右寄せ",
    "Alignment": "位置調整",
    "All": "すべて",
    "Alternative source": "代替ソース",
    "Alternative source URL": "代替ソース URL",
    "Anchor": "アンカー",
    "Anchor...": "アンカー...",
    "Anchors": "アンカー",
    "Animals and Nature": "動物・自然",
    "Arrows": "矢印",
    "B": "B",
    "Background color": "背景色",
    "Black": "黒",
    "Block": "Block",
    "Blockquote": "引用",
    "Blue": "青",
    "Body": "Body",
    "Bold": "太字",
    "Border": "Border",
    "Border color": "Border 色",
    "Border style": "Border スタイル",
    "Border width": "Border 幅",
    "Bottom": "下",
    "Browse for an image": "画像の閲覧",
    "Bullet list": "箇条書きリスト",
    "Cancel": "キャンセル",
    "Capitalization": "Capitalization",
    "Caption": "Caption",
    "Cell": "セル",
    "Cell padding": "Cell padding",
    "Cell properties": "セルのプロパティ",
    "Cell spacing": "Cell spacing",
    "Cell type": "Cell の種類",
    "Center": "中央",
    "Characters": "文字",
    "Characters (no spaces)": "文字 (空白なし)",
    "Circle": "中空き円",
    "Class": "CLASS",
    "Clear formatting": "書式をクリア",
    "Close": "閉じる",
    "Code": "コード",
    "Code sample": "コードサンプル",
    "Color": "色",
    "Color Picker": "Color Picker",
    "Color swatch": "Color swatc",
    "Cols": "行",
    "Column": "桁",
    "Column group": "桁グループ",
    "Constrain proportions": "Constrain proportions",
    "Copy": "コピー",
    "Copy row": "行でコピー",
    "Could not find the specified string.": "指定された文字列が見つかりませんでした。",
    "Could not load emoticons": "絵文字を読み込めませんでした",
    "Count": "Count",
    "Currency": "Currency",
    "Current window": "現在のウインドウ",
    "Custom color": "カスタム色",
    "Custom...": "カスタム...",
    "Cut": "切り取り",
    "Cut row": "行で切り取り",
    "Dark Blue": "濃い青",
    "Dark Gray": "濃いグレー",
    "Dark Green": "濃い緑",
    "Dark Orange": "濃いオレンジ",
    "Dark Purple": "濃い紫",
    "Dark Red": "濃い赤",
    "Dark Turquoise": "濃い緑",
    "Dark Yellow": "濃い黄色",
    "Date/time": "日時",
    "Decrease indent": "インテントを減らす",
    "Default": "デフォルト",
    "Delete column": "1 桁削除",
    "Delete row": "1 行削除",
    "Delete table": "ターブルの削除",
    "Dimensions": "寸法",
    "Disc": "丸",
    "Div": "DIV",
    "Document": "ドキュメント",
    "Document properties": "ドキュメントのプロパティ",
    "Drop an image here": "画像をここにドロップ",
    "Edit": "編集",
    "Edit image": "画像の編集",
    "Embed": "Embed",
    "Emoticons": "絵文字",
    "Emoticons...": "絵文字...",
    "Error": "エラー",
    "Extended Latin": "拡張ラテン文字",
    "Failed to upload image: {0}": "画像のアップロードに失敗しました: {0}",
    "Find": "検索",
    "Find and replace": "検索・置換",
    "Find and replace...": "検索・置換..",
    "Find whole words only": "全文検索のみ",
    "Finish": "完了",
    "Flags": "旗・国旗",
    "Font": "フォント",
    "Font Sizes": "フォントサイズ",
    "Fonts": "フォント",
    "Food and Drink": "食べ物・飲み物",
    "Footer": "フッター",
    "Format": "形式",
    "Format Painter": "Format Painter",
    "Formats": "形式",
    "Fullscreen": "全画面",
    "G": "G",
    "General": "基本",
    "Gray": "グレー",
    "Green": "緑",
    "H Align": "見出しの位置",
    "Header": "見出し",
    "Header 1": "見出し H1",
    "Header 2": "見出し H2",
    "Header 3": "見出し H3",
    "Header 4": "見出し H4",
    "Header 5": "見出し H5",
    "Header 6": "見出し H6",
    "Header cell": "見出しのセル",
    "Headers": "見出し",
    "Heading 1": "見出し H1",
    "Heading 2": "見出し H2",
    "Heading 3": "見出し H3",
    "Heading 4": "見出し H4",
    "Heading 5": "見出し H5",
    "Heading 6": "見出し H6",
    "Headings": "Headings",
    "Height": "縦幅",
    "Help": "ヘルプ",
    "Horizontal line": "水平線",
    "Horizontal space": "水平スペース",
    "Id": "ID",
    "Id should start with a letter, followed only by letters, numbers, dashes, dots, colons or underscores.": "ID は文字で始まり、文字、数字、ダッシュ、ドット、コロン、アンダースコアで構成されている必要があります。",
    "Ignore": "無視",
    "Ignore all": "すべて無視",
    "Image": "画像",
    "Image description": "画像の説明",
    "Image list": "画像一覧",
    "Image options": "画像オプション",
    "Image title": "画像名",
    "Image...": "画像...",
    "Increase indent": "インデントを増やす",
    "Inline": "インライン",
    "Insert": "挿入",
    "Insert column after": "右に 1 桁挿入",
    "Insert column before": "左に 1 桁挿入",
    "Insert date/time": "日時の挿入",
    "Insert image": "画像の挿入",
    "Insert link": "リンクの挿入",
    "Insert row after": "下に 1 行導入",
    "Insert row before": "上に 1 行挿入",
    "Insert table": "テーブルの挿入",
    "Insert video": "ビデオの挿入",
    "Insert/Edit Link": "リンクの追加・編集",
    "Insert/edit iframe": "Iframe の挿入・編集",
    "Insert/edit image": "画像の追加・編集",
    "Insert/edit link": "リンクの挿入・編集",
    "Insert/edit media": "Media の挿入・編集",
    "Insert/edit video": "Video の挿入・編集",
    "Italic": "斜体",
    "Justify": "Justify",
    "Keyboard Navigation": "キーボードナビゲーション",
    "Language": "言語",
    "Left": "左",
    "Left to right": "左 → 右",
    "Light Blue": "水色",
    "Light Gray": "薄いグレー",
    "Light Green": "黄緑",
    "Light Purple": "薄い紫",
    "Light Red": "薄い赤",
    "Light Yellow": "薄い黄色",
    "Link": "リンク",
    "Link list": "リンク一覧",
    "Link...": "リンク...",
    "Loading emoticons...": "絵文字を読込中...",
    "Lower Alpha": "英小文字",
    "Lower Greek": "ギリシャ小文字",
    "Lower Roman": "ローマ数字小文字",
    "Match case": "Match case",
    "Mathematical": "Mathematical",
    "Media": "Media",
    "Media poster (Image URL)": "Media poster (画像 URL)",
    "Media...": "Media...",
    "Medium Blue": "Medium Blue",
    "Medium Gray": "薄めのグレー",
    "Medium Purple": "Medium Purple",
    "Merge cells": "セルで統合",
    "Middle": "Middle",
    "Midnight Blue": "Midnight Blue",
    "More...": "More...",
    "Name": "名前",
    "Navy Blue": "ネイビー",
    "New window": "新しいウインドウ",
    "Next": "次",
    "No": "いいえ",
    "No color": "色なし",
    "Nonbreaking space": "Nonbreaking space",
    "None": "なし",
    "Numbered list": "番号付きリスト",
    "OR": "OR",
    "Objects": "オブジェクト",
    "Ok": "Ok",
    "Open help dialog": "ヘルプダイアログを開く",
    "Open link in...": "Open link in...",
    "Orange": "オレンジ",
    "Page break": "改ページ",
    "Paragraph": "段落",
    "Paste": "貼り付け",
    "Paste as text": "Paste as text",
    "Paste or type a link": "リンクを貼り付けまたは入力",
    "Paste row after": "下に 1 行貼り付け",
    "Paste row before": "上に 1 行貼り付け",
    "Paste your embed code below:": "embed コードを下に貼り付けてください:",
    "People": "人々",
    "Permanent Pen Properties": "Permanent Pen Properties",
    "Permanent pen properties...": "Permanent pen properties...",
    "Poster": "Poster",
    "Powered by {0}": "Powered by {0}",
    "Pre": "PRE",
    "Preferences": "設定",
    "Preformatted": "Preformatted",
    "Prev": "前",
    "Preview": "プレビュー",
    "Previous": "前",
    "Print": "印刷",
    "Print...": "印刷...",
    "Purple": "紫",
    "Quotations": "引用",
    "R": "R",
    "Red": "赤",
    "Redo": "やり直し",
    "Remove color": "色の削除",
    "Remove link": "リンクの削除",
    "Replace": "置換",
    "Replace all": "すべて置換",
    "Replace with": "Replace with",
    "Restore last draft": "最新下書きへ復旧",
    "Rich Text Area. Press ALT-0 for help.": "リッチテキストエリア、ALT-0 ヘルプ",
    "Rich Text Area. Press ALT-F9 for menu. Press ALT-F10 for toolbar. Press ALT-0 for help": "リッチテキストエリア、ALT-F9 メニュー、ALT-F10 ツールバー、ALT-0 ヘルプ",
    "Right": "右",
    "Right to left": "右 → 左",
    "Row": "行",
    "Row group": "行のグループ",
    "Row properties": "行のプロパティ",
    "Row type": "行の種類",
    "Rows": "行",
    "Save": "保存",
    "Scope": "Scope",
    "Search": "検索",
    "Select all": "すべて選択",
    "Select...": "選択...",
    "Selection": "Selection",
    "Shortcut": "ショートカット",
    "Show caption": "キャプションの表示",
    "Show invisible characters": "不可視文字の表示",
    "Size": "サイズ",
    "Source": "ソース",
    "Source code": "ソースコード",
    "Special character": "特殊文字",
    "Special character...": "特殊文字...",
    "Spellcheck": "スペルチェック",
    "Split cell": "セルの分割",
    "Square": "四角",
    "Strikethrough": "取消線",
    "Style": "スタイル",
    "Subscript": "下付き文字",
    "Superscript": "上付き文字",
    "Switch to or from fullscreen mode": "全画面モードの切替",
    "Symbols": "特殊文字",
    "System Font": "システムフォント",
    "Table": "テーブル",
    "Table of Contents": "目次",
    "Table properties": "テーブルのプロパティ",
    "Target": "Target",
    "Text": "テキスト",
    "Text color": "文字色",
    "Text to display": "表示するテキスト",
    "The URL you entered seems to be an email address. Do you want to add the required mailto: prefix?": "入力された URL は、メールアドレスのようです。mailto: をつけますか？",
    "The URL you entered seems to be an external link. Do you want to add the required http:// prefix?": "入力されたURLは外部リンクのようです。http:// を付けますか？",
    "Title Case": "Title Case",
    "To open the popup, press Shift+Enter": "To open the popup, press Shift+Enter",
    "Tools": "ツール",
    "Top": "上",
    "Travel and Places": "トラベル・場所",
    "Turquoise": "Turquoise",
    "UPPERCASE": "UPPERCASE",
    "Underline": "下線",
    "Undo": "元に戻す",
    "Update": "更新",
    "Upload": "アップロード",
    "Upper Alpha": "英大文字",
    "Upper Roman": "ローマ数字大文字",
    "Url": "URL",
    "User Defined": "User Defined",
    "V Align": "V Align",
    "Valid": "Valid",
    "Version": "Version",
    "Vertical space": "Vertical space",
    "View": "表示",
    "Warn": "Warn",
    "White": "白",
    "Whole words": "全単語",
    "Width": "横幅",
    "Word count": "単語数",
    "Words": "単語",
    "Words: {0}": "単語: {0}",
    "Yellow": "黄色",
    "Yes": "はい",
    "You have unsaved changes are you sure you want to navigate away?": "保存されていない変更点があります。削除してよろしいですか？",
    "alignment": "alignment",
    "comments": "コメント",
    "example": "example",
    "formatting": "formatting",
    "history": "履歴",
    "indentation": "インテント",
    "lowercase": "lowercase",
    "permanent pen": "permanent pen",
    "styles": "スタイル",
    "{0} characters": "{0} 文字",
    "{0} words": "{0} 単語"
}
