{
   "author":{
      "addNewAuthor":"Agrega nuevo autor",
      "author":"Autor",
      "authorDataParsingErrorMessage":"Se ha ocurrido un error mientras analizando data del autor con ID: ",
      "authorHasBeenUpdated":"Se actualizó el autor",
      "authorLink":"Enlace del autor",
      "authorName":"Nombre del autor",
      "authorNameCannotBeEmptyErrorMessage":"Nombre de autor no puede ser vacío. Ingresa un nombre por favor",
      "authorNameInUseErrorMessage":"Nombre de autor ya está en uso. Por favor elige otro nombre.",
      "authorNameSimilarInUseErrorMessage":"Nombre de autor ya está en uso; nombre de autor no es sensible a mayúsculas y minúsculas. Ingresa un nombre por favor.",
      "authorPage":"Página del autor",
      "authorSlugCannotBeEmpty":"nombre corto del autor no puede ser vacío.",
      "avatar":"Avatar",
      "avatarAndFeaturedImage":"Avatar e imagén destacada",
      "cannotRemoveMainAuthor":"No se puede quitar el autor principal.",
      "changePostAuthor":"Se cambió autor de la publicación.",
      "editAuthor":"Editar author",
      "eMail":"Email",
      "filterOrSearchAuthors":"Filtrar o buscar autores...",
      "gravatarEmailWarningMessage":"Ingresa la dirección de email usado cuando creando su cuenta en Gravatar.",
      "mainAuthor":"Autor principal",
      "mainAuthorCannotBeRemoved":"This is the main author of this website. It cannot be removed.",
      "newAuthorHasBeenCreated":"Se ha creado autor nuevo",
      "noAuthorsMatchingYourCriteria":"No hay autores que cumplieron los criterios.",
      "removeAuthorsMessage":"¿Está seguro de querer remover los autores seleccionados?",
      "removeAuthorsSuccessMessage":"Se han removido los autores selecciondos.",
      "selectAuthor":"Selecciona autor",
      "selectAuthorPage":"Selecciona página de autor",
      "themeDoesNotSupportFeaturedImagesForAuthors":"Tu plantilla no tiene soporte para imágenes destacadas de autores",
      "whenYouUseGravatarYourSiteVisitorsWillQueryAThirdPartyServer":"Cuando usa el servicio Gravatar, por favor toma en cuenta que visitantes a su sitio necesita cargar datos de un sito de terceros para cargar su avatar.",
      "toUseThisOptionEnableIndexingAuthorPages":"Para usar esta opción, primero permite indexar páginas de autor en configuración de SEO.",
      "useGravatarMessage":"Usa <a href=\"https://gravatar.com/\" target=\"_blank\" rel=\"noopener noreferrer\">Gravatar </a> para agregar imagen de avatar de autor",
      "useGravatarServiceMessage":"Para usar el servicio de Gravatar por favor indicar el email de autor.",
      "website":"Sitio web"
   },
   "core":{
      "archive":{
         "destinationNotExists":"Destino indicado no existe",
         "errorDuringCreatingTAR":"Ocurrió un error mientras creando el archivo TAR. Por favor intenta otra vez.",
         "errorDuringCreatingZIP":"Ocurrió un error mientras creando el archivo ZIP. Por favor intenta otra vez."
      },
      "backup":{
         "destinationDirectoryDoesNotExists":"Directorio indicado no existe",
         "errorDuringFileSaveProcess":"Ocurrió un error mientras guardando el archivo",
         "errorDuringReadingBackupFile":"Ocurrió un error mientras leyendo el archivo de respaldo",
         "fileDoesNotExists":"Archivo de respaldo no existe",
         "fileIsCorrupted":"El archivo de respaldo está corrumpido - cancelando el proceso de restauración.",
         "locationDoesNotExists":"Ubicación de respaldo no existe",
         "temporaryDirectoryDoesNotExists":"Directorio temporario no existe"
      },
      "credits":{
         "errorLoadingLicenseMsg":"Ocurrió un error mientras cargando la licencia. Por favor intenta otra vez."
      },
      "images":{
         "responsiveImagesDisabled":"Imagénes reactivos inhabilitado el configuración del sitio - se ha removido todas imágenes reactivos."
      },
      "rendering":{
         "renderingProcessCrashed":"Se cayó el proceso de generación",
         "renderingProcessCrashedMsg":"Para mayor información revisa endering-errors.log y rendering-process.log en Tools -> Log viewer.",
         "renderingProcessFailed":"Falló proceso de generación"
      },
      "server":{
         "branchDoesNotExist":"Ramo elegido no existe.",
         "creatingNewRemoteFilesTree":"Creando nuevo árbol de archivos remoto...",
         "finishingDeploymentProcess":"Terminando proceso de despleigue...",
         "getInfoAboutLatestCommit":"Obtener información sobre la última versión final...",
         "preparingFilesTreeToUpload":"Preparando subir árbol de archivos...",
         "repositoryDoesNotExist":"Repositorio seleccionado no existe",
         "requestLimitExceededInfo":"Se ha exedido el límite de peticiones para el API (Quedan {remaining} peticiones). Por favor espere hasta {resetTime} UTC y luego vuenve a intentar.",
         "requestTimeout":"Tiempo de espera de solicitud.",
         "retrievingHandlerOfRemoteFilesTree":"Recuperando operario informático del árbol de archivos remoto...",
         "retrievingRemoteFilesTree":"Recuperando el árbol de archivos remoto...",
         "tokenOrServerAddressInvalid":"Provided token or server address is invalid.",
         "tooManyFilesInfo":"El sitio web contiene más de 4000 ítemes ({numberOfFiles} archivos y directorios). Actualmente nuestra implementación de Páginas Github ofrece soporte por sitios con hasta 4000 ítemes."
      },
      "site":{
         "noConfigurationForResponsiveImages":"No hay datos de configuracion para imágenes reactivas.",
         "noImagesToRegenerate":"No hay imágenes que regenerar",
         "noThemeSelected":"No hay plantilla de sitio seleccionado"
      },
      "sureYouWantQuit":"Está seguro de querer salir? \nSe perderá todos cambios no guardados.",
      "wpImport":{
         "authorsProgressInfo":"Importando autores ({progress} / {total})",
         "imageDownloadError":"Se ocurrió un erorr mientras descargando el imagen: {image}",
         "imagesProgressInfo":"Descargando imágenes ({progress} / {total})",
         "postsProgressInfo":"Importando publicaciones ({progress} / {total})",
         "tagsProgressInfo":"Importando etiquetas ({progress} / {total})"
      }
   },
   "customHTML":{
      "tabs":{
         "head":"Cabeza",
         "body":"Cuerpo",
         "comments":"Comentarios",
         "searchInput":"Buscar info ingresada",
         "searchContent":"Buscar contenido",
         "footer":"Pie",
         "beforePost":"Antes de cada publicación",
         "afterPost":"Después de cada publicación"
      }
   },
   "date":{
      "apr":"Abr",
      "aug":"Ago",
      "changePostPublicationDate":"Cambia fecha de la publicación",
      "dec":"Dic",
      "feb":"Feb",
      "jan":"Ene",
      "jul":"Jul",
      "jun":"Jun",
      "mar":"Mar",
      "may":"May",
      "nov":"Nov",
      "oct":"Oct",
      "sep":"Sep"
   },
   "editor":{
      "addHeading":"Agredar título",
      "addLabel":"Add label",
      "alignTextCenter":"Centrar el texto",
      "alignTextLeft":"Alinear texto a la izquierda",
      "alignTextRight":"Alinear texto a la derecha",
      "blockEditorHelpPanelDesc":"Puede insertar un bloque pinchando el boón <span>+</span> o <span>TAB</span> en una línea nueva, o escribiendo el siguiente en una línea nueva:",
      "blocks":{
         "code":{
            "idTooltip":"Este valor se usará como ID del código"
         },
         "cssClassesLabel":"Clase CSS",
         "cssClassesTooltip":"Estas clases CSS se agragarán en el campo de atributos de clase",
         "embed":{
            "idTooltip":"Este valor se usará como ID del embed"
         },
         "gallery":{
            "idTooltip":"Este valor se usará como ID de la galería"
         },
         "header":{
            "customIdLabel":"Usa ID personalizado",
            "customIdTooltip":"Habilita esta opción si quiere usar su propio ID en vez del ID auto generado",
            "idTooltip":"Este valor se usará como ID de la cabeza"
         },
         "html":{
            "idTooltip":"Este valor se usará como ID de HTML"
         },
         "idLabel":"ID",
         "image":{
            "idTooltip":"Este valor se usará como ID de imagen"
         },
         "list":{
            "idTooltip":"Este valor se usará como ID de lista"
         },
         "paragraph":{
            "idTooltip":"Este valor se usará como ID de párrafo",
            "styleLabel":"Estilo de párrafo",
            "styles":{
               "highlight":"Destacado",
               "info":"Info",
               "success":"Éxito",
               "warning":"Avertencia"
            },
            "styleTooltip":"Elige estilo adicional para el bloque de párrafo"
         },
         "quote":{
            "idTooltip":"Este valor se usará como ID de citación"
         },
         "separator":{
            "idTooltip":"Este valor se usará como ID de separador"
         },
         "toc":{
            "idTooltip":"Este valor se usará como ID de tabla de contenidos"
         }
      },
      "cantSavePostWithEmptyTitle":"No se puede guardar una publicación sin título..",
      "changesSaved":"Cambios han sido guardados",
      "clearFormatting":"Borrar formato de texto",
      "clickToConfirm":"Pincha para confirmar",
      "code":"Código",
      "conversions":{
         "toCode":"Código",
         "toHeader":"Cabeza",
         "toHTML":"HTML",
         "toList":"Lista",
         "toParagraph":"Párrafo",
         "toQuote":"Citación"
      },
      "convertTo":"Convertir a:",
      "custom":"Personalizado",
      "defaultSelect":"- Seleccionar -",
      "deleteBlock":"Borrar bloque",
      "dot":"Punto",
      "dots":"Puntos",
      "dragAndDropImgToEditor":"Arrastra y deja un imagen en el editor",
      "dropToUploadYourPhotoOr":"Arrastra para subir una foto",
      "dropToUploadYourPhotosOr":"Arrastra para subir unas fotos",
      "element":"Elemento",
      "emptyGalleryBlock":"Bloque de galería vacio",
      "emptyImageBlock":"Bloque de imagen vacio",
      "enterAltText":"Ingresar texto alternativo",
      "enterCaption":"Ingresar leyenda",
      "enterUrlOrEmbedCode":"Ingresar URL o código embed...",
      "errorOccurred":"Se ha ocurrido un error. Por favor intenta otra vez.",
      "gallery":"Galería",
      "header":"Header",
      "heading1":"Etiquetas de encabezado 1",
      "heading2":"Etiquetas de encabezado  2",
      "heading3":"Etiquetas de encabezado  3",
      "heading4":"Etiquetas de encabezado  4",
      "heading5":"Etiquetas de encabezado  5",
      "heading6":"Etiquetas de encabezado  6",
      "hideBulkEdit":"Esconde editar en masa",
      "hideHelp":"Esconde Ayuda",
      "hideStats":"Esconde Estadísticas",
      "html":"HTML",
      "insertGallery":"Inserta galería",
      "list":"Lista",
      "markdown":"Markdown",
      "markdownHelpPanelDesc":"Se puede gestionar fácilmente encabezados, estilos de texto o crear otros elementos HTML utilizando las siguientes teclas de método abreviado o sintaxis markdown:",
      "newDraftCreated":"Se ha creado un nuevo borrador",
      "newPostCreated":"Se ha creado un nueva publicación",
      "nothingFound":"No se encontraron bloques",
      "paragraph":"Párrafo",
      "quote":"Citación",
      "quoteAuthor":"Citación de autor",
      "quoteText":"Citación de texto",
      "readMore":"Leer más",
      "readMoreBlockName":"Leermas",
      "selectFiles":"Selecciona archivos",
      "separator":"Separador",
      "shortcuts":"Teclas de método abreviado",
      "sourceCode":"Código fuente",
      "searchForABlock":"Buscar a un bloque...",
      "startWriting":"Empieza a ecribir...",
      "startWritingOrPressTabToChooseBlock":"Empieza a ecribir o presiona TAB para eligir un bloque.",
      "toc":"TOC",
      "tocAutoGenerationInfo":"La tabla de contenido se genera en forma automaticamente según las etiquetas (H1-H6) en el contenido.",
      "togglePostStatsPanel":"Abrir/Cerrar panel de estadísticas de publicaciones",
      "unableToSetSpellCheckerForLanguage":"(!) No se puede establecer corrector de ortografía para el idioma seleccionado - ",
      "useOrderedList":"Usa lista ordenada",
      "useUnorderedList":"Usa lista no ordenada",
      "viewBulkEdit":"Mostrar editar en masa",
      "viewHelp":"Ver Ayuda",
      "viewStats":"Ver Estadísticas",
      "wideLine":"Linea ancha"
   },
   "file":{
      "addNewFile":"Agrega a un nuevo archivo",
      "backups":"Respaldos",
      "createBackup":"Crear respaldo",
      "createBackupConfirmMsg":"Elija a un nombre para el respaldo - nombre del archivo solo puede contener carácteres alfanuméricos, guiones y guiones bajos:",
      "createBackupErrorMsg":"Se ha ocurrido un error durante el proceso de crear el respaldo. Por favor intenta de nuevo.",
      "createBackupNameEmptyMsg":"Nombre de archivo no puede ser vacío. Por favor ingresa un nombre.",
      "createBackupNameInUseMsg":"Nombre de archivo (<strong>{filename}</strong>) ya existe en un respaldo anterior. Por favot intenta de nuevo con un nuevo nombre.",
      "createBackupSuccessMsg":"Se ha creado el respaldo.",
      "createFirstBackupMsg":"Aún no tiene respaldos. ¡Creamos uno ahora!",
      "creatingBackup":"Creando respaldo",
      "creationDate":"Fecha de creación",
      "deleteBackupsConfirmMsg":"Está seguro que quiere borrar los respaldos seleccionados? Esta acción no se puede deshacer.",
      "deleteBackupsErrorMsg":"Se ocurrió un error mientras borrando los respaldos seleccionados. Por favor, intenta otra vez.",
      "deleteBackupsSuccessMsg":"Los respaldos seleccionados se han borrado",
      "dragAndDropBackupFile":"Arrastra y deja archivo de respaldo aquí o",
      "dropYourFileHere":"Arrastra y deja archivo aquí",
      "file":"Archivo",
      "fileFromFileManager":"Archivo de administrador de archivos",
      "fileManager":"Administrador de archivos",
      "filename":"Nombre de archivo",
      "files":"Archivos",
      "fileSemicolon":"Archivo:",
      "fileSize":"Tamaño de archivo",
      "filterOrSearchFiles":"Filtar o buscar archivos...",
      "mediaFiles":"media/archivos",
      "noBackupsAvailable":"No hay respaldos disponible",
      "noFileInMediaFilesDirInfo":"No hay archivos en el directorio media/archivos...",
      "noFileInRootDirInfo":"no hay archivos en el directorio de raíz...",
      "noFileMatchingCriteriaInfo":"No hay archivos que encajan con ese criterio de búsqueda.",
      "operations":"Operaciones",
      "preparingFilesInOutputDir":"Preparando archivos en el directorio de salida",
      "provideNameForNewFile":"Por favor ingresa un nombre para el archivo nuevo",
      "removeFilesConfirmMsg":"¿Está seguro de querer remover los archivos seleccionados? Esta acción no se puede deshacer.",
      "removeFilesSuccessMsg":"Se han removido los archivos seleccionados",
      "rename":"Renombrar",
      "renameBackupConfirmLabel":"Renombrar archivo",
      "renameBackupConfirmMsg":"Por favor indica un nuevo nombre para el archivo de respaldo:",
      "renameBackupErrorMsg":"Se ha ocurrido un error mientras renombrando el archivo de respaldo seleccionado. Por favor intenta otra vez.",
      "renameBackupNameEmptyMsg":"El nombre del archivo de respaldo no puede ser vacío. Por favor intenta otra vez.",
      "renameBackupNameInUseMsg":"El nombre del archivo de respaldo especificado ya está en uso. Por favor intenta otra vez.",
      "renameBackupSameNameMsg":"El nombre del archivo de respaldo especificado es el mismo que el nombre anterior. Por favor intenta otra vez.",
      "renameBackupSuccessMsg":"Se ha cambiado el nombre del archivo de respaldo con éxito.",
      "restore":"Restaurar",
      "restoreBackupConfirmLabel":"Restaurar respaldo",
      "restoreBackupConfirmMsg":"¿Está seguro de restaurar el respaldo seleccionado? Los archivos existentes serán sobrescritos.",
      "restoreBackupErrorMsg":"Se ha ocurrido un error mientras restaurando el archivo de respaldo seleccionado: ",
      "restoreBackupSuccessMsg":"Se ha restaurado el sitio web con éxito.",
      "rootDirectory":"directorio de raíz",
      "selectedFileExistsMsg":"No se pudo copier los siguientes archivos porque ya existen en el directorio seleccionado: ",
      "selectedFilenameInUseMsg":"El nombre del archivo seleccionado ya está en uso. Por favor elige otro nombre.",
      "selectFile":"Seleccionar archivo",
      "selectFileFromFileManager":"Selecciona a un archivo del administrador de archivos",
      "uploadFiles":"Subir archivos"
   },
   "gdpr":{
      "addGroup":"Agregar grupo",
      "embedConsents":{
         "addRule":"Agregar regla",
         "groupButtonLabel":"Etiqueta del botón",
         "groupCookieGroup":"Grupo cookies",
         "groupRule":"URL Contiene",
         "groupRulePlaceholder":"youtube.com",
         "groupTextPlaceholder":"Texto de consentimiento"
      },
      "groupDescriptionPlaceholder":"Escribir descripción del grupo de cookies aquí",
      "groupID":"GID del grupo",
      "groupName":"Nombre del grupo",
      "state":"Estado"
   },
   "image":{
      "addImages":"Agregar imágenes",
      "align":"Alinear",
      "centeredImage":"Imagen centrada",
      "columns":"Columnas:",
      "dropFeaturedImageOr":"Arrastra y deja imagen destacada aquí o",
      "dropToUploadPhotoOr":"Arrastra para subir una foto",
      "eightColumns":"8 columnas",
      "enterAltText":"Ingresar texto alt",
      "enterCaption":"EIngresa leyenda",
      "fiveColumns":"5 columnas",
      "fourColumns":"4 columnass",
      "fullWidth":"Ancho completo",
      "fullWidthImage":"Imagen de ancho completo",
      "image":"Imagen",
      "imageAlternativeText":"Texto alternativo del imagen",
      "imageCaption":"Leyenda de la imagen",
      "images":"Imagenes",
      "insertEditGallery":"Insertar/Editar Galería",
      "layout":"Espacio del trabajo",
      "loadingImage":"Cargando imagen...",
      "none":"Ningun(a)",
      "oneColumn":"1 columna",
      "pictures":"fotos",
      "removeImage":"Remover imagen",
      "sevenColumns":"7 columnas",
      "sixColumns":"6 columnas",
      "threeColumns":"3 columnas",
      "twoColumns":"2 columnas",
      "uploading":"Subiendo",
      "wide":"Ancho",
      "wideImage":"Imagen ancha",
      "yourGalleryIsEmpty":"La galería está vacía"
   },
   "langs":{
      "addLanguageSuccessMessage":"Se ha agregado el idioma",
      "deleteLanguage":"Borrar idioma",
      "getMoreLanguages":"Conseguir más idiomas",
      "goToLanguagesManager":"Vaya al administrador de idiomas",
      "installLanguage":"Instalar idioma",
      "isOutdated":"Obsoleto",
      "isOutdatedTitle":"Este idioma es compatible con Publii hasta v.{supportedVersion}, mientras está usando Publii v.{currentVersion} - por favor actualiza Publii para usar este idioma.",
      "language":"Idioma:",
      "languageChangedMsg":"Idioma de la aplicación ha cambiado",
      "languageChangeError":"Se encontró un error al cambiar el idioma - por favor intenta otra vez.",
      "languageLoadingError":"Se ocurrió un error mientras cargando el idioma de la aplicación. El idioma por defecto (inglés) se utilizará. Por favor vaya a la configuración de idiomas para seleccionar otro idioma.",
      "languages":"Idiomas",
      "removeLanguageMessage":"De verdad quiere remover el idioma {languageName}?",
      "removeLanguageSuccessMessage":"El idioma seleccionado ha sido removido",
      "updatedLanguageSuccessMessage":"Se ha actualizado el idioma seleccionado",
      "uploadLanguageErrorMessage":"Se ocurrió un error durante el proceso de instalación. Por favor intenta otra vez."
   },
   "link":{
      "addDownloadAttr":"Agrega \"download\" atributo",
      "addLink":"Agregar enlace",
      "addNofollow":"Agregar rel=\"nofollow\"",
      "downloadAttribute":"Atributo 'download':",
      "insertEditLink":"Insertar/Editar enlace",
      "linkInvalidMsg":"Lo siento! El enlace parece ser inválido.",
      "linkRelAttribute":"Enlace \"rel\" atributo",
      "linkTitleAttribute":"Enlace \"title\" atributo",
      "openInNewTab":"Abrir en una nueva pestaña",
      "previewLinkInBrowser":"Vista previa del enlace en navegador",
      "previewOnlyExternalLinksMsg":"Solo se puede ver vista previa de enlaces externos en el editor de publicaciones",
      "removeLink":"Remover enlace",
      "selectLinkType":"Selecciona tipo de enlace"
   },
   "menu":{
      "addMenuItem":"Agregar menú de navegación",
      "addNewMenu":"Agregar nuevo menú de navegación",
      "addNewMenuItem":"Agregar nuevo ítem al menú de navegación",
      "addSubmenu":"Agregar submenú",
      "addSubmenuItem":"Agregar nuevo ítem al submenú",
      "assignedMenu":"Navegación asignado",
      "classCSS":"Clase CSS",
      "createNewMenu":"Crear nuevo menú de navegación",
      "deleteThisMenuItem":"Borrar este ítem de navegación",
      "duplicateThisMenuItem":"Duplicar este ítem de navegación",
      "editMenuItem":"Editar ítem de menú",
      "editMenuName":"Editar nombre de menú",
      "editThisMenuItem":"Editar este ítem de menú",
      "externalLink":"Enlace externo",
      "externalURL":"URL externo",
      "hideThisMenuItem":"Esconder este ítem de menú",
      "insertActions":"Insertar ítem seleccionado:",
      "insertAfter":"después",
      "insertAsChild":"como submenú",
      "insertBefore":"antes",
      "internalLink":"Enlace interno",
      "items":"Ítemes",
      "label":"Etiqueta",
      "likedItemError":"Ítem vinculado no ha sido procesado (etiqueta vacía/página de aútor vacía), no existe o ha sido movido a la papelera",
      "likedItemIsADraft":"Ítem vinculado es un borrador",
      "menu":"Menú",
      "menuItemsRemoveMessage":"Está seguro de querer remover el ítem de navegación seleccionado?",
      "menuItemIsHidden":"Este ítem de navegación está escondido",
      "menuNameCannotBeEmptyCreateNewMenuErrorMessage":"El campo de menú no puede ser vacío. Por favor ingresa un nombre para el menú.",
      "menuNameCannotBeEmptyErrorMessage":"El campo de nombre del menú no puede ser vacío. Por favor ingresa un nombre nuevo para el menú.",
      "menuNameExistsErrorMessage":"El nombre ingresado ya existe. Por favor, selecciona un nombre nuevo.",
      "menuNameHasBeenEdited":"Se ha editado el nombre del menú.",
      "menuNameInUseErrorMessage":"El nombre especificado ya existe. Por favor, selecciona un nombre nuevo.",
      "menusRemoveMessage":"Está seguro de remover los menús seleccionados?",
      "menusRemoveSuccessMessage":"Los menús seleccionados han sido removidos",
      "moveItem":"Mover",
      "newMenuCreated":"El nuevo menú se ha creado",
      "noMenusAvailable":"No hay menús disponibles",
      "noMenusCreateNewOne":"Aún no tiene menús. ¡Creamos el primero!",
      "noMenusMessage":"No hay nuevos menús; se puede crear uno nuevo pinchando el buton \"Agregar nuevo menú\" arriba.",
      "provideNameForNewMenu":"Indica un nombre para el menú nuevo:",
      "provideNewNameForMenu":"Indica un nombre para el menú seleccionado:",
      "selectItemType":"Selecciona tipo de ítem",
      "selectLinkTarget":"Selecciona destino de enlace",
      "showThisMenuItem":"Muestra este ítem de menú",
      "textSeparator":"Separador de texto",
      "type":"Tipo",
      "unassigned":"Sin asignar",
      "unselectItem":"Deseleccionar"
   },
   "menuPositionPopup":{
      "invalidValue":"Valor no válido: el valor ingresado no puede ser 0 y excede el límite máximo predeterminado del tema. Use -1 para no tener restricciones.",
      "maxLevels":"Nivel máximo:",
      "themeDefaultValue":"Valor predeterminado del tema:",
      "title":"Configurar la posición del menú",
      "usedBy":"Usado por otro menú:"
   },
   "plugins":{
      "addPluginSuccessMessage":"Se ha agregado el plugin",
      "deletePlugin":"Borrar plugin",
      "getMorePlugins":"Gonseguir más plugins",
      "goToPluginsManager":"Vaya al administrador de manager",
      "installPlugin":"Instalar plugin",
      "isIncompatible":"Es obsoleto",
      "isIncompatibleTitle":"Este plugin es compatible con Publii desde v.{supportedVersion}, mientras está usando Publii v.{currentVersion} - por favor, actualiza Publii para usar este plugin.",
      "plugin":"Plugin:",
      "plugins":"Plugins",
      "removePluginMessage":"Está seguro que quiere remover el plugin {pluginName}?",
      "removePluginSuccessMessage":"El plugin seleccionado ha sido removido",
      "updatedPluginSuccessMessage":"El plugin seleccionado ha sido actualizado",
      "uploadPluginErrorMessage":"Se ocurrió un error durante la instalación. Por favor, intenta otra vez."
   },
   "post":{
      "addNewPost":"Agrega nueva publicación",
      "addPostTitle":"Agregar título de publicación",
      "all":"Todo",
      "changePostDate":"Cambia fecha de publicación",
      "characters":"Carácteres",
      "configureThemeBeforeGeneratingPreview":"Una plantilla se debe seleccionar y configurar para este sitio antes de poder generar una vista previa de esta publicación.",
      "currentDefaultTemplate":"Plantilla por defecto actual",
      "customPostTypes":"Tipos de publicaciones personalizadad",
      "drafts":"Borrador",
      "duplicate":"Duplicar",
      "duplicatePostErrorMessage":"Se ocurrió un error durante la duplicación de las publicaciones seleccionadas. Por favor intenta otra vez.",
      "duplicatePostSuccessMessage":"Las publicaciones seleccionadas han sido duplicadas",
      "editorBlock":"Editor de bloque",
      "editorBlockInfo":"Un editor moderno e intuitivo con soporte para markdown y teclas de método abreviado para facilitar blogging fácil, sin tener que preocuparse con HTML o elementos de código.",
      "editorBlockNotSupportedEditPostInfo":"La plantilla actual no soporta el editor de bloque utilizado en esta publicación. Se pudría mostrar erroneamente esta publicación.",
      "editorBlockNotSupportedNewPostInfo":"La plantilla actual no soporta el editor de bloque utilizado en esta publicación. Se pudría mostrar erroneamente esta publicación.",
      "editorBlockUse":"Utilizar editor de bloque",
      "editorMarkdown":"Editor de Markdown",
      "editorMarkdownInfo":"Este editor de Markdown es compatible con sintaxis Markdown abreviado para producir contenido rápidamente, es óptimo para proyectos extensos sin formato o diseño involucrado, como documentación.",
      "editorMarkdownUse":"Utilizar editor de Markdown",
      "editorWYSIWYG":"Editor WYSIWYG",
      "editorWYSIWYGInfo":"Este editor provides a familiar word-processing experience, with additional tools for users that want to control every aspect of their page content.",
      "editorWYSIWYGUse":"Usa editor WYSIWYG",
      "editPostAnyway":"Editar publicación de todos modos",
      "excluded":"Excluído",
      "excludeFromHomepage":"Excluye de la página de inicio",
      "featured":"Destacada",
      "filterOrSearchPosts":"Filtrar o buscar publicaciones...",
      "hidden":"Escondida",
      "hidePost":"Hide Post",
      "includeInHomepage":"Incluye en la página de inicio",
      "markAsDraft":"Marcar como borrador",
      "markAsFeatured":"Marcar como destacada",
      "markAsUnfeatured":"Marcar como no destacada",
      "min":"min",
      "modificationDate":"Fecha de modificación",
      "moveToTrash":"Mover a la papelera",
      "noPostsMatchingYourCriteria":"No hay publicaciones que encaja con su criteria.",
      "openEditorAnyway":"Abrir editor de todos modos",
      "paragraphs":"Párrafos",
      "post":"Publicación",
      "postAuthor":"Aútor de publicación",
      "postLink":"Enlace de la publicación",
      "postName":"Nombre de publicación:",
      "postPage":"Página de publicación",
      "posts":"publicaciones",
      "postSettings":"Comfiguración de publicación",
      "postSlug":"url de la publicación",
      "postSlugLengthWarning":"URLs de publicación más larga que 250 carácteres puede resultar en la creación de archivos durante la generación del sitio.",
      "postSlugTooLong":"URL de la publicación es demasiada larga",
      "postSlugUpdateButton":"Actualizar",
      "postState":"Estado de publicación",
      "postStatusChangeSuccessMessage":"Estado de las publicaciones seleccionadas ha sido cambiado",
      "postTemplate":"Plantilla de publicación",
      "postWillNotAppearOnHomepageListMsg":"Publicación no aparecerá en la lista de publicaciones en la página de inicio",
      "postWillNotAppearOnListMsg":"Publicación no aparecerá en la lista de publicaciones como etiqueta o autor",
      "publicationDate":"Fecha de publicación",
      "publish":"Publicar",
      "published":"Publicada",
      "readingTime":"Tiempo de lectura",
      "removePostMessage":"Está seguro de remover las publicaciones seleccionadas?  Una vez hecha no se puede deshacer.",
      "removePostSuccessMessage":"Las publicaciones seleccionadas han sido removidas",
      "selectPostPage":"Selecciona página de publicación",
      "sentences":"Frases",
      "setCustomPostDate":"Selecciona fecha personalizada",
      "status":"Estado",
      "thisPostIsADraft":"Esta publicación es un borrador",
      "thisPostIsExcludedFromHomepage":"Esta publicación está excluída de la página de inicio",
      "thisPostIsFeatured":"Esta publicación es destacada",
      "thisPostIsHidden":"Esta publicación ha sido escondido",
      "title":"Título",
      "trashed":"Botado",
      "uniqueWords":"Palabras únicas",
      "updatedOn":"Actualizar",
      "url":"URL",
      "words":"Palabras"
   },
   "publii":{
      "aboutPublii":"Acerca de Publii",
      "currentPubliiVersion":"Versión",
      "accept":"Aceptar",
      "copyright":"Derechos de autor 2023 <a href=\"https://tidycustoms.net\" target=\"_blank\" rel=\"noopener noreferrer\">TidyCustoms</a>. Todos derechos reservados.<br>Publii es diseñado y mantenido por un grupo selecto y con colaboración de <a href=\"https://github.com/dziudek\" target=\"_blank\" rel=\"noopener noreferrer\">Dev Zen</a> y ha sido posible gracias a la fuente de código abierto <a href=\"https://electronjs.org\" target=\"_blank\" rel=\"noopener noreferrer\">Electron</a> entre otros. ",
      "creditsIntro":"Publii utiliza el siguiente código abierto de terceros:",
      "dataCollectionInfo":"<strong>No coleccionamos ningún </strong>dato personal mientras utiliza la app Publii; no almacenamos, rastreamos o permitimos que terceros recogemos información identificable sobre ti. ",
      "homepage":"Inicio",
      "license":"Licencia",
      "licensingInformation":"Información de licencia",
      "openSourceSoftware":"Software Código Abierto",
      "publiiLicenseAgreement":"Acuerdo de licencia Publii.",
      "publiiLicenseAgreementInfo":"Este software está licenciado bajo el GNU GPL versioó 3.<br>Al pinchar \"Aceptar\" está de acuerdo con"
   },
   "rendering":{
      "errorDuringPreviewCreatingMsg":"Se ocurrió un error durante la creación de la vista previa.",
      "rendering":"Generando...",
      "renderingErrorText":"Se ocurrió un error durante el proceso de generar el sitio web.",
      "renderingPleaseWait":"Por favor espere mientras el proceso de generación se termina.",
      "selectThemeBeforeCreatingPreviewMsg":"Hay que seleccionar una plantilla antes de crear una vista previa de sitio.. Por favor vaya a la sección Configuración del Sitio y elija a una plantilla."
   },
   "repeater":{
      "addItem":"Agregar elemento",
      "duplicateItem":"Elemento duplicado",
      "emptyState":"Haga clic en el botón para agregar el primer elemento",
      "removeItem":"Eliminar elemento"
   },
   "settings":{
      "addGDPRCookieBanner":"habilitar banner",
      "additionalValidElementsInWYSIWYGEditor":"Elementos válidos adicionales en el editor WYSIWYG",
      "additionalValidElementsInWYSIWYGEditorInfo":"Si el editor WYSIWYG quita algunas etiquetas del HTML en forma automática, se puede agregarlas aquí como elementos permitidos.<br> Por ejemplo: <strong>v-seleccionar[*],v-menúdespleigable[*]</strong> permite las etiquetas personalizadas v-seleccionar y v-menúdespleigable con cualquier atributos.",
      "advancedOptions":"Opciones avanzadas",
      "advancedPreviewDesc":"Previa avanzada permite generar un sitio sin abrir el navegador",
      "alwaysAddIndexHTMLInURLs":"Siempre agregar index.html a los URLs",
      "alwaysSaveSearchState":"Siempre guarder estado de busqueda",
      "anchorLink":"Enlace de ancla",
      "appSettings":"Configuración de la app",
      "appSettingsSavedMsg":"Configuración de la app ha sido guardado con éxito.",
      "appSettingsSaveErrorMsg":"Se ocurrió un error mientras se guardaba la configuración de la app. Por favor, intenta orta vez.",
      "ascending":"Ascendiente",
      "authorPage":"Página de autor",
      "authorPages":"Páginas de autor",
      "authorPageTitleVariables":"Las siguientes variables se puede usar en el título de Página de Autor: %authorname, %sitename.",
      "authorPrefix":"Prefijo autor:",
      "authorPrefixInfo":"Define el prefijo que aparece antes del slug de autor en un URL, como <strong>https://ejemplo.com/PREFIJO_AUTOR/slug-autor</strong>.<br>",
      "authorsPrefixCannotBeEmpty":"No se puede dejar vacío prefijo de autor.",
      "authorsPrefixCannotEqualTagsPrefix":"El prefijo de autor no puede ser lo mismo que el preijo de etiqueta.",
      "backupLocation":"Ubicación de respaldo",
      "backupLocationChangedConfirmMsg":"Se ha cambiado la ubicación de los respaldos. Todos los respaldos nuevos se guardarán en esta ubicación. Si se requiere acceso a los respaldos antiguos se los puede mover en forma manual a la carpeta nueva.",
      "badge":"Insignia",
      "badgeAndCustomLink":"Insignia + enlace personalizado",
      "badgeLabel":"Etiqueta de insignia",
      "bannerPosition":"Posición de la banner",
      "basicSettings":"Configuración básica",
      "byIDAscending":"por ID ascendente",
      "byIDDescending":"por ID descendente",
      "cannotAddIndexHTMLInURLsInfo":"Habilita esta opción se no se puede habilitar cargar archivos index.html por defecto cuando se abre una carpeta en el servidor.",
      "cardTypes":"Tipos de láminas:",
      "changeSitesLocationWithoutCopyingFiles":"Cambiar la ubicación de sitios sin mover sitios existences al nuevo católogo",
      "closePostEditorOnSave":"Cerrar editor de publicación al guardar",
      "codeEditor":"Editor de código (CodeMirror)",
      "colorTheme":"Tema de colores",
      "content":"Contenido",
      "convertToWebp":"Convertir a formato WebP",
      "convertToWebpInfo":"Habilita esta opción si quiere convertir todos los JPG, JPEG y PNG imágenes existentes al formato WebP. Una vez habilitado se tendrá que regenerar los imágenes en miniatura. Note, esta funciónn solo funciona si utiliza la biblioteca Sharp para generar imágenes en miniatura.",
      "convertToWebpJimpWarning":"Esta opción no funciona actualmente con el motor actual de regeneración de imágenes, Jimp. Por favor cambie a Sharp el la configuración de la app.",
      "cookieGroups":"Grupos de Cookie",
      "cookieBanner":"Banner de Cookie",
      "cookieBasic":"Basica",
      "cookieBasicDescription":"Esta sección contiene las configuraciones que muesta el banner de cookie en su sitio web, lo cual indica si el sitio web utiliza cookies.",
      "cookieAdvanced":"Avanzada",
      "cookieAdvancedDescription":"Esta sección contiene opciones para mostrar una Ventana emergente con configuración avanzada para cookie, la cual permite que el visitante gestiona su consentimiento para un grupo específico de cookies.",
      "createXMLSitemap":"Crear mapa del sitio XML",
      "currentTheme":"Tema actual:",
      "customElementsInWYSIWYGEditor":"Elementos personalizados disponibles en el editor WYSIWYG",
      "customElementsInWYSIWYGEditorInfo":"Si el editor WYSIWYG elimina automáticamente algunas etiquetas de su código HTML, puede agregarlas aquí como elementos personalizados.<br> Por ejemplo: <strong>v-select,v-dropdown</strong>",
      "customFeedTitle":"Título del feed personalizado",
      "customLanguageCode":"Código de idioma personalizado:",
      "darkMode":"Modo oscuro",
      "defaultAuthorsOrdering":"Orden de autores predeterminados:",
      "defaultOrderingOnLists":"Orden predeterminado de las listas:",
      "defaultPostsOrdering":"Orden predeterminado de publicaciones:",
      "defaultTagsOrdering":"Orden predeterminado de etiquetas:",
      "descending":"Descendente",
      "disableAuthorsPagination":"Deshabilitar paginación de autores",
      "disableAuthorsPaginationIndexing":"Deshabilitar indexación de paginación de autores",
      "disableAuthorsPaginationIndexingInfo":"Cuando está habilitado, los archivos de paginación de sus autores se excluirán del mapa del sitio y se agregarán las metaetiquetas robots <strong>noindex, follow</strong>.",
      "disableAuthorsPaginationInfo":"Cuando está habilitada, no se generará la paginación de sus autores.",
      "disableHomepagePagination":"Deshabilitar la paginación de la página de inicio",
      "disableHomepagePaginationInfo":"Cuando está habilitado, no se generará la paginación de tu página de inicio.",
      "disableHomepagePaginationIndexing":"Deshabilitar la indexación de paginación de la página de inicio",
      "disableTagsPagination":"Deshabilitar paginación de etiquetas",
      "disableTagsPaginationIndexing":"Deshabilitar indexación de paginación de etiquetas",
      "disableTagsPaginationIndexingInfo":"Cuando está habilitado, los archivos de paginación de etiquetas se excluirán del mapa del sitio y se agregarán las metaetiquetas  <strong>noindex, follow</strong> para los robots.",
      "disableTagsPaginationInfo":"Cuando está habilitada, no se generará la paginación de tus etiquetas.",
      "displayEmptyAuthors":"Mostrar autores sin publicaciones",
      "displayEmptyAuthorsInfo":"Cuando está habilitada, los autores sin publicaciones asignadas seguirán teniendo sus subpáginas creadas y aparecerán en la lista de autores.",
      "displayEmptyTags":"Mostrar etiquetas sin publicaciones",
      "displayEmptyTagsInfo":"Cuando está habilitada, las etiquetas sin publicaciones asignadas seguirán teniendo sus subpáginas creadas y aparecerán en la lista de etiquetas.",
      "dontIndexThisPage":"Pídele al motor de búsqueda que no rastree todo el sitio web.",
      "editorFontFamily":"Familia tipográfica",
      "editorFontFamilySansSerif":"Sans serif",
      "editorFontFamilySerif":"Serif",
      "editorFontSize":"Tamaño de letras (px)",
      "editors":"Editores",
      "embedConsents":"Insertar consentimientos de contenido",
      "embedConsentsDescription":"Esta sección le permite bloquear contenido cargado en iframes de proveedores de contenido de terceros que pueden configurar cookies. Al proporcionar el dominio de la URL de iframe, por ejemplo, <strong>youtube.com</strong>, complete el formulario requerido elementos como un mensaje, un botón de aceptar y asignándolo a un grupo de cookies existente, los iframes se reemplazarán con un marcador de posición que informa a los visitantes que el contenido está bloqueado debido a su configuración de consentimiento (es decir, que el visitante no ha dado su consentimiento a los tipos de cookies utilizadas por el iframe en el banner de cookies).",
      "embedVideos":"Inserción de vídeos",
      "enableAdvancedPreview":"Habilitar vista previa avanzada",
      "enableAutoIndent":"Habilitar sangría automática",
      "enableCSSCompression":"Habilitar compresión CSS",
      "enableHTMLCompression":"Habilitar compresión HTML",
      "enableJSONFeed":"Habilitar fuente JSON",
      "enableMediaLazyLoad":"Habilitar carga diferida de media",
      "enableMediaLazyLoadInfo":"Habilite esta opción si desea usar la carga diferida nativa que carga diferida imágenes, videos e iframes.",
      "enableResponsiveImages":"Habilitar imágenes adaptables",
      "enableResponsiveImagesInfo":"Habilite esta opción si desea entregar imágenes de diferentes tamaños en diferentes resoluciones de pantalla según los puntos de interrupción definidos a través del archivo config.json en la carpeta de un tema.",
      "enableRSSFeed":"Habilitar fuente RSS",
      "enableSharingButtons":"Habilitar botones para compartir",
      "enableSpellchecker":"Habilitar el corrector ortográfico",
      "errorPage":"Página de error:",
      "errorPageFilenameCannotBeEmpty":"El nombre de archivo de la página de error no puede estar vacío.",
      "errorPageFilenameCannotEqualSearchPageFilename":"El nombre de archivo de la página de error no puede ser el mismo que el nombre de archivo de la página de búsqueda.,",
      "errorPageTitleVariables":"Las siguientes variables se pueden usar en el Título de la página de error: %sitename.",
      "excludedFiles":"Archivos excluidos",
      "excludeFeaturedPosts":"Excluir publicaciones destacadas",
      "excludeFilesFromSitemapInfo":"Escriba una lista separada por comas de archivos HTML o carpetas para excluir del mapa del sitio.<br>Por ejemplo: <strong>evitar-este-archivo.html,evitar-este-catálogo-tambien</strong>.",
      "experimentalFeaturesWarning":"Siempre estamos buscando formas de mejorar nuestra aplicación. Esta sección contiene funciones experimentales diseñadas para ampliar la funcionalidad de Publii. Dado que son experimentales, no podemos garantizar que funcionarán correctamente; actívelas bajo su propio riesgo.",
      "experimentalFeatureAppAutoBeautifySourceCode":"Embellece automáticamente el código fuente en el editor WYSIWYG",
      "experimentalFeatureAppAutoBeautifySourceCodeDesc":"Esta función permite embellecer automáticamente el código fuente en el editor WYSIWYG",
      "externalImages":"Imágenes externas",
      "externalPage":"página externa",
      "facebook":"Facebook",
      "facebookAppID":"ID de la App Facebook",
      "facebookAppIDInfo":"Lea cómo obtener <a href=\"https://developers.facebook.com/docs/apps/\" target=\"_blank\" rel=\"noopener noreferrer\">ID de aplicación de Facebook</a>.",
      "fallbackImage":"Imagen por defecto",
      "fallbackLogoImage":"Logo por defecto",
      "fallbackLogoImageInfo":"El logo debe caber en un cuadro de 60 &times; 600 píxeles.",
      "featuredPostsOrderBy":"Publicaciones destacadas ordenadas por:",
      "featuredPostsOrdering":"Orden de publicaciones destacadas:",
      "feedTitle":"Título de la fuente:",
      "filesLocation":"Ubicación de archivos",
      "footerText":"Texto de pie de página",
      "frontpage":"Página de inicio",
      "GDPR":"Configuración de privacidad (GDPR)",
      "gdprBannerPosition":{
         "centered":"Centrado",
         "left":"Izquierda",
         "right":"Derecha",
         "bar":"Barra"
      },
      "gdprAllowAdvancedConfiguration":"Habilitar configuración avanzada de cookies",
      "gdprAdvancedConfigurationLinkLabel":"Etiqueta del botón de configuración avanzada",
      "gdprAdvancedConfigurationLinkPlaceholder":"Administrar preferencias",
      "gdprAdvancedConfigurationAcceptButtonLabel":"Etiqueta del botón Aceptar",
      "gdprAdvancedConfigurationRejectButtonLabel":"Etiqueta del botón Rechazar",
      "gdprAdvancedConfigurationSaveButtonLabel":"Etiqueta del botón Guardar",
      "gdprAdvancedConfigurationTitle":"Título de la ventana emergente",
      "gdprAdvancedConfigurationDescription":"Mensaje emergente",
      "gdprAdvancedConfigurationPrivacyLink":"Enlace de política de privacidad",
      "gdprAdvancedConfigurationPrivacyLinkDescription":"Mostrar un enlace a la página de la política de privacidad en el mensaje emergente. Si la opción 'Mostrar enlace de la política de privacidad' en la sección Básica está deshabilitada, el enlace tampoco se mostrará en la ventana emergente.",
      "gdprBehaviourInfo":"Recuerde colocar un enlace con el ancla anterior en la navegación de su sitio web o en el contenido del sitio web  (por ejemplo, <a href=\"#cookie-settings\">Preferencias de cookies</a>). De lo contrario, los visitantes de su sitio web es posible que no pueda cambiar sus preferencias de cookies individuales.",
      "gdprCookieSettingsRevision":"Versión de configuración",
      "gdprCookieSettingsTTL":"Almacenar la configuración de consentimiento de los visitantes durante X días",
      "gdprDebugMode":"Habilitar el modo de depuración",
      "gdprShowRejectButton":"Mostrar botón de rechazo",
      "gdprRejectButtonLabel":"Etiqueta del botón de rechazo",
      "gdprBannerTitle":"Título del banner",
      "gdprBannerMessage":"Mensaje de banner",
      "generateOpenGraphTags":"Generar etiquetas Open Graph",
      "generateTwitterCards":"Generar tarjetas de Twitter",
      "googleAnalyticsTrackingID":"ID de seguimiento de Google Analytics",
      "hiddenPostsOrderBy":"Publicaciones ocultas ordenadas por:",
      "hiddenPostsOrdering":"Orden de publicaciones ocultas:",
      "hideCustomExcerptsOnPostPages":"Ocultar extractos personalizados en las páginas de publicación",
      "hideCustomExcerptsOnPostPagesInfo":"Cuando está habilitada, las páginas de tus publicaciones no mostrarán el texto que se coloca sobre el elemento \"Leer más\" en el editor de publicaciones.",
      "homepageNoIndexPagination":"Cuando está habilitado, los archivos de paginación de su página de inicio se excluirán del mapa del sitio y se agregarán las metaetiquetas <strong>noindex, follow</strong>.",
      "homepagePagination":"Paginación de la página de inicio",
      "howToPrepareYourThemeForGDPRInfo":"Habilitar esta opción mostrará un banner de cookies en su sitio web. Lea el artículo <a href=\"https://getpublii.com/docs/gdpr-cookie-banner-configuration.html\" target=\"_blank\" rel=\"noopener noreferrer\">Configuración GDPR Cookie Banner</a> para obtener más información sobre cómo configurar el banner correctamente.",
      "howYtNoCookiesWorks":"Cuando está habilitado, el dominio de YouTube para la URL insertada, por ejemplo, 'www.youtube.com' se cambiará automáticamente a 'www.youtube-nocookie.com', para evitar que el reproductor integrado personalice la experiencia de navegación de YouTube de los visitantes, y también garantiza que no se utilice información para personalizar la publicidad que se muestra al visitante fuera de su sitio. Obtenga más información sobre el Modo de privacidad mejorado visitando la <a href=\"https://support.google.com/youtube/answer/171780?hl=en#zippy=%2Cturn-on-privacy-enhanced-mode\">Página de ayuda de YouTube</a>.",
      "howVimeoNoTrackWorks":"Cuando está habilitado, el parámetro dnt=1 adicional se agregará a la URL incrustada de Vimeo (player.vimeo.com/video) para evitar que el reproductor incrustado rastree los datos de la sesión, incluidas todas las cookies y análisis. Más información sobre los parámetros del reproductor de Vimeo visitando la <a href=\"https://vimeo.zendesk.com/hc/en-us/articles/360001494447-Player-parameters-overview\">página de ayuda de Vimeo</a>.",
      "imageResizeEngineInfo":"El motor de cambio de tamaño de Sharp es mucho más rápido que Jimp, pero puede causar problemas con algunas imágenes. Si tiene problemas al crear o regenerar miniaturas, intente cambiar al motor de cambio de tamaño de Jimp. Si desea utilizar imágenes WebP, deberá utilizar el motor de cambio de tamaño de Sharp.",
      "imagesResizeEngine":"Motor de cambio de tamaño de imágenes:",
      "imageResizeEngineWarning":"El motor de cambio de tamaño de Jimp y la opción para convertir imágenes al formato WebP no funcionarán correctamente. Asegúrese de que todos sus sitios web tengan la opción “Velocidad del sitio web / Convertir a formato WebP” deshabilitada, y asegúrese de regenerar miniaturas para consistencia.",
      "indentSize":"Tamaño de sangría (espacios)",
      "internalPage":"Página interna",
      "leaveBlankForDefaultBackupsDir":"Dejar en blanco para usar el directorio de copias de seguridad predeterminado",
      "leaveBlankForDefaultPreviewDirectory":"LDejar en blanco para usar el directorio de vista previa predeterminado",
      "leaveBlankToUseDefaultPageTitle":"Dejar en blanco para usar el título de página predeterminado",
      "leaveBlankToUseDefaultSitesDir":"Dejar en blanco para usar el directorio de sitios predeterminado",
      "lightMode":"Modo claro",
      "linkedIn":"LinkedIn",
      "linkLabel":"Etiqueta del enlace",
      "loadAtStart":"Cargar al inicio:",
      "metaDescription":"Metadescripción:",
      "metaRobots":"Metarobots:",
      "noIndexForChatGPTBot":"Bloquear robot GPTBot",
      "noIndexForChatGPTUser":"Bloquear bot de usuario de ChatGPT",
      "noIndexForChatGPTBotInfo":"Cuando está habilitada, esta opción evita que el contenido de su sitio sea indexado por el bot GPTBot (<a href=\"https://platform.openai.com/docs/gptbot\" target=\"_blank\"> utilizado para rastrear</a>). Tenga en cuenta que solo tendrá efecto si no utiliza su propio archivo robots.txt.",
      "noIndexForChatGPTUserInfo":"Cuando está habilitada, esta opción evita que el contenido de su sitio sea indexado por el bot ChatGPT-User (<a href=\"https://platform.openai.com/docs/plugins/bot\" target=\" _blank\">usado en complementos ChatGPT</a>). Tenga en cuenta que solo tendrá efecto si no utiliza su propio archivo robots.txt.",
      "noIndexForCommonCrawlBots":"Bloquear bots de rastreo comunes",
      "noIndexForCommonCrawlBotsInfo":"Cuando está habilitada, esta opción evita que los robots de rastreo común indexen el contenido de su sitio. Tenga en cuenta que solo tendrá efecto si no utiliza su propio archivo robots.txt.",
      "noIndexWebsite":"Sitio web de Noindex",
      "notSelected":"No seleccionado",
      "numberOfPostsInFeed":"Número de publicaciones en el feed",
      "openDevtoolsInMainW":"Abrir DevTools automáticamente en la Ventana Principal",
      "openGraph":"Open Graph",
      "openLastUsedWebsite":"Abrir el último sitio web usado",
      "openPopupWindowBy":"Abrir banner por",
      "optionsForDevelopers":"Opciones para desarrolladores",
      "optionsForEditors":"Opciones para editores",
      "optionsForExperimentalFeatures":"Características experimentales",
      "ordering":{
         "authorASC":"Por autor (ascendente)",
         "authorDESC":"Por nombre (descendente)",
         "createdASC":"Por fecha de creación (ascendente)",
         "createdDESC":"Por fecha de creación (descendente)",
         "idASC":"Por ID (ascendente)",
         "idDESC":"Por ID (descendente)",
         "modifiedASC":"Por fecha de modificación (ascendente)",
         "modifiedDESC":"Por fecha de modificación (descendente)",
         "nameASC":"Por nombre (ascendente)",
         "nameDESC":"By name (descending)",
         "postsCounterASC":"Por recuento de publicaciones (ascendente)",
         "postsCounterDESC":"Por recuento de publicaciones (descendente)",
         "titleASC":"Por título (ascendente)",
         "titleDESC":"Por título (descendente)"
      },
      "pageName":"Nombre de la página",
      "pageTitle":"Título de la página",
      "pageTitleVariables":"Las siguientes variables se pueden usar en el título de la página: %posttitle, %sitename, %authorname",
      "paginationPhrase":"Frase de paginación:",
      "paginationPhraseCannotBeEmpty":"La frase de paginación no puede estar vacía.",
      "paginationPhraseInfo":"Define la frase utilizada antes del número de página en una URL, por ejemplo, <strong>https://example.com/tags/tag-slug/page/2</strong>.<br>",
      "password":{
         "alwaysAskForPassword":"Siempre pedir contraseña",
         "hidePassword":"Ocultar contraseña",
         "password":"Contraseña",
         "passwordFieldCantBeEmpty":"El campo de contraseña no puede estar vacío.",
         "showPassword":"Mostrar contraseña"
      },
      "pinterest":"Pinterest",
      "postCreationDate":"Fecha de creación de la publicación",
      "postID":"Identificación de la publicación",
      "postModificationDate":"Fecha de modificación de la publicación",
      "postPageTitleVariables":"Las siguientes variables se pueden usar en el título de la página de la publicación: %posttitle, %sitename, %authorname.",
      "postsListing":"Lista de publicaciones",
      "postsOrderBy":"Orden de publicaciones por:",
      "postsOrdering":"Orden de publicaciones:",
      "postTile":"Título de la publicación",
      "previewLocation":"Ubicación de vista previa",
      "previewLocationChangedConfirmMsg":"Se ha cambiado la ubicación de almacenamiento de la vista previa. Tenga en cuenta que los archivos existentes en esta carpeta se eliminarán cuando se cree una vista previa de su sitio web.",
      "privacyPolicyLinkLabel":"Etiqueta de enlace de política de privacidad",
      "privacyPolicyPage":"Seleccionar página",
      "privacyPolicyPageURL":"Ingresar URL externa",
      "privacyPolicyURL":"Fuente del enlace de la política de privacidad",
      "provideFacebookAppID":"Proporcione el <a href=\"https://developers.facebook.com/docs/apps/\" target=\"_blank\" rel=\"noopener noreferrer\">ID de la aplicación de Facebook< /a>",
      "random":"Aleatorio",
      "readAboutOurRecommendedServerSettings":"¿Desea obtener más información sobre las configuraciones de servidor recomendadas? Consulte la siguiente documentación <a href=\"https://getpublii.com/docs/recommended-server-settings.html\" target=\"_blank \">artículo</a>.",
      "relatedPostsOptions":"Opciones de publicaciones relacionadas",
      "relatedPostsOptionsInfo":"Cuando está habilitada, las publicaciones relacionadas se tomarán de todas las etiquetas. Cuando está desactivada, las publicaciones relacionadas solo se generarán a partir de las mismas etiquetas que la publicación actual.",
      "relatedPostsOrdering":"Orden de publicaciones relacionadas:",
      "relatedPostsSelectionMechanism":"Mecanismo de selección de publicaciones relacionadas:",
      "removeHTMLComments":"Eliminar comentarios HTML",
      "responsiveImagesQuality":"Calidad de imágenes responsivas",
      "responsiveImagesAlphaQuality":"Imágenes responsivas calidad alfa (solo WebP)",
      "RSSJSONFeed":"Feed RSS/JSON",
      "saveButtonLabel":"Guardar etiqueta del botón",
      "saveSearchStateInfo":"Cuando está habilitado, Publii guardará los resultados de la búsqueda actual incluso cuando cree una nueva publicación, lo que le permitirá volver a la lista. De manera predeterminada, Publii solo guardará los resultados de la búsqueda cuando abra una publicación para editar.",
      "requiresRestartingApp":"Requiere reiniciar la aplicación Publii",
      "saveSettings":"Guardar configuración",
      "searchPage":"Página de búsqueda:",
      "searchPageFilenameCannotBeEmpty":"El nombre de archivo de la página de búsqueda no puede estar vacío.",
      "searchPageTitleVariables":"Las siguientes variables se pueden usar en el título de la página de búsqueda: %sitename.",
      "selectedDirInvalid":"El directorio seleccionado no existe.",
      "selectPage":"Seleccionar página",
      "showFeaturedImage":"Mostrar imagen destacada",
      "showFeaturedImageInfo":"Mostrar la imagen destacada de una publicación en el feed.",
      "showFullText":"Mostrar texto completo",
      "showFullTextInFeedInfo":"Mostrar el texto completo de la publicación en el feed.",
      "showModificationDate":"Mostrar fecha de modificación",
      "showModificationDateAsColumn":"Mostrar fecha de modificación como columna",
      "showOnlyFeaturedPosts":"Mostrar solo publicaciones destacadas",
      "showPostTagsOnTheListing":"Mostrar etiquetas de publicación en el listado",
      "showPostSlugsOnTheListing":"Mostrar slugs de publicaciones en el listado",
      "showPrivacyPolicyLink":"Mostrar enlace de política de privacidad",
      "sitemap":"Mapa del sitio",
      "sitemapLinkInfo":"Puede encontrar el mapa del sitio XML aquí:  <a href=\"{sitemapLink}\" class=\"sitemap-external-link\" target=\"_blank\" rel=\"noopener noreferrer\">sitemap.xml</a>",
      "siteSettings":"Configuración del sitio",
      "siteSettingsSaveDuplicateNameErrorMessage":"El nombre del sitio proporcionado está en uso. Intente con otro nombre de sitio.",
      "siteSettingsSaveEmptyNameErrorMessage":"El nombre del sitio no puede estar vacío. Ingrese un nombre de sitio.",
      "siteSettingsSaveNoKeyringErrorMessage":"Publii no puede guardar la configuración debido a un problema con el software de almacenamiento seguro de contraseñas. Reinicie la aplicación y vuelva a intentarlo. Si el problema persiste, informe a nuestro equipo a través del foro de la comunidad.",
      "siteSettingsSaveNoKeyringErrorMessageLinux":"Publii no puede guardar la configuración porque no está instalado un software seguro de almacenamiento de contraseñas. Siga las instrucciones de instalación para Node Keytar a través de https://github.com/atom/node-keytar/ e intente nuevamente. Lo más probable es que libsecret-1 -Faltan paquetes dev y gnome-keyring en su sistema.",
      "siteSettingsSaveSiteNotExistsErrorMessage":"El sitio no existe. Reinicie la aplicación.",
      "siteSettingsSaveSuccessMessage":"La configuración del sitio se ha guardado correctamente.",
      "sitesLocation":"Ubicación de los sitios",
      "sitesLocationChangedConfirmMsg":"La ubicación de los sitios ha cambiado. Los archivos existentes en la nueva carpeta de destino se eliminarán antes de que los archivos de sus sitios se muevan allí; ¿quiere continuar?",
      "spellcheckerDoesNotSupportLanguage":"El corrector ortográfico no es compatible con el idioma del sitio web seleccionado. Recomendamos deshabilitar esta función.",
      "system":"Sistema",
      "systemColors":"Usar colores del sistema",
      "tagPages":"Etiquetar páginas",
      "tagPageTitleVariables":"Las siguientes variables se pueden usar en el título de la página de etiquetas: %tagname, %sitename.",
      "tagPrefix":"Prefijo de etiqueta:",
      "tagPrefixInfo":"Los prefijos ingresados aquí se agregarán antes del slug de etiqueta en la URL, por ejemplo, <strong>https://example.com/TAG_PREFIX/tag-slug</strong>.<br>Este prefijo también se usa para generar la página de lista de etiquetas (si es compatible con su tema), por ejemplo, <strong>https://example.com/TAG_PREFIX/index.html</strong>.",
      "tagsListPage":"Página de lista de etiquetas",
      "tagsListPageTitleVariables":"Las siguientes variables se pueden usar en el título de la página de la lista de etiquetas: %sitename.",
      "tagsPrefixCannotBeEmpty":"El prefijo de las etiquetas no puede estar vacío si las URL embellecidos están habilitadas.",
      "themeDoesNotHaveSupportedFeaturesList":"<p>El archivo <strong>config.json</strong> de su tema no contiene una sección de <strong>Características permitidas</strong>. Actualice o modifique su tema para incluir mensajes precisos sobre características que no son compatible con el tema que usa actualmente. <a href=\"https://getpublii.com/dev/theme-supported-features\" target=\"_blank\" rel=\"noopener noreferrer\">Lea más sobre las funciones compatibles funciones</a>.</p>",
      "themeDoesNotSupport404ErrorPage":"Tu tema no permite una página de error 404.",
      "themeDoesNotSupportAuthorPages":"Tu tema no permite páginas de autor.",
      "themeDoesNotSupportErrorPages":"Tu tema no permite páginas de error",
      "themeDoesNotSupportSearchPages":"Tu tema no permite páginas de búsqueda",
      "themeDoesNotSupportTagPages":"Tu tema no permite páginas de etiquetas.",
      "themeDoesNotSupportTagsListPage":"Tu tema no permite una página de lista de etiquetas.",
      "themeDoesNotSupportEmbedConsents":"Tu tema no permite consentimientos para contenido insertado.",
      "themePrimaryColor":"Color principal del tema",
      "timeFormat":"Formato de hora:",
      "toViewSitemapEnableIndexingInfo":"Para ver la configuración del mapa del sitio, desactive la opción 'Pedir a los motores de búsqueda que no indexen este sitio web' en la pestaña Configuración de SEO; de lo contrario, el mapa del sitio no se generará para su sitio web.",
      "tumblr":"Tumblr",
      "twitter":"Twitter",
      "twitterCards":"Tarjetas de Twitter",
      "twitterUsername":"Nombre de usuario de Twitter",
      "twitterSummaryCard":"Tarjeta de resumen",
      "twitterSummaryCardLargeImage":"Tarjeta de resumen con imagen grande",
      "urls":"URL",
      "useAsTitlePageTitle":"Usar como título para la página de título",
      "useAsTitlePageTitleInfo":"Cuando esta opción está habilitada, las metaetiquetas og:title y twitter:title contendrán el título de la página en lugar del título de la publicación, el nombre de la etiqueta o el nombre del autor.",
      "useGlobalConfiguration":"Usar configuración global",
      "useOnlyTags":"Usar solo etiquetas",
      "useOnlyTitles":"Usar solo títulos",
      "usePrettyURLs":"Usar URL embellecidos",
      "usePrettyURLsInfo":"Cuando está habilitado, las URL de su publicación no contendrán el sufijo .html, por ejemplo, cambiará las URL de <strong>https://example.com/post.html</strong> a <strong>https:/ /ejemplo.com/publicacion/</strong>.",
      "useSiteGlobalSettings":"Usar la configuración global del sitio",
      "useTitlesAndTags":"Usar títulos y etiquetas",
      "useWideScrollbars":"Usar barras de desplazamiento más anchas",
      "versionParameter":"Parámetro de versión",
      "versionParameterInfo":"Agrega un parámetro de versión en las URL de CSS/JS para omitir el caché del navegador. Esta opción puede hacer que se sincronicen más archivos de lo habitual durante la implementación.",
      "vimeoNoTrack":"Habilitar el modo 'No rastrear' para videos de Vimeo",
      "webpLossless":"Habilitar la compresión sin pérdidas para imágenes WebP receptivas",
      "websiteSpeed":"Velocidad del sitio web",
      "whatsApp":"WhatsApp",
      "youMustReviewGdprSettings":"Make sure to check and review your Privacy Settings, especially the Cookie Banner settings due to some significant changes in Publii v.0.40. <a href=\"https://getpublii.com/blog/release-040.html#cookie-banner\" target=\"_blank\">Read more...</a>",
      "ytNoCookies":"Enable Privacy-Enhanced mode for YouTube videos"
   },
   "site":{
      "addNewWebsite":"Agregar nuevo sitio web",
      "cloneWebsite":"Clonar sitio web",
      "cloneWebsiteSuccessMsg":"El sitio web ha sido clonado. Cambiado a: ",
      "createNewWebsite":"Crear nuevo sitio web",
      "createWebsite":"Crear sitio web",
      "createYourFirstWebsite":"Crea tu primer sitio web",
      "creationInProgress":"Creación en curso...",
      "deleteWebsite":"Eliminar sitio web",
      "deleteWebsiteConfirmMsg":"¿Realmente desea eliminar este sitio web? Esta acción no se puede deshacer.",
      "deleteWebsiteCSuccessMsg":"El sitio web ha sido eliminado.",
      "deleteWebsiteSuccessMsg":"El sitio web ha sido eliminado. Cambiado a: ",
      "duplicateWebsite":"Sitio web duplicado",
      "erroOcurredDuringSiteDatabaseCreationInfo":"Ocurrió un error durante la creación de la base de datos del sitio. Verifique su software antivirus y vuelva a intentarlo. También es posible que deba eliminar la carpeta del sitio web no válido del directorio de sitios de Publii.",
      "installFromBackup":"Instalar desde copia de seguridad",
      "removeWebsite":"Eliminar sitio web",
      "restoreFromBackup":{
         "createWebsite":"Crear sitio web",
         "invalidBackupContent":"El archivo cargado no es una copia de seguridad válida.",
         "invalidSiteData":"La copia de seguridad cargada está dañada.",
         "iWantChangeName":"Cambiar el nombre del sitio web",
         "restoreFailed":"Ocurrió un error durante la creación del sitio web desde la copia de seguridad. Vuelva a intentarlo.",
         "selectSiteName":"Por favor, indique un nombre de sitio",
         "siteExistsWantOverride":"Algunos sitios web existen dentro del nombre del directorio seleccionado. ¿Le gustaría continuar y potencialmente perder todos los datos del sitio web anterior? El sitio web de la copia de seguridad anulará el sitio existente con el mismo nombre.",
         "siteNameCannotBeEmpty":"El nombre del sitio web no puede estar vacío",
         "unsupportedFormat":"Formato no admitido; utilice el archivo de copia de seguridad TAR.",
         "unpackError":"Ocurrió un error durante el desempaquetado de la copia de seguridad. Vuelve a intentarlo.",
         "yesPleaseOverride":"Sí, anular"
      },
      "selectedBackupFile":"Archivo de respaldo seleccionado: ",
      "siteLoadingErrorMsg":"Ocurrió un error durante la carga del sitio web seleccionado. Verifique los archivos del sitio web y vuelva a intentarlo.",
      "siteName":"Nombre del sitio:",
      "siteSettingsSaveSuccessMsg":"La configuración del sitio se ha guardado correctamente.",
      "siteWithThisNameExists":"¡Ya existe un sitio con este nombre!",
      "specifyNameForWebsiteDuplicate":"Por favor, especifique el nuevo nombre para el sitio web duplicado:",
      "websiteAuthorRequired":"El nombre del autor es obligatorio y debe contener letras",
      "websiteName":"Nombre del sitio web",
      "websiteNameAlreadyInUseMsg":"Otro sitio web está usando el nombre seleccionado. Vuelve a intentarlo.",
      "websiteNameCantBeEmpty":"El nombre del sitio web no puede estar vacío. Inténtalo de nuevo.",
      "websiteNameRequired":"Se requiere un nombre de sitio web",
      "websiteNotFound":"Sitio web no encontrado"
   },
   "supportedFeatures":{
      "featureNames":{
         "authorImages":"imágenes destacadas del autor",
         "authorPages":"subpáginas de autor",
         "blockEditor":"editor de bloques",
         "customComments":"comentarios personalizados",
         "customSearch":"búsqueda personalizada",
         "errorPage":"subpágina de error",
         "searchPage":"subpágina de búsqueda",
         "tagImages":"etiquetar imágenes destacadas",
         "tagsList":"subpágina de la lista de etiquetas",
         "tagPages":" subpáginas de etiquetas"
      },
      "yourThemeDoNotSupport":"Tu tema actual no es compatible con la característica requerida: {featureName}"
   },
   "sync":{
      "accessID":"ID de acceso",
      "accessIDFieldCantBeEmpty":"El campo de ID de acceso no puede estar vacío",
      "acl":"LCA",
      "afterInitialSyncSiteWillBeAvailableOnline":"Después de la sincronización inicial, su sitio web estará disponible en línea",
      "allFilesUploadedPart1":"Todos los archivos se cargaron correctamente en su servidor.",
      "allFilesUploadedPart2":"Visite su sitio web haciendo clic en el botón de abajo.",
      "apiRateLimiting":"Limitación de tasa de API",
      "apiRateLimitingNote":"Deshabilita esta opción solo si estás usando Github Enterprise con la limitación de tasa de API deshabilitada. De lo contrario, deshabilitar esta opción puede causar errores de implementación.",
      "apiServer":"Servidor API",
      "apiServerNote":"Cambie este valor solo si está usando su propia instancia de GitHub (edición Enterprise).",
      "authenticationMethod":"Método de autenticación",
      "branch":"Sucursal",
      "branchExampleGitHubNote":"Ejemplos: <strong>gh-pages</strong>, <strong>docs</strong> or <strong>main</strong>.",
      "branchExampleGitLabeNote":"Ejemplos: <strong>docs</strong>, <strong>principal</strong> o <strong>maestro</strong>.",
      "branchFieldCantBeEmpty":"El campo de la rama no puede estar vacío",
      "bucket":"Cubo",
      "bucketFieldCantBeEmpty":"El campo del depósito no puede estar vacío",
      "certificates":"Certificados",
      "changeServerType":"Cambiar tipo de servidor",
      "checkingConnection":"Comprobando conexión...",
      "clickToChangeDeploymentMethod":"Haga clic para cambiar el método de implementación utilizado actualmente",
      "configureServer":"Configurar servidor",
      "connectedToServer":"Conectado al servidor",
      "connectingToServer":"Conectando al servidor...",
      "connectionToServerErrorAdditionalMessage":"Ocurrió un error al conectarse al servidor: ",
      "connectionToServerErrorMessage":"Ocurrió un error al conectarse al servidor. Verifique la configuración del servidor o intente nuevamente.",
      "connectionToServerErrorText":"Ocurrió un error al conectarse al servidor...",
      "connectToServerCantStoreFilesErrorMsg":"¡Error! La aplicación pudo conectarse con su servidor pero no pudo almacenar archivos. Verifique los permisos de archivos en su servidor",
      "connectToServerErrorMsg":"¡Error! La aplicación no pudo conectarse a su servidor.",
      "connectToServerSuccessMsg":"¡Éxito! La aplicación pudo conectarse a su servidor.",
      "deploymentMethodFtpMsg":"El protocolo FTP utiliza una transmisión sin cifrar, lo que significa que cualquier dato enviado a través de él, incluido su nombre de usuario y contraseña, podría ser leído por cualquier persona que intercepte su transmisión. Recomendamos encarecidamente utilizar los protocolos FTPS o SFTP si es posible.",
      "deploymentMethodGithubPagesMsg":"Para obtener información detallada sobre cómo configurar un sitio web usando Github Pages, consulte Publii en línea <a href=\"https://getpublii.com/docs/host-static-website-github-pages.html\" target=\"_blank\" rel=\"noopener noreferrer\">documentación</a>.",
      "deploymentMethodGithubPagesNote":"Esta será la ruta del repositorio de Github, que debe usar el siguiente formato: <strong>TU_NOMBRE_USUARIO.github.io/NOMBRE_DEL_REPOSITORIO</strong>.<br>Si está usando un nombre de dominio personalizado, configure este campo solo al nombre de dominio personalizado.",
      "deploymentMethodGitlabPagesMsg":"Para obtener información detallada sobre cómo configurar un sitio web usando las páginas de GitLab, consulte la <a href=\"https://getpublii.com/docs/host-static-website-gitlab-pages.html\" target=\"_blank\" rel=\"noopener noreferrer\">documentación</a>.",
      "deploymentMethodGoogleCloudMsg":"Para obtener información detallada sobre cómo configurar un sitio web con Google Cloud, consulte la página de documentación en línea de Publii: <a href=\"https://getpublii.com/docs/make-static-website-google-cloud.html\" target=\"_blank\" rel=\"noopener noreferrer\">Documentatión</a>.",
      "deploymentMethodNetlifyMsg":"Para obtener información detallada sobre cómo configurar un sitio web usando Netlify, consulte la página de documentación en línea de Publii: <a href=\"https://getpublii.com/docs/build-a-static-website-with-netlify.html\" target=\"_blank\" rel=\"noopener noreferrer\">Documentatión</a>.",
      "deploymentMethodS3Msg":"Para obtener información detallada sobre cómo configurar un sitio web usando S3, consulte la página de documentación en línea de Publii: <a href=\"https://getpublii.com/docs/setup-static-website-hosting-amazon-s3.html\" target=\"_blank\" rel=\"noopener noreferrer\">Documentatión</a>.",
      "deploymentSettingDatHyperIpfsProtocolNote":"El protocolo \"dat://\", \"hyper://\", \"dweb://\" y \"ipfs://\" es útil solo si tiene planes para usar su sitio web en redes P2P. Obtenga más información sobre <a href=\"https://datproject.org/\" target=\"_blank\" rel=\"noopener noreferrer\">dat://</a>, <a href=\"https://hypercore-protocol.org/\" target=\"_blank\" rel=\"noopener noreferrer\">hyper://</a>, <a href=\"https://dwebx.org/\" target=\"_blank\" rel=\"noopener noreferrer\">dweb://</a> and <a href=\"https://ipfs.io/\" target=\"_blank\" rel=\"noopener noreferrer\">IPFS</a>",
      "deploymentSettingDoubleSlashProtocolNote":"Nota: al usar \"//\" como protocolo, algunas características como las etiquetas Open Graph, los botones para compartir, etc. no funcionarán correctamente.",
      "deploymentSettingFileProtocolNote":"El protocolo \"file://\" es útil solo si está utilizando el método de implementación manual para sitios web de intranet.",
      "deploymentSettingRelativeUrlsNote":"Nota: al usar URL relativas, algunas funciones como etiquetas Open Graph, mapas de sitio, fuentes RSS, fuentes JSON, etc. se desactivarán.",
      "destinationServerNotConfiguredErrorMessage":"Su sitio web no se puede sincronizar actualmente porque el servidor de destino no se configuró correctamente. <br>Verifique la configuración de su servidor para asegurarse de que se haya ingresado la información correcta.",
      "destinationServerNotConfiguredErrorText":"Asegúrate de que el servidor de destino esté configurado correctamente.",
      "domainNameNotSetErrorMessage":"Tu sitio web no se puede sincronizar actualmente ya que parece que la configuración carece de un nombre de dominio. <br>Verifica la configuración de tu servidor para asegurarte de que se haya ingresado un nombre de dominio.",
      "domainNameNotSetErrorText":"Asegúrate de que el nombre de dominio esté configurado.",
      "duringSyncYouCantChangeFilesLocation":"Las ubicaciones de los archivos no se pueden cambiar durante el proceso de sincronización.",
      "fieldIsCaseSensitive":"Este campo distingue entre mayúsculas y minúsculas.",
      "filesNotSyncedErrorMessage":"Por favor revise el archivo hard-upload-errors-log.txt usando la herramienta Tools -&gt; Log Viewer.",
      "filesNotSyncedErrorText":"Algunos archivos no se sincronizaron correctamente.",
      "ftp":"FTP",
      "ftps":"FTPS",
      "ftpWithSSLTLS":"FTP con SSL/TLS",
      "generatePreviewFiles":"Generar archivos de vista previa",
      "getWebsiteFiles":"Obtener archivos del sitio web",
      "github":"GitHub",
      "githubSyncedPart1":"Los cambios en las páginas de Github pueden no ser visibles durante unos minutos después de completar la implementación",
      "githubSyncedPart2":"así que ten paciencia.",
      "gitlabPages":"Páginas de Gitlab",
      "gitlabSyncedPart1":"Los cambios en las páginas de Gitlab pueden no ser visibles durante unos minutos después de completar la implementación",
      "gitlabSyncedPart2":"así que ten paciencia.",
      "googleCloud":"Google Nube",
      "googleCloudPrefixNote":"Su sitio web puede colocarse en un subdirectorio. Evite usar barras al principio del nombre del prefijo (es decir, <strong>/blog/</strong>), ya que creará un directorio adicional con el nombre vacío . Ejemplo de prefijo adecuado: <strong>blog</strong>.",
      "goToAppSettings":"Ir a la configuración de la aplicación",
      "goToSettings":"Ir a la configuración",
      "keyFile":"Archivo clave",
      "lastRendered":"Último renderizado",
      "lastSync":"Última sincronización",
      "leaveBlankToUseDefaultOutputDirectory":"Dejar en blanco para usar el directorio de salida predeterminado",
      "manualDeployment":"Implementación manual",
      "manualOutputFieldCantBeEmpty":"La selección de salida manual no puede estar vacía",
      "ManualUpload":"Carga manual",
      "netlify":"netlify",
      "netlifyToken":"Token de Netlify",
      "nonCompressedCatalog":"Catálogo no comprimido",
      "note":"Nota:",
      "operationsDone":"operaciones realizadas",
      "outputDirectory":"Directorio de salida",
      "outputDirectoryNote":"Publii creará archivos de catálogo/archivo {siteName} en el directorio seleccionado. Si existe, será reemplazado con los nuevos archivos.",
      "outputType":"Tipo de salida",
      "outputTypeNote":"Publii generará un catálogo o un archivo ZIP/TAR de tu sitio web. Luego puedes subir estos archivos a cualquier servidor de destino manualmente.",
      "parallelUploads":"Cargas paralelas",
      "parallelUploadsNote":"Más operaciones paralelas pueden generar errores de carga en conexiones de Internet lentas o encontrar un error 403 debido a los límites de velocidad de la API.",
      "passphraseForKey":"Frase de contraseña para una clave",
      "passphraseForKeyNote":"Use este campo solo si su clave necesita una frase de contraseña",
      "port":"Pouerto",
      "portFormatNote":"El campo del puerto no puede estar vacío y debe ser un número entero positivo entre 1 y 65535.",
      "prefix":"Prefjo",
      "preparationError":"Error de preparación",
      "preparedToUpload":"Preparado para cargar",
      "preparingFiles":"Preparando archivos",
      "previewCatalogDoesNotExistInfo":"El catálogo de vista previa no existe. Vaya a Configuración de la aplicación y seleccione primero el directorio de vista previa correcto.",
      "previewChanges":"Vista previa de tus cambios",
      "provideAccessData":"Proporcionar datos de acceso",
      "provideFTPPasswordFor":"Proporcione la contraseña de FTP para ",
      "provideFTPPasswordForServer":"Proporcione la contraseña de FTP para el siguiente servidor: ",
      "region":"Región",
      "regionFieldCantBeEmpty":"La selección de región no puede estar vacía",
      "remotePath":"Ruta remota",
      "remotePathMatchServerOrRootPathNote":"La ruta debe coincidir con la ruta de su servidor, por ejemplo, public_html/, public_html/blog/ o la ruta raíz, por ejemplo, /home/username/public_html/.",
      "remotePathMatchServerRootPathNote":"La ruta debe coincidir con la ruta raíz de su servidor, por ejemplo, /public_html/, /public_html/blog/.",
      "repository":"Repositorio",
      "repositoryFieldCantBeEmpty":"El campo del repositorio no puede estar vacío",
      "requireCertificateForConnection":"Requerir un certificado válido para la conexión",
      "requireFTPPassAlwaysOnSync":"Requerir la contraseña de FTP cada vez que sincronice su sitio",
      "s3CompatibleStorage":"Almacenamiento compatible con S3",
      "s3PrefixNote":"Su sitio web puede colocarse en un subdirectorio. Evite usar barras al principio del nombre del prefijo (es decir, <strong>/blog/</strong>), ya que creará un directorio adicional con el nombre vacío . Ejemplo de prefijo adecuado: <strong>blog/</strong>.",
      "s3ProviderEndpoint":"Punto final del proveedor S3",
      "s3ProviderEndpointNote":"El extremo personalizado no puede estar vacío cuando \"Usar un proveedor de S3 personalizado\" se establece en verdadero",
      "secretKey":"Clave secreta",
      "secretKeyFieldCantBeEmpty":"El campo de clave secreta no puede estar vacío",
      "selectServerType":"Seleccionar tipo de servidor:",
      "serverFieldCantBeEmpty":"El campo del servidor no puede estar vacío.",
      "serverGitLabNote":"Cambia este valor solo si estás usando tu propia instancia de GitLab.",
      "serverSettingsSaveErrorMsg":"Publii no puede guardar la configuración debido a un problema con el software de almacenamiento seguro de contraseñas. Reinicie la aplicación y vuelva a intentarlo. Si el problema persiste, informe a nuestro equipo a través del foro de la comunidad.",
      "serverSettingsSaveLinuxErrorMsg":"Publii no puede guardar la configuración porque no está instalado un software seguro de almacenamiento de contraseñas. Siga las instrucciones de instalación para Node Keytar a través de https://github.com/atom/node-keytar/ e intente nuevamente. Lo más probable es que libsecret-1 -Faltan paquetes dev y gnome-keyring en su sistema.",
      "serverSettingsSaveSuccessMsg":"La configuración del servidor se ha guardado correctamente.",
      "settings":"Configuraciones",
      "sftp":"SFTP",
      "sftpKeyNote":"Seleccione el archivo de clave",
      "sftpWithKey":"SFTP (con clave)",
      "sftpWithPassword":"SFTP (con contraseña)",
      "siteFieldCantBeEmpty":"El campo ID del sitio no puede estar vacío",
      "siteID":"ID del sitio",
      "siteIsInSync":"El sitio está sincronizado",
      "syncFTPNoPasswordMsg":"Su sitio web no se puede sincronizar sin la contraseña. Vuelva a intentarlo",
      "syncInProgress":"Sincronización en progreso",
      "syncInProgressMessage":"Durante el proceso de sincronización no puedes cambiar el nombre del sitio.",
      "syncYourWebsite":"Sincronizar su sitio web",
      "tarArchive":"Archivo TAR",
      "testConnection":"Probar conexión",
      "testConnectionNoPasswordMsg":"No puede probar la conexión sin la contraseña. Vuelva a intentarlo",
      "token":"Token",
      "tokenFieldCantBeEmpty":"El campo del token no puede estar vacío",
      "uploadingWebsite":"Cargando sitio web",
      "useCustomS3Provider":"Usar un proveedor de S3 personalizado",
      "useCustomS3ProviderNote":"Nota: AWS es el proveedor de S3 predeterminado. Cuando utilice un proveedor alternativo, debe completar el campo \"Punto final del proveedor de S3\".",
      "useFtps":"Usar FTP con SSL/TLS",
      "useRelativeURLs":"Usar URL relativas",
      "username":"Nombre de usuario",
      "usernameFieldCantBeEmpty":"El campo de nombre de usuario no puede estar vacío.",
      "usernameOrganization":"Nombre de usuario/organización",
      "visitWebsite":"Visita el sitio web",
      "visitYourWebsite":"Visite su sitio web",
      "websiteFilesPreparedInfo":"Los archivos de su sitio web han sido preparados. Use el botón \"Obtener archivos del sitio web\" a continuación <br>para obtener sus archivos para implementarlos manualmente.",
      "websiteLinkInvalidMsg":"¡Lo sentimos! El enlace del sitio web parece no ser válido.",
      "websiteSynchronization":"Sincronización del sitio web",
      "websiteSynchronizationInfo":"Cualquier archivo duplicado o nombre de archivo que ya exista en la ubicación de destino <br>que coincida con los archivos generados por Publii será sobrescrito.",
      "websiteURL":"URL del sitio web",
      "youHaventSelectedAnyThemeInfo":"No ha seleccionado ningún tema. Vaya a Configuración y seleccione el tema primero.",
      "yourJSONKey":"Tu clave JSON",
      "yourJSONKeyFieldCantBeEmpty":"La selección del archivo de clave JSON no puede estar vacía",
      "yourPrivateKey":"Tu clave privada",
      "yourWebsiteIsInSync":"Tu sitio web ahora está sincronizado",
      "zipArchive":"Archivo ZIP"
   },
   "tag":{
      "addNewTag":"Agregar nueva etiqueta",
      "addThisAsNewTag":"Agregar esto como nueva etiqueta",
      "createFirstTag":"Todavía no tienes ninguna etiqueta. ¡Creemos la primera!",
      "editTag":"Editar etiqueta",
      "filterOrSearchTags":"Filtrar o buscar etiquetas...",
      "hideTag":"Ocultar etiqueta",
      "leaveBlankToUseDefaultTagPageURL":"Dejar en blanco para usar una URL de página de etiqueta predeterminada",
      "mainTag":"Etiqueta principal",
      "newTagHasBeenCreated":"Se ha creado una nueva etiqueta",
      "noMainTagForPostMsg":"Si la publicación tiene etiquetas pero no se ha establecido una etiqueta principal, se usará la primera etiqueta alfabéticamente de forma predeterminada.",
      "noSupportFoFeaturedImagesForTags":"Tu tema no admite imágenes destacadas para etiquetas.",
      "noTagsAvailable":"No hay etiquetas disponibles",
      "noTagsMatchingYourCriteria":"No hay etiquetas que coincidan con tus criterios.",
      "removeTagMessage":"¿Realmente desea eliminar las etiquetas seleccionadas?",
      "removeTagSuccessMessage":"Se han eliminado las etiquetas seleccionadas",
      "themeDoesNotSupportForTagPagesInTheme":"La opción \"Guardar y previsualizar\" no está disponible porque su tema no es compatible con las páginas de etiquetas.",
      "selectTag":"Seleccionar etiqueta",
      "selectTagPage":"Seleccionar página de etiquetas",
      "tag":"Etiqueta",
      "tagDataParsingErrorMessage":"Ocurrió un error al analizar los datos de la etiqueta para ID: ",
      "tagHasBeenEdited":"La etiqueta ha sido editada",
      "tagIsNotAllowed":"Esta etiqueta no está permitida",
      "tagLink":"Etiqueta enlace",
      "tagName":"Nombre de la etiqueta:",
      "tagNameCannotBeEmptyErrorMessage":"El nombre de la etiqueta no puede estar vacío. Ingrese un nombre de etiqueta.",
      "tagNameInUseErrorMessage":"El nombre de etiqueta proporcionado está en uso. Intente con otro nombre de etiqueta.",
      "tagNameNotAllowedErrorMessage":"El nombre de etiqueta/slug seleccionado no está permitido.",
      "tagNameSimilarInUseErrorMessage":"El nombre de la etiqueta proporcionado está en uso; los nombres de las etiquetas no distinguen entre mayúsculas y minúsculas. Intente con otro nombre de etiqueta.",
      "tagPage":"Página de etiquetas",
      "tagsListLink":"Enlace de la lista de etiquetas",
      "tagStatusChangeSuccessMessage":"Se ha cambiado el estado de las etiquetas seleccionadas",
      "tagWillNotAppearInGeneratedTagLists":"La etiqueta no aparecerá en ninguna lista de etiquetas generada, como publicaciones o páginas de etiquetas.",
      "thisTagIsHidden":"Esta etiqueta está oculta",
      "toUseThisOptionEnableIndexingTagPages":"Para usar esta opción, primero habilite la indexación de páginas de etiquetas en la configuración de SEO"
   },
   "theme":{
      "addThemeSuccessMessage":"El tema se agregó con éxito.",
      "authorOptions":"Opciones de autor",
      "authorOptionsInfo":"La sección de opciones de autor le permite establecer opciones globales para la información adicional que se debe incluir en sus autores. Los cambios realizados en esta sección afectarán a todos los autores de su sitio, pero también puede anular la Configuración del tema en la pantalla Editar autor para cada autor individual si es necesario.",
      "authorsPostsPerPage":"Autores de publicaciones por página:",
      "authorsPostsPerPageInfo":"Usa -1 como valor si necesitas mostrar las publicaciones de todos los autores en la página.",
      "changeAppTheme":"Cambiar el tema de la aplicación",
      "customSettings":"Configuración personalizada",
      "defaultPostTemplate":"Plantilla de publicación predeterminada",
      "defaultTemplate":"Plantilla predeterminada",
      "deleteTheme":"Eliminar tema",
      "dropYourThemeHere":"Suelta tu tema aquí",
      "excerptLength":"Extracto de longitud:",
      "getMoreThemes":"Obtener más temas",
      "goToThemesManager":"Ir al administrador de temas",
      "installTheme":"Instalar tema",
      "leaveBlankToUseDefault":"Dejar en blanco para usar el valor predeterminado",
      "postOptions":"Opciones de publicación",
      "postOptionsInfo":"La sección Opciones de publicación le permite establecer opciones globales para qué información adicional debe incluirse en sus publicaciones. Los cambios realizados en esta sección afectarán todas las publicaciones en su sitio, pero también puede anular la configuración de la aplicación en la publicación. Edite la pantalla para cada publicación individual si es necesario.",
      "postsPerPage":"Publicaciones por página:",
      "postsPerPageInfo":"Usa -1 como valor si necesitas mostrar todas las publicaciones en la página.",
      "removeThemeMessage":"¿Realmente quieres eliminar el tema {themeName}?",
      "removeThemeSuccessMessage":"El tema se eliminó correctamente.",
      "resetThemeSettings":"Restablecer configuración de tema",
      "saveSettingsSuccessMessage":"La configuración del tema se ha guardado correctamente.",
      "selectTheme":"Seleccionar tema",
      "settingsResetMessage":"¿Realmente quieres restablecer la configuración del tema?",
      "settingsResetSuccessMessage":"Se ha restablecido la configuración del tema.",
      "tagOptions":"Opciones de etiqueta",
      "tagOptionsInfo":"La sección Opciones de etiqueta le permite establecer opciones globales para la información adicional que se debe incluir en sus etiquetas. Los cambios realizados en esta sección afectarán a todas las etiquetas de su sitio, pero también puede anular la configuración del tema en la pantalla de edición de etiquetas para cada etiqueta individual si es necesario.",
      "tagsPostsPerPage":"Etiquetas publicaciones por página:",
      "tagsPostsPerPageInfo":"Use -1 como valor si necesita mostrar todas las publicaciones de etiquetas en la página.",
      "themes":"Temas",
      "themeSettings":"Configuración del tema",
      "translations":"Traducciones",
      "translationsInfo":"Si necesita traducir frases temáticas a otros idiomas además del inglés, consulte nuestra documentación sobre <a href=\"https://getpublii.com/dev/translations-api/\" target=\" _blank\" rel=\"noopener noreferrer\">API de traducciones</a><br><br>",
      "updateThemeSuccessMessage":"El tema se ha actualizado correctamente.",
      "uploadThemeErrorMessage":"Los archivos cargados son incorrectos. Cargue un directorio de temas o un archivo ZIP de temas.",
      "websiteLogo":"Logo del sitio web:"
   },
   "tools":{
      "css":{
         "customCSS":"CSS personalizado",
         "customCSSSaveSuccessMsg":"El CSS personalizado se ha guardado correctamente.",
         "normal":"normal",
         "putCustomCSSComment":"Ingresa el código CSS personalizado aquí"
      },
      "customHTML":"HTML personalizado",
      "find":"Buscar:",
      "findAndReplace":"Buscar y reemplazar:",
      "findAndReplaceShortcut":"Ctrl + Alt + F",
      "findAndReplaceShortcutMac":"Cmd + Alt + F",
      "findShortcut":"Ctrl + F",
      "findShortcutMac":"Cmd + F",
      "goToTools":"Ir a herramientas",
      "logFileEmpty":"El archivo de registro está vacío...",
      "logViewer":"Visor de registros",
      "pluginActivationError":"No se puede activar el complemento; inténtalo de nuevo",
      "pluginDeactivationError":"No se puede desactivar el complemento; inténtalo de nuevo",
      "selectFileToLoad":"Seleccionar archivo para cargar",
      "thumbnails":{
         "listRegeneratedFiles":"Lista de archivos regenerados:",
         "processingRegenerateThumbnailsInfo":"Al presionar el botón Regenerar Miniaturas comenzará a generar nuevos tamaños de imagen según lo definido por su nuevo tema.",
         "progress":"Progres: ",
         "regenerateThumbnails":"Regenerar miniaturas",
         "regenerateThumbnailsInfo":"Si ha cambiado su tema o tiene problemas con sus imágenes receptivas, puede regenerarlas usando el botón a continuación. Esto puede llevar un tiempo si su sitio tiene muchas imágenes, así que tenga paciencia.",
         "regenerateThumbnailsNotNecessaryInfo":"Actualmente no tienes un tema seleccionado para este sitio web. La regeneración de miniaturas no es necesaria.",
         "regeneratingThumbnails":"Regenerando miniaturas...",
         "skipRegeneration":"Omitir regeneración",
         "themeOrThumbnailsSettingsChanged":"Se ha cambiado la configuración de tu tema o miniatura.",
         "thumbnailsCreated":"Todas las miniaturas han sido creadas.",
         "thumbnailsRegenerationCancelled":"Regeneración de miniaturas cancelada."
      },
      "wpImport":{
         "addTagsToContentAutomatically":"Agregar etiquetas <p> y <br> el contenido de la publicación automáticamente",
         "categories":"Categorías",
         "checkingWXRFile":"Comprobando el archivo WXR seleccionado",
         "contentFormatting":"Formato de contenido:",
         "duringWXRAnalyzeWeHaveFound":"Durante el análisis WXR hemos encontrado",
         "importAuthors":"Importar autores",
         "importData":"Importar datos",
         "importingData":"Importando datos",
         "importNote":"Las publicaciones se importarán en un formato compatible con el editor WYSIWYG.",
         "importSelectedTypesOfPosts":"Importar tipos de publicaciones seleccionadas:",
         "pages":"páginas",
         "postAuthors":"Autores de la publicación",
         "selectWXRFileLabel":"Seleccione el archivo WXR:",
         "selectWXRFilePlaceholder":"Seleccione un archivo WXR para importar",
         "usedTaxonomyForPosts":"Taxonomía usada para publicaciones:",
         "useMainAuthor":"Usar autor principal de Publii",
         "wpImporter":"Importador de WP",
         "wpImportGoToRegenerateMsg":"Sus datos de WordPress han sido importados. La regeneración de miniaturas puede ser necesaria si ya seleccionó un tema."
      }
   },
   "toolsPlugin":{
      "pluginSettingsLoadError":"Ocurrió un error durante la carga de la configuración del complemento",
      "pluginSettingsSaveSuccess":"La configuración del complemento se guardó correctamente",
      "pluginSettingsSaveError":"Ocurrió un error al guardar la configuración del complemento",
      "tabsLabel":"Configuración del complemento",
      "thisPluginHasNoOptions":"Este complemento no tiene opciones adicionales..."
   },
   "ui":{
      "aboutPublii":"Acerca de Publii",
      "alternativeText":"Texto alternativo",
      "appConfiguration":"Configuración de la aplicación",
      "applyChanges":"Aplicar cambios",
      "authors":"Autores",
      "backToTools":"Volver a las herramientas",
      "backToPosts":"Publicaciones",
      "basicInformation":"Información básica",
      "beautifyCode":"Embellecer código",
      "cancel":"Cancelar",
      "cancelPostWarningMsg":"Perderá todos los cambios no guardados. ¿Desea continuar?",
      "canonicalURL":"URL canónica",
      "caption":"Leyenda",
      "checkDocumentation":"Verificar la documentación de Publii",
      "close":"Cerrar",
      "copyToClipboard":"Copiar al portapapeles",
      "credits":"Créditos",
      "customLink":"Enlace personalizado",
      "customTemplate":"Plantilla personalizada",
      "delete":"Eliminar",
      "description":"Descripción",
      "donate":"Donar",
      "edit":"Editar",
      "featuredImage":"Imagen destacada",
      "fillAllRequiredFields":"Por favor complete todos los campos obligatorios",
      "frontpageLink":"Enlace de la página principal",
      "gdprBreakingChangesConfirmMsg":"Hemos realizado cambios significativos en la sección Configuración de privacidad (anteriormente RGPD). Recomendamos que revise su configuración y la guarde nuevamente.",
      "githubRepository":"Repositorio Github",
      "goBack":"Regresar",
      "goToPluginCustomOptions":"Ocultar opciones adicionales",
      "goToPluginStandardOptions":"Mostrar opciones adicionales",
      "goToSettings":"Ir a Configuración de Privacidad",
      "help":"Ayuda",
      "hide":"Ocultar",
      "hideThisNotification":"Ocultar esta notificación",
      "id":"ID",
      "ifCanonicalUrlIsSetMetaRobotsTagIsIgnored":"Si las URL canónicas están habilitadas, la etiqueta de meta robots se ignora.",
      "indexFollow":"índice, seguir",
      "indexNofollow":"índice, nofollow",
      "indexFollowNoArchive":"índice, seguimiento, noarchivo",
      "indexNofollowNoArchive":"índice, nofollow, noarchive",
      "iUnderstand":"Está bien, entiendo",
      "lastModified":"Última modificación",
      "leaveBlankToUseDefaultPageTitle":"Dejar en blanco para usar un título de página predeterminado",
      "linkTarget":"Objetivo del enlace",
      "loading":"Cargando...",
      "menus":"Menús",
      "metaDescription":"Meta descripción",
      "metaRobotsIndex":"Índice de metarobots",
      "minimize":"Minimizar",
      "more":"Más",
      "moreInformationOnPublii":"Más información sobre Publii",
      "moreItems":"Más artículos",
      "name":"Nombre",
      "newWindow":"Nueva ventana",
      "noindexFollow":"noindex, follow",
      "noindexNofollow":"noindex, nofollow",
      "none":"Ninguno",
      "notAvailableInYourTheme":"No disponible en el tema actual",
      "notSet":"No establecido",
      "of":"de",
      "ok":"OK",
      "otherOptions":"Otras opciones",
      "pages":"Páginas",
      "pageTitle":"Título de la página",
      "pleaseFillAllRequiredFields":"Complete todos los campos obligatorios",
      "posts":"Publicación",
      "preview":"Vista previa",
      "previewFrontPageOnly":"Vista previa de la página principal únicamente",
      "previewFullWebsite":"Vista previa del sitio web completo",
      "publiiOnGithub":"Ver Publii en Github",
      "publishAndClose":"Publicar y cerrar",
      "publishPost":"Publicar publicación",
      "reloadFile":"Recargar archivo",
      "renderFrontPageOnly":"Procesar solo la página principal",
      "renderFullWebsite":"Renderizar sitio web completo",
      "reportBugInSupportDesk":"Reportar un error a través de nuestra mesa de soporte",
      "reportIssue":"Reportar un problema",
      "sameWindow":"La misma ventana",
      "save":"Guardar",
      "saveAndClose":"Guardar y cerrar",
      "saveAndPreview":"Guardar y previsualizar",
      "saveAndRender":"Guardar y renderizar",
      "saveAsDraft":"Guardar como borrador",
      "saveChanges":"Guardar cambios",
      "saveDraft":"Guardar borrador",
      "saveDraftAndClose":"Guardar borrador y cerrar",
      "search":"Buscar...",
      "selectOption":"Seleccionar opción",
      "selectWebsite":"Seleccione un sitio web",
      "seo":"SEO",
      "server":"Servidor",
      "show":"Mostrar",
      "slug":"Slug",
      "supportPublii":"¡Apoya a Publii y dona hoy!",
      "tags":"Etiquetas",
      "theme":"Tema",
      "tools":"Herramientas y complementos",
      "unhide":"Mostrar",
      "updateSlug":"Actualizar slug",
      "uploadInProgress":"Carga en curso...",
      "whatsNew":"¿Qué hay de nuevo?"
   }
}