{
    "Action": "Acción",
    "Activity": "Actividad",
    "Address": "Dirección",
    "Advanced": "Avanzado",
    "Align": "Alinear",
    "Align center": "Alinear al centro",
    "Align left": "Alinear a la izquierda",
    "Align right": "Alinear a la derecha",
    "Alignment": "Alineación",
    "All": "Todo",
    "Alternative source": "Fuente alternativa",
    "Alternative source URL": "URL de fuente alternativo",
    "Anchor": "Ancha",
    "Anchor...": "Ancla...",
    "Anchors": "Anclas",
    "Animals and Nature": "Animales y Naturaleza",
    "Arrows": "Flechas",
    "B": "B",
    "Background color": "Color de fondo",
    "Black": "Negro",
    "Block": "Bloque",
    "Blockquote": "Bloque de citación",
    "Blue": "Azul",
    "Body": "Cuerpo",
    "Bold": "Negrita",
    "Border": "Borde",
    "Border color": "Color del borde",
    "Border style": "Estilo del borde",
    "Border width": "Ancho del borde",
    "Bottom": "Fondo",
    "Browse for an image": "Buscar una imagen",
    "Bullet list": "Lista de viñetas",
    "Cancel": "Cancelar",
    "Capitalization": "Mayúsculas",
    "Caption": "Leyenda",
    "Cell": "Celda",
    "Cell padding": "Relleno de celda",
    "Cell properties": "Propiedades de la celda",
    "Cell spacing": "Espaciado entre celdas",
    "Cell type": "Tipo de celda",
    "Center": "Centro",
    "Characters": "Carácteres",
    "Characters (no spaces)": "Caracteres (sin espacios)",
    "Circle": "Circulo",
    "Class": "Clase",
    "Clear formatting": "Borrar formato",
    "Close": "Cerrar",
    "Code": "Código",
    "Code sample": "Ejemplo de código",
    "Color": "Color",
    "Color Picker": "Selector de color",
    "Color swatch": "Muestra de color",
    "Cols": "Cols",
    "Column": "Columna",
    "Column group": "Grupo de columnas",
    "Constrain proportions": "Restringir proporciones",
    "Copy": "Copiar",
    "Copy row": "Copiar fila",
    "Could not find the specified string.": "No se pudo encontrar la cadena especificada.",
    "Could not load emoticons": "No se pudieron cargar los emoticonos",
    "Count": "Cuenta",
    "Currency": "Moneda",
    "Current window": "Ventana actual",
    "Custom color": "Color personalizado",
    "Custom...": "Personalizado...",
    "Cut": "Cortar",
    "Cut row": "Cortar fila",
    "Dark Blue": "Azul oscuro",
    "Dark Gray": "Gris oscuro",
    "Dark Green": "Verde oscuro",
    "Dark Orange": "Naranja oscuro",
    "Dark Purple": "Morada oscuro",
    "Dark Red": "Rojo oscuro",
    "Dark Turquoise": "Turquesa oscuro",
    "Dark Yellow": "Amarillo oscuro",
    "Date/time": "Fecha/hora",
    "Decrease indent": "Reducir sangría",
    "Default": "Por defecto",
    "Delete column": "Eliminar columna",
    "Delete row": "Eliminar fila",
    "Delete table": "Delete table",
    "Dimensions": "Dimensiones",
    "Disc": "Disc",
    "Div": "Div",
    "Document": "Documento",
    "Document properties": "Propiedades del documento",
    "Drop an image here": "Suelta una imagen aquí",
    "Edit": "Editar",
    "Edit image": "Editar imagen",
    "Embed": "Incorporar",
    "Emoticons": "Emoticonos",
    "Emoticons...": "Emoticonos...",
    "Error": "Error",
    "Extended Latin": "ELatín extendido",
    "Failed to upload image: {0}": "Error al cargar la imagen: {0}",
    "Find": "Buscar",
    "Find and replace": "Buscar y reemplazar",
    "Find and replace...": "Buscar y reemplazar..",
    "Find whole words only": "Buscar solo palabras completas",
    "Finish": "Finalizar",
    "Flags": "Banderas",
    "Font": "Fuente",
    "Font Sizes": "Tamaños de fuente",
    "Fonts": "Fuentes",
    "Food and Drink": "Comida y bebida",
    "Footer": "Pie de página",
    "Format": "Formato",
    "Format Painter": "Pintador de formato",
    "Formats": "Formatos",
    "Fullscreen": "Pantalla completa",
    "G": "G",
    "General": "General",
    "Gray": "Gris",
    "Green": "Verde",
    "H Align": "Alinear H",
    "Header": "Encabezado",
    "Header 1": "Encabezado H1",
    "Header 2": "Encabezado H2",
    "Header 3": "Encabezado H3",
    "Header 4": "Encabezado H4",
    "Header 5": "Encabezado H5",
    "Header 6": "Encabezado H6",
    "Header cell": "Celda de encabezado",
    "Headers": "Encabezados",
    "Heading 1": "Encabezado H1",
    "Heading 2": "Encabezado H2",
    "Heading 3": "Encabezado H3",
    "Heading 4": "Encabezado H4",
    "Heading 5": "Encabezado H5",
    "Heading 6": "Encabezado H6",
    "Headings": "Encabezados",
    "Height": "Altura",
    "Help": "Ayuda",
    "Horizontal line": "Línea horizontal",
    "Horizontal space": "Espacio horizontal",
    "Id": "Id",
    "La identificación debe comenzar con una letra, seguida solo de letras, números, guiones, puntos, dos puntos o guiones bajos.": "La identificación debe comenzar con una letra, seguida solo de letras, números, guiones, puntos, dos puntos o guiones bajos.",
    "Ignore": "Ignorar",
    "Ignore all": "Ignorar todo",
    "Image": "Imagen",
    "Image description": "Descripción de la imagen",
    "Image list": "Lista de imágenes",
    "Image options": "Opciones de imagen",
    "Image title": "Título de imagen",
    "Image...": "Imagen...",
    "Increase indent": "Aumentar sangría",
    "Inline": "En linea",
    "Insert": "Insertar",
    "Insert column after": "Insertar columna después",
    "Insert column before": "Insertar columna antes",
    "Insert date/time": "Insertar fecha/hora",
    "Insert image": "Insertar imagen",
    "Insert link": "Insertar enlace",
    "Insert row after": "Insertar fila después",
    "Insert row before": "Insertar fila antes",
    "Insert table": "Insertar tabla",
    "Insert video": "Insertar video",
    "Insert/Edit Link": "Insertar/Editar Enlace",
    "Insert/edit iframe": "Insertar/Editar iframe",
    "Insert/edit image": "Insertar/Editar imagen",
    "Insert/edit link": "Insertar/Editar enlace",
    "Insert/edit media": "Insertar/Editar media",
    "Insert/edit video": "Insertar/Editar video",
    "Italic": "Cursiva",
    "Justify": "Justifar",
    "Keyboard Navigation": "Navegación con teclado",
    "Language": "Idioma",
    "Left": "Izquierda",
    "Left to right": "De izquierda a derecha",
    "Light Blue": "Azul claro",
    "Light Gray": "Gris claro",
    "Light Green": "Verde claro",
    "Light Purple": "Morado claro",
    "Light Red": "Rojo claro",
    "Light Yellow": "Amarillo claro",
    "Link": "Enlace",
    "Link list": "Prueba de enlace",
    "Link...": "Enlace...",
    "Loading emoticons...": "Cargando emoticonos...",
    "Lower Alpha": "Alfa inferior",
    "Lower Greek": "Bajo griego",
    "Lower Roman": "Bajo romano",
    "Match case": "Caso de coincidencia",
    "Mathematical": "Matemático",
    "Media": "Media",
    "Media poster (Image URL)": "Publicador de media (URL de la imagen)",
    "Media...": "Medios...",
    "Medium Blue": "Azul medio",
    "Medium Gray": "Gris medio",
    "Medium Purple": "Morado medio",
    "Merge cells": "Combinar celdas",
    "Middle": "Medio",
    "Midnight Blue": "Azul de medianoche",
    "More...": "Más...",
    "Name": "Nombre",
    "Navy Blue": "Azul marino",
    "New window": "Nueva ventana",
    "Next": "Siguiente",
    "No": "No",
    "No color": "Sin color",
    "Nonbreaking space": "Espacio ininterrumpido",
    "None": "Ninguno",
    "Numbered list": "Lista numerada",
    "OR": "O",
    "Objects": "Objetos",
    "Ok": "Ok",
    "Open help dialog": "Abrir diálogo de ayuda",
    "Open link in...": "Abrir enlace en...",
    "Orange": "Naranja",
    "Page break": "Salto de página",
    "Paragraph": "Párrafo",
    "Paste": "Pegar",
    "Paste as text": "Pegar como texto",
    "Paste or type a link": "Pegar o escribir un enlace",
    "Paste row after": "Pegar fila después",
    "Paste row before": "Pegar fila antes",
    "Paste your embed code below:": "PPegue su código de inserción a continuación:",
    "People": "Gente",
    "Permanent Pen Properties": "Propiedades de lápiz Permanente",
    "Permanent pen properties...": "Propiedades de lápiz permanente...",
    "Poster": "Cartel",
    "Powered by {0}": "Con la tecnología de {0}",
    "Pre": "Pre",
    "Preferences": "Preferencias",
    "Preformatted": "Preformateado",
    "Prev": "Antes",
    "Preview": "Vista previa",
    "Previous": "Anterior",
    "Print": "Imprimir",
    "Print...": "Imprimir...",
    "Purple": "Morado",
    "Quotations": "Citaciones",
    "R": "R",
    "Red": "Rojo",
    "Redo": "Rehacer",
    "Remove color": "Quitar color",
    "Remove link": "Quitar enlace",
    "Replace": "Reemplazar",
    "Replace all": "Reemplazar todo",
    "Replace with": "Reemplazar con",
    "Restore last draft": "Restaurar último borrador",
    "Rich Text Area. Press ALT-0 for help.": "Área de texto enriquecido. Presione ALT-0 para obtener ayuda.",
    "Rich Text Area. Press ALT-F9 for menu. Press ALT-F10 for toolbar. Press ALT-0 for help": "Área de texto enriquecido. Presione ALT-F9 para el menú. Presione ALT-F10 para la barra de herramientas. Presione ALT-0 por ayuda",
    "Right": "Derecha",
    "Right to left": "De derecha a izquierda",
    "Row": "Fila",
    "Row group": "Grupo de filas",
    "Row properties": "Propiedades de filas",
    "Row type": "Tipo de filas",
    "Rows": "Filas",
    "Save": "Guardar",
    "Scope": "Alcance",
    "Search": "Buscar",
    "Select all": "Seleccionar todo",
    "Select...": "Seleccionar...",
    "Selection": "Seleccion",
    "Shortcut": "Acceso directo",
    "Show caption": "Mostrar leyenda",
    "Show invisible characters": "Mostrar caracteres invisibles",
    "Size": "Tamaño",
    "Source": "Fuente",
    "Source code": "Código fuente",
    "Special character": "Carácteres especiales",
    "Special character...": "Carácter especial...",
    "Spellcheck": "Corrector ortográfico",
    "Split cell": "Dividir celda",
    "Square": "Cuadrado",
    "Strikethrough": "Tachado",
    "Style": "Estilo",
    "Subscript": "Subíndice",
    "Superscript": "Superíndice",
    "Switch to or from fullscreen mode": "Cambiar hacia o desde el modo de pantalla completa",
    "Symbols": "Simbolos",
    "System Font": "Fuente del sistema",
    "Table": "Tabla",
    "Table of Contents": "Tabla de contenido",
    "Table properties": "Propiedades de la tabla",
    "Target": "Objectivo",
    "Text": "Texto",
    "Text color": "Color del texto",
    "Text to display": "Texto para mostrar",
    "The URL you entered seems to be an email address. Do you want to add the required mailto: prefix?": "La URL que ingresó parece ser una dirección de correo electrónico. ¿Desea agregar el prefijo mailto: requerido?",
    "The URL you entered seems to be an external link. Do you want to add the required http:// prefix?": "La URL que ingresó parece ser un enlace externo. ¿Desea agregar el requerido prefijo http:// ?",
    "Title Case": "Caso de título",
    "To open the popup, press Shift+Enter": "Para abrir la ventana emergente, presione Shift+Enter",
    "Tools": "Herramientas",
    "Top": "Arriba",
    "Travel and Places": "Viajes y Lugares",
    "Turquoise": "Turquesa",
    "UPPERCASE": "MAYÚSCULAS",
    "Underline": "Subrayado",
    "Undo": "Deshacer",
    "Update": "Actualizar",
    "Upload": "Subir",
    "Upper Alpha": "Alfa superior",
    "Upper Roman": "Alfa romano",
    "Url": "Url",
    "User Defined": "Definido por el usuario",
    "V Align": "Alinear V",
    "Valid": "Válido",
    "Version": "Versión",
    "Vertical space": "Espacio vertical",
    "View": "Ver",
    "Warn": "Advertir",
    "White": "Blanco",
    "Whole words": "Palabras completas",
    "Width": "Ancho",
    "Word count": "Recuento de palabras",
    "Words": "Palabras",
    "Words: {0}": "Palabras: {0}",
    "Yellow": "Amarillo",
    "Yes": "Sí",
    "You have unsaved changes are you sure you want to navigate away?": "Tiene cambios sin guardar, ¿está seguro de que quiere salir?",
    "alignment": "alineación",
    "comments": "comentarios",
    "example": "ejemplo",
    "formatting": "formato",
    "history": "historia",
    "indentation": "sangría",
    "lowercase": "minúsculas",
    "permanent pen": "lapiz permanente",
    "styles": "estilos",
    "{0} characters": "{0} carácteres",
    "{0} words": "{0} palabras"
}
