{
    "author": {
        "addNewAuthor": "Dodaj nowego autora",
        "author": "Autor",
        "authorDataParsingErrorMessage": "Wystąpił błąd podczas parsowania danych autora dla ID: ",
        "authorHasBeenUpdated": "Autor został zaktualizoway",
        "authorLink": "Link do autora",
        "authorName": "Nazwa autora",
        "authorNameCannotBeEmptyErrorMessage": "Nazwa autora nie może być pusta. Proszę podać inną nazwę.",
        "authorNameInUseErrorMessage": "Podana nazwa autora jest już używana. Proszę podać inną nazwę.",
        "authorNameSimilarInUseErrorMessage": "Podobna nazwa autora (bez rozróżniania wielkości liter) jest już używana. Proszę podać inną nazwę.",
        "authorPage": "Strona autora",
        "authorSlugCannotBeEmpty": "Slug autora nie może być pusty",
        "avatar": "Avatar",
        "avatarAndFeaturedImage": "Avatar i obraz wyróżniony",
        "cannotRemoveMainAuthor": "Nie możesz usunąć głównego autora.",
        "changePostAuthor": "Zmień autora wpisu",
        "editAuthor": "Edytuj autora",
        "eMail": "E-mail",
        "filterOrSearchAuthors": "Filtruj lub wyszukaj autorów...",
        "gravatarEmailWarningMessage": "Podaj adres e-mail którego użyłeś/aś do zarejestrowania konta Gravatar.",
        "mainAuthor": "Główny autor",
        "mainAuthorCannotBeRemoved": "To jest główny autor na tej stronie. Nie można go usnąć.",
        "newAuthorHasBeenCreated": "Nowy autor został utworzony",
        "noAuthorsMatchingYourCriteria": "Brak autorów spełniających Twoje kryteria.",
        "removeAuthorsMessage": "Na pewno chcesz usunąć wybranych autorów?",
        "removeAuthorsSuccessMessage": "Wybrani autorzy zostali usunięci",
        "saveAndPreviewNotAvailableDueToNoSupportForAuthorPagesInTheme": "Opcja \"Zapis i Podgląd\" nie jest dostępna z powodu braku wspracia dla stron autorów w Twoim motywie.",
        "selectAuthor": "Wybierz autora",
        "selectAuthorPage": "Wybierz stronę autora",
        "themeDoesNotSupportFeaturedImagesForAuthors": "Twój motyw nie wspiera wyróżnionych obrazków dla autorów.",
        "toUseThisOptionEnableIndexingAuthorPages": "Aby użyć tej opcji najpierw włącz, w ustawieniach SEO, indeksowanie stron autorów.",
        "useGravatarMessage": "Użyj <a href=\"https://gravatar.com/\" target=\"_blank\" rel=\"noopener noreferrer\">Gravatara </a> aby dodać avatar do autora.",
        "useGravatarServiceMessage": "Aby skorzystać z usługi Gravatar podaj adres e-mail autora.",
        "website": "Strona internetowa"
    },
    "core": {
        "archive": {
            "errorDuringCreatingTAR": "An error occurred during creating TAR archive. Please try again.",
            "errorDuringCreatingZIP": "An error occurred during creating ZIP archive. Please try again."
        },
        "backup": {
            "destinationDirectoryDoesNotExists": "Katalog docelowy nie istnieje",
            "errorDuringFileSaveProcess": "Wystąpił błąd podczas zapisu pliku",
            "errorDuringReadingBackupFile": "Wystapił błąd podczas odczytu pliku kopii zapasowej",
            "fileDoesNotExists": "Plik kopii zapasowej nie istnieje",
            "fileIsCorrupted": "Plik kopii zapasowej jest uszkodzony - przerwano proces odtwarzania.",
            "locationDoesNotExists": "Lokalizacja kopii zapasowych nie istnieje",
            "temporaryDirectoryDoesNotExists": "Katalog tymczasowy nie istnieje"
        },
        "credits": {
            "errorLoadingLicenseMsg": "Wystąpił błąd podczas ładowania licencji. Proszę spróbować ponownie..."
        },
        "images": {
            "responsiveImagesDisabled": "Responsywne obrazy są wyłączone w ustawieniach witryny – wszystkie responsywne obrazy zostały usunięte."
        },
        "rendering": {
            "renderingProcessCrashed": "Proces renderowania uległ awarii",
            "renderingProcessCrashedMsg": "Sprawdż pliki rendering-errors.log i rendering-process.log pod Narzędzia -> Przeglądarka logów.",
            "renderingProcessFiled": "Proces renderowania nie powiódł się"
        },
        "server": {
            "branchDoesNotExist": "Wybrana gałąź nie istnieje.",
            "creatingNewRemoteFilesTree": "Tworzenie nowego zdalnego drzewa plików...",
            "finishingDeploymentProcess": "Zakończenie procesu wdrażania...",
            "getInfoAboutLatestCommit": "Uzyskaj informacje o najnowszym commicie...",
            "preparingFilesTreeToUpload": "Przygotowywanie drzewa plików do przesłania...",
            "repositoryDoesNotExist": "Wybrane repozytorium nie istnieje.",
            "requestLimitExceededInfo": "Przekroczono limit żądań API (pozostało {remaining} żądań). Proszę zaczekać do {resetTime} UTC i spróbować pózniej.",
            "requestTimeout": "Przekroczono limit czasu żądania.",
            "retrievingHandlerOfRemoteFilesTree": "Pobieranie obsługi zdalnego drzewa plików...",
            "retrievingRemoteFilesTree": "Pobieranie zdalnego drzewa plików...",
            "tokenOrServerAddressInvalid": "Podany token lub adres serwera jest nieprawidłowy.",
            "tooManyFilesInfo": "Twoja strona zawiera ponad 4000 elementów ({numberOfFiles} plików and katalogów). Aktualnie nasz implementacja Github Pages wspiera strony zawierające do 4000 elementów"
        },
        "site": {
            "noConfigurationForResponsiveImages": "Nie ma konfiguracji dla responsywnych obrazów",
            "noImagesToRegenerate": "Brak obrazów do regeneracji",
            "noThemeSelected": "Nie wybrano motywu"
        },
        "sureYouWantQuit": "Na pewno chcesz wyjść z programu? \nWszystkie niezapisane zmiany zostaną utracone.",
        "wpImport": {
            "authorsProgressInfo": "Importowanie autorów ({progress} / {total})",
            "imageDownloadError": "Wystąpił błąd podczas pobierania obrazu: {image}",
            "imagesProgressInfo": "Pobieranie obrazów ({progress} / {total})",
            "postsProgressInfo": "Importowanie wpisów ({progress} / {total})",
            "tagsProgressInfo": "Importowanie tagów ({progress} / {total})"
        }
    },
    "date": {
        "apr": "Kwi",
        "aug": "Sier",
        "changePostPublicationDate": "Zmień datę publikacji wpisu",
        "dec": "Gru",
        "feb": "Lut",
        "jan": "sty",
        "jul": "Lip",
        "jun": "Czer",
        "mar": "Marz",
        "may": "Maj",
        "nov": "List",
        "oct": "Paź",
        "sep": "Wrz"
    },
    "editor": {
        "addHeading": "Dodaj nagłówek",
        "addLabel": "Dodaj etykietę",
        "alignTextCenter": "Wyśrodkuj tekst",
        "alignTextLeft": "Wyrównaj tekst do lewej",
        "alignTextRight": "Wyrównaj tekst do prawej",
        "blockEditorHelpPanelDesc": "Możesz wstawić blok, klikając <span>+</span> lub <span>TAB</span> w nowym wierszu lub wpisując następujące skróty lub składnię przecen w nowym wierszu:",
        "blocks": {
            "code": {
                "idTooltip": "Ta wartość zostanie użyta jako ID tego kodu"
            },
            "cssClassesLabel": "Klasa CSS",
            "cssClassesTooltip": "Ta klasa CSS zostanie dodana jako atrybut klasy tego pola",
            "embed": {
                "idTooltip": "Ta wartość zostanie użyta jako ID tego osadzenia"
            },
            "gallery": {
                "idTooltip": "Ta wartość zostanie użyta jako ID tej galerii"
            },
            "header": {
                "customIdLabel": "Zastosuj własne ID",
                "customIdTooltip": "Enable this option if you want to use own ID, instead of the auto-generated one",
                "idTooltip": "Ta wartość zostanie użyta jako ID tego nagłówka"
            },
            "html": {
                "idTooltip": "Ta wartość zostanie użyta jako ID tego bloku HTML"
            },
            "idLabel": "ID",
            "image": {
                "idTooltip": "Ta wartość zostanie użyta jako ID tego obrazu"
            },
            "list": {
                "idTooltip": "Ta wartość zostanie użyta jako ID tej listy"
            },
            "paragraph": {
                "idTooltip": "Ta wartość zostanie użyta jako ID tego pragrafu",
                "styleLabel": "Styl pragrafu",
                "styles": {
                    "highlight": "Wyróżnienie",
                    "info": "Informacja",
                    "success": "Sukces",
                    "warning": "Ostrzeżenie"
                },
                "styleTooltip": "Wybierz dodatkowe stylowanie dla bloku paragrafu"
            },
            "quote": {
                "idTooltip": "Ta wartość zostanie użyta jako ID tego cytatu"
            },
            "separator": {
                "idTooltip": "Ta wartość zostanie użyta jako ID tego separatora"
            },
            "toc": {
                "idTooltip": "Ta wartość zostanie użyta jako ID tego spisu treści"
            }
        },
        "cantSavePostWithEmptyTitle": "Nie możesz zapisać wpisu z pustym tytułem.",
        "changesSaved": "Zmiany zostały zapisane",
        "clearFormatting": "Wyczyść formatowanie",
        "clickToConfirm": "Kliknij, aby potwierdzić",
        "code": "Kod",
        "conversions": {
            "toCode": "Kod",
            "toHeader": "Nagłówek",
            "toHTML": "HTML",
            "toList": "Lista",
            "toParagraph": "Pargraf",
            "toQuote": "Cytat"
        },
        "convertTo": "Przekształć w:",
        "custom": "Niestandardowy",
        "defaultSelect": "- Wybierz -",
        "deleteBlock": "Usuń blok",
        "dot": "Kropka",
        "dots": "Kropki",
        "dragAndDropImgToEditor": "Przeciągnij i upuść obraz do edytora",
        "dropToUploadYourPhotoOr": "Upuść, aby przesłać swoje zdjęcie lub",
        "dropToUploadYourPhotosOr": "Upuść, aby przesłać swoje zdjęcia lub",
        "element": "Element",
        "emptyGalleryBlock": "Pusty blok galerii",
        "emptyImageBlock": "Pusty blok obrazu",
        "enterAltText": "Podaj tekst alternatywny",
        "enterCaption": "Podaj podpis zdjęcia",
        "enterUrlOrEmbedCode": "Podaj URL lub kod do osadzenia...",
        "errorOccured": "Wystąpił błąd - proszę spróbować ponownie.",
        "gallery": "Galeria",
        "header": "Nagłówek",
        "heading1": "Nagłówek 1",
        "heading2": "Nagłówek 2",
        "heading3": "Nagłówek 3",
        "heading4": "Nagłówek 4",
        "heading5": "Nagłówek 5",
        "heading6": "Nagłówek 6",
        "hideHelp": "Ukryj Pomoc",
        "hideStats": "Ukryj Statystyki",
        "html": "HTML",
        "insertGallery": "Wstaw galerię",
        "list": "Lista",
        "markdown": "Markdown",
        "markdownHelpPanelDesc": "Możesz łatwo zarządzać nagłówkami, stylami tekstu lub tworzyć inne elementy HTML, używając następujących skrótów klawiaturowych lub wpisując składnię markdown:",
        "newDraftCreated": "Nowy szkic został utworzony",
        "newPostCreated": "Nowy wpis został utworzony",
        "quote": "Cytat",
        "quoteAuthor": "Autor cytatu",
        "quoteText": "Tekst cytatu",
        "readMore": "Czytaj więcej",
        "readMoreBlockName": "Czytajwięcej",
        "selectFiles": "Wybierz pliki",
        "separator": "Separator",
        "shortcuts": "Skróty",
        "sourceCode": "Kod źródłowy",
        "startWriting": "Zacznij pisać...",
        "startWritingOrPressTabToChooseBlock": "Zacznij pisać lub naciśnij klawisz TAB, aby wybrać blok.",
        "toc": "Spis treści",
        "tocAutoGenerationInfo": "Spis treści jest generowany automatycznie poprzez zbieranie nagłówków (H1-H6) Twoich treści.",
        "togglePostStatsPanel": "Przełącz panel statystyk wpisów",
        "unableToSetSpellCheckerForLanguage": "(!) Nie można ustawić sprawdzania pisowni dla wybranego języka - ",
        "useOrderedList": "Użyj listy uporządkowanej",
        "useUnorderedList": "Użyj listy nieuporządkowanej",
        "viewHelp": "Pokaż Pomoc",
        "viewStats": "Pokaż Statystyki",
        "wideLine": "Szeroka linia"
    },
    "file": {
        "addNewFile": "Dodaj nowy plik",
        "backups": "Kopie zapasowe",
        "createBackup": "Utwórz kopię zapasową",
        "createBackupConfirmMsg": "Wybierz nazwę kopii zapasowej — nazwa pliku może zawierać tylko znaki alfanumeryczne, myślniki i podkreślenia:",
        "createBackupErrorMsg": "Wystąpił błąd podczas tworzenia kopii zapasowej. Proszę spóbować ponownie.",
        "createBackupNameEmptyMsg": "Podana nazwa pliku nie może być pusta. Proszę spóbować ponownie, podając inną nazwę.",
        "createBackupNameInUseMsg": "Podana nazwa pliku (<strong>{filename}</strong>) jest używana przez istniejący plik kopii zapasowej is used by an existing backup. Proszę spóbować ponownie, podając inną nazwę.",
        "createBackupSuccessMsg": "Kopia zapasowa została utworzona.",
        "createFirstBackupMsg": "Jeszcze nie masz kopii zapasowych. Stwórzmy pierwszą!",
        "creatingBackup": "Tworzenie kopii zapasowej",
        "creationDate": "Data utworzenia",
        "deletBackupsConfirmMsg": "Czy na pewno chcesz usunąć wybrane kopie zapasowe? Tej czynności nie można cofnąć.",
        "deletBackupsErrorMsg": "Wystąpił błąd podczas usuwania wybranego pliku kopii zapasowej. Proszę spóbować ponownie.",
        "deletBackupsSuccessMsg": "Wybrane kopie zapasowe zostały usunięte",
        "dragAndDropBackupFile": "Przeciągnij i upuść plik kopii zapasowej tutaj lub",
        "dropYourFileHere": "Upuść plik tutaj",
        "file": "Plik",
        "fileFromFileManager": "Plik z Menedżera Plików",
        "fileManager": "Menedżer plików",
        "filename": "Nazwa pliku",
        "files": "Pliki",
        "fileSemicolon": "Plik:",
        "fileSize": "Rozmiar pliku",
        "filterOrSearchFiles": "Filtruj lub wyszukaj pliki...",
        "mediaFiles": "media/pliki",
        "noBackupsAvailable": "Brak dostępnych kopii zapasowych",
        "noFileInMediaFilesDirInfo": "W katalogu media/pliki nie ma żadnych plików...",
        "noFileInRootDirInfo": "W katalogu głównym nie ma żadnych plików...",
        "noFileMatchingCriteriaInfo": "Nie ma plików spełniających Twoje kryteria.",
        "operations": "Operacje",
        "preparingFilesInOutputDir": "Przygotowywanie plików w katalogu wyjściowym",
        "provideNameForNewFile": "Proszę podać nazwę nowego pliku",
        "removeFilesConfirmMsg": "Czy na pewno chcesz usunąć wybrane pliki? Nie można tego cofnąć.",
        "removeFilesSuccessMsg": "Wybrane pliki zostały usunięte",
        "rename": "Zmień nazwę",
        "renameBackupConfrimLabel": "Zmień nazwę pliku",
        "renameBackupConfrimMsg": "Proszę podać nową nazwę pliku kopii zapasowej:",
        "renameBackupErrorMsg": "Wystąpił błąd podczas zmiany nazwy wybranego pliku kopii zapasowej. Proszę spóbować ponownie.",
        "renameBackupNameEmptyMsg": "Nazwa pliku kopii zapasowej nie może być pusta. Proszę spóbować ponownie.",
        "renameBackupNameInUseMsg": "Podana nazwa jest używana przez inny plik kopii zapasowej. Proszę spóbować ponownie.",
        "renameBackupSameNameMsg": "Podana nazwa jest taka sama jak stara nazwa. Proszę spóbować ponownie.",
        "renameBackupSuccessMsg": "Nazwa kopii zapasowej została pomyślnie zmieniona.",
        "restore": "Przywróć",
        "restoreBackupConfrimLabel": "Przywróć kopię zapasową",
        "restoreBackupConfrimMsg": "Czy na pewno chcesz przywrócić wybraną kopię zapasową? Istniejące pliki zostaną nadpisane.",
        "restoreBackupErrorMsg": "Wystąpił błąd podczas przywracania wybranego pliku kopii zapasowej: ",
        "restoreBackupSuccessMsg": "Strona została pomyślnie przywrócona.",
        "rootDirectory": "katalog główny",
        "selectedFileExsistsMsg": "Te pliki istnieją w wybranym katalogu, więc nie można ich skopiować: ",
        "selectedFilenameInUseMsg": "Wybrana nazwa pliku jest w użyciu. Proszę spróbować użyć innej nazwy pliku.",
        "selectFile": "Wybierz plik",
        "selectFileFromFileManager": "Wybierz plik z Menedżera Plików",
        "uploadFiles": "Prześlij pliki"
    },
    "gdpr": {
        "addGroup": "Dodaj grupę",
        "groupID": "ID grupy",
        "groupName": "Nazwa grupy",
        "state": "Stan"
    },
    "image": {
        "addImages": "Dodaj obrazy",
        "align": "Wyrównanie",
        "centeredImage": "Obraz wyśrodkowany",
        "columns": "Kolumny:",
        "dropFeaturedImageOr": "Upuść tutaj obrazek wyróżnony lub",
        "dropToUploadPhotoOr": "Upuść, aby przesłać swoje zdjęcie lub",
        "eightColumns": "8 kolumn",
        "enterAltText": "Wpisz tekst alt",
        "enterCaption": "Wpisz podpis",
        "fiveColumns": "5 kolumn",
        "fourColumns": "4 kolumny",
        "fullWidth": "Pełna szerokość",
        "fullWidthImage": "Obraz pełnej szerokości",
        "image": "Obraz",
        "imageAlternativeText": "Tekst alternatywny obrazu",
        "imageCaption": "Podpis obrazu",
        "images": "Obrazy",
        "insertEditGallery": "Dodaj/Edytuj Galerię",
        "layout": "Układ",
        "loadingImage": "Wczytywanie obrazu...",
        "none": "Brak",
        "oneColumn": "1 kolumna",
        "pictures": "obrazów",
        "removeImage": "Usuń obraz",
        "sevenColumns": "7 kolumn",
        "sixColumns": "6 kolumn",
        "threeColumns": "3 kolumny",
        "twoColumns": "2 kolumny",
        "uploading": "Przesyłanie",
        "wide": "Szerokie",
        "wideImage": "Szeroki obraz",
        "yourGalleryIsEmpty": "Twoja galeria jest pusta"
    },
    "langs": {
        "addLanguageSuccessMessage": "Język został dodany",
        "deleteLanguage": "Usuń język",
        "getMoreLanguages": "Pobierz więcej języków",
        "goToLanguagesManager": "Idź do menadżera języków",
        "installLanguage": "Zainstaluj język",
        "isOutdated": "Nieaktualny",
        "isOutdatedTitle": "Ta paczka językowa wspiera Publii do wersji v.{supportedVersion}, podczas gdy używasz Publii w wersji v.{currentVersion} - sprawdź dostępność aktualizacji",
        "language": "Język:",
        "languageChangedMsg": "Język aplikacji został zmieniony",
        "languageChangeError": "Zmiana języka nie powiodła się - proszę spróbować ponownie.",
        "languageLoadingError": "Wystapił błąd podczas wczytywania plików językowych. Zostanie użyty domyślny język (angielski). Przejdź do ustawień językowych aby ustawić prawidłowy język.",
        "languages": "Języki",
        "removeLanguageMessage": "Czy na pewno chcesz usunąć język {languageName}?",
        "removeLanguageSuccessMessage": "Usunięto wybrany język",
        "updatedLanguageSuccessMessage": "Wybrany język został zaktualizowany",
        "uploadLanguageErrorMessage": "Wystapił błąd podczas instalacji. Spróbuj ponownie."
    },
    "link": {
        "addDownloadAttr": "Dodaj atrybut \"download\"",
        "addLink": "Dodaj link",
        "addNofollow": "Dodaj rel=\"nofollow\"",
        "downloadAttribute": "Atrybut \"download\" linka:",
        "insertEditLink": "Wstaw/Edytuj link",
        "linkInvalidMsg": "Przepraszamy! Ten link wydaje się być nieprawidłowy.",
        "linkRelAttribute": "Atrybut \"rel\" linka",
        "linkTitleAttribute": "Atrybut \"title\" linka",
        "openInNewTab": "Otwórz w nowej zakładce",
        "previewLinkInBrowser": "Wyświetl podgląd tego linku w przeglądarce",
        "previewOnlyExternalLinksMsg": "W edytorze wpisów możesz wyświetlić podgląd tylko linków zewnętrznych",
        "removeLink": "Usuń link",
        "selectLinkType": "Wybierz rodzaj linka"
    },
    "menu": {
        "addMenuItem": "Dodaj element menu",
        "addNewMenu": "Dodaj nowe menu",
        "addNewMenuItem": "Dodaj nowy element menu",
        "addSubmenu": "Dodaj podmenu",
        "addSubmenuItem": "Dodaj element podmenu",
        "assignedMenu": "Przypisane menu",
        "classCSS": "Klasa CSS",
        "createNewMenu": "Stwórz nowe menu",
        "deleteThisMenuItem": "Usuń ten element menu",
        "duplicateThisMenuItem": "Duplikuj ten element menu",
        "editMenuItem": "Edytuj element menu",
        "editMenuName": "Edytuj nazwę menu",
        "editThisMenuItem": "Edytuj ten element menu",
        "externalLink": "Zewnętrzny link",
        "externalURL": "Zewnętrzyny URL",
        "hideThisMenuItem": "Ukryj ten element menu",
        "insertActions": "Umieść wybrany element:",
        "insertAfter": "za",
        "insertAsChild": "jako submenu",
        "insertBefore": "przed",
        "internalLink": "Link wewnętrzny",
        "items": "Elementy",
        "label": "Etykieta",
        "likedItemError": "Podlinkowany element nie jest renderowalny (pusty tag/strona autora), nie istnieje lub został usunięty.",
        "likedItemIsADraft": "Podlinkowany element jest kopią roboczą.",
        "menu": "Menu",
        "menuIemsRemoveMessage": "Na pewno chcesz usunąć wybrane elementy menu?",
        "menuItemIsHidden": "Ten element menu jest ukryty",
        "menuNameCannotBeEmptyCreateNewMenuErrorMessage": "Pole z nazwą menu nie może być puste.Proszę na nowo utworzyć menu.",
        "menuNameCannotBeEmptyErrorMessage": "Pole z nazwą menu nie może być puste.Proszę wprowadzić inną nazwę menu.",
        "menuNameExistsErrorMessage": "Menu o podanej nazwie już istnieje. Proszę użyć innej nazwy.",
        "menuNameHasBeenEdited": "Nazwa menu została zmieniona",
        "menuNameInUseErrorMessage": "Ta nazwa menu już używana. Proszę zmienić nazwę menu.",
        "menusRemoveMessage": "Na pewno chcesz usunąć wybrane menun?",
        "menusRemoveSuccessMessage": "Wybrane menu zostały usunięte",
        "moveItem": "Przenieś",
        "newMenuCreated": "Nowe menu zostało utworzone",
        "noMenusAvailable": "Brak dostępnych menu",
        "noMenusCreateNewOne": "Nie masz jeszcze żadnych menu. Stwórzmy pierwsze!",
        "noMenusMessage": "Brak elementów menu; stwórz nowe używając przycisku \"Dodaj element menu\" znajdującego się powyżej.",
        "provideNameForNewMenu": "Podaj nazwę dla Twojego nowego menu:",
        "provideNewNameForMenu": "Podaj nową nazwę dla wybranego menu:",
        "selectItemType": "Wybierz rodzaj elmentu",
        "selectLinkTarget": "Wybierz target linka",
        "showThisMenuItem": "Pokaż ten element menu",
        "textSeparator": "Separator tekstu",
        "type": "Rodzaj",
        "unassigned": "Nieprzypisane",
        "unselectItem": "Odznacz"
    },
    "plugins": {
        "addPluginSuccessMessage": "Wtyczka została dodana",
        "deletePlugin": "Usuń wtyczkę",
        "getMorePlugins": "Znajdź więcej wtyczek",
        "goToPluginsManager": "Idź do menadżera wtyczek",
        "installPlugin": "Zainstaluj wtyczkę",
        "isIncompatible": "Jest niekompatybilna",
        "isIncompatibleTitle": "Ta wtyczka wspiera Publii od wersji v.{supportedVersion}, podczas gdy używasz Publii w wersji v.{currentVersion} - sprawdź dostępność aktualizacji Publii",
        "plugin": "Wtyczka:",
        "plugins": "Wtyczki",
        "removePluginMessage": "Czy na pewno chcesz usunąć wtyczkę {pluginName}?",
        "removePluginSuccessMessage": "Wybrana wtyczka została usunięta",
        "updatedPluginSuccessMessage": "Wybrana wtyczka została zaktualizowana",
        "uploadPluginErrorMessage": "Wystąpił błąd podczas instalacji. Spróbuj ponownie."
    },
    "post": {
        "addNewPost": "Dodaj nowy wpis",
        "addPostTitle": "Dodaj tytuł wpisu",
        "all": "Wszystkie",
        "changePostDate": "Zmień datę publikacji",
        "characters": "Znaki",
        "configureThemeBeforeGenaratingPreview": "Musisz skonfigurować motyw dla tej witryny przed wygenerowaniem podglądu tego wpisu.",
        "currentDefaultTemplate": "Aktualnie domyślny szablon",
        "customPostTypes": "Własne rodzaje wpisów",
        "drafts": "Wersje robocze",
        "duplicate": "Duplikuj",
        "duplicatePostErrorMessage": "Wystąpił błąd podczas duplikowania wybranych wpisów. Proszę spróbować ponownie.",
        "duplicatePostSuccessMessage": "Wybrane wpisy zostały zduplikowane",
        "editorBlock": "Edytor blokowy",
        "editorBlockInfo": "Nowoczesny i intuicyjny edytor wspierający skróty klawiszowe i markdown dla ułatwienia tworzenia treści na blogu bez martwienia się o HTML lub inne elementy kodu.",
        "editorBlockNotSupportedEditPostInfo": "Aktualny motyw nie wspiera edytora blokowego użytego w tym wpisie. Ten wpis nie może być poprawnie wyrenderowany do pliku wynikowego.",
        "editorBlockNotSupportedNewPostInfo": "Aktualny motyw nie wspiera edytora blokowego, którego chcesz użyć. Ten wpis nie może być poprawnie wyrenderowany do pliku wynikowego.",
        "editorBlockUse": "Użyj edytora blokowego",
        "editorMarkdown": "Edytor Markdown",
        "editorMarkdownInfo": "Ten edytor wspiera składnię Markdown jako skrót do szybszego tworzenia treści; doskonale nadaje się do obszernych, prostych projektów, takich jak dokumentacja.",
        "editorMarkdownUse": "Użyj edytora Markdown",
        "editorWYSIWYG": "Edytor WYSIWYG",
        "editorWYSIWYGInfo": "Ten edytor oferuje znajomy sposób przetwarzania tekstu oraz dodatkowe narzędzia dla użytkowników, którzy chcą mieć pod kontrolą każdy aspekt treści swojej strony.",
        "editorWYSIWYGUse": "Użyj edytora WYSIWYG",
        "editPostAnyway": "Edytuj wpis mimo to",
        "excluded": "Wykluczony",
        "excludeFromHomepage": "Wykluczony ze strony głównej",
        "featured": "Wyróżniony",
        "filterOrSearchPosts": "Filtruj lub wyszukaj wpisy...",
        "hidden": "Ukryty",
        "hidePost": "Ukryj Wpis",
        "includeInHomepage": "Zawrzyj na stronie głównej",
        "markAsDraft": "Oznacz jako kopię roboczą",
        "markAsFeatured": "Oznacz jako wyróżniony",
        "markAsUnfeatured": "Oznacz jako niewyróżniony",
        "min": "min",
        "modificationDate": "Data modyfikacji",
        "moveToTrash": "Przenieś do kosza",
        "noPostsMatchingYourCriteria": "Brak wpisów spełniających Twoje kryteria.",
        "openEditorAnyway": "Otwórz edytor mimo to",
        "paragraphs": "Akapity",
        "post": "Wpis",
        "postAuthor": "Autor wpisu",
        "postLink": "Link do wpisu",
        "postName": "Nazwa wpisu:",
        "postPage": "Strona wpisu",
        "posts": "wpisy",
        "postSettings": "Ustawienia wpisów",
        "postSlug": "Slug wpisu",
        "postSlugLengthWarning": "Slug wpisu dłuższy niż 250 znaków może prowadzić do tworzenia uszkodzonych plików podczas renderowania strony internetowej.",
        "postSlugTooLong": "Slug wpisu jest za długi",
        "postState": "Stan wpisu",
        "postStatusChangeSuccessMessage": "Status wybranych wpisów został zmieniony",
        "postTemplate": "Szablon wpisu",
        "postWillNotAppearOnHomepageListMsg": "Wpis nie pojawi się na liście na stronie głównej",
        "postWillNotAppearOnListMsg": "Wpis nie pojawi się na żadnych wygenerowanych listach wpisó, takich jak strony ze znacznikami lub autorami",
        "publicationDate": "Data publikacji",
        "publish": "Opublikuj",
        "published": "Opublikowano",
        "readingTime": "Czas czytania",
        "removePostMessage": "Na pewno chcesz usunąć wybrane wpisy? Tej operacji nie można cofnąć.",
        "removePostSuccessMessage": "Wybrane wpisy zostały usunięte",
        "selectPostPage": "Wybierz stronę wpisu",
        "sentences": "Zdania",
        "setCustomPostDate": "Ustaw niestandardową datę publikacji",
        "status": "Status",
        "thisPostIsADraft": "Ten wpis jest kopią roboczą",
        "thisPostIsExcludedFromHomepage": "Ten wpis jest wykluczony ze strony głównej.",
        "thisPostIsFeatured": "Ten wpis jest wyróżniony",
        "thisPostIsHidden": "Ten wpis jest ukryty",
        "title": "Tytuł",
        "trashed": "Wyrzucony do kosza",
        "uniqueWords": "Unikalne słowa",
        "updatedOn": "Zaktualizowano",
        "url": "URL",
        "words": "Słowa"
    },
    "publii": {
        "aboutPublii": "O Publii",
        "currentPubliiVersion": "Wersja",
        "accept": "Akceptuj",
        "copyright": "Prawa autorskie 2022 <a href=\"https://tidycustoms.net\" target=\"_blank\" rel=\"noopener noreferrer\">TidyCustoms</a>. Wszelkie prawa zastrzeżone.<br>Publli jest zaprojektowane i utrzymywane przez główny zespół we współpracy z <a href=\"https://github.com/dziudek\" target=\"_blank\" rel=\"noopener noreferrer\">Dev Zen</a> i powstało dzięki projektowi Open Source <a href=\"https://electronjs.org\" target=\"_blank\" rel=\"noopener noreferrer\">Electron</a> i innemu ",
        "creditsIntro": "Publii korzysta z następującego oprogramowania Open Source stron trzecich:",
        "dataCollectionInfo": "<strong>Nie zbieramy żadnych </strong>danych osobowych podczas korzystania z aplikacji Publii; również nie przechowujemy, nie śledzimy, nie pozwalamy osobom trzecim na zbieranie danych osobowych o Tobie. ",
        "homepage": "Strona domowa",
        "license": "Licencja",
        "licensingInformation": "Informacje licencyjne",
        "openSourceSoftware": "Oprogramowaniu Open Source",
        "publiiLicenseAgreement": "Umowa licencyjna Publii.",
        "publiiLicenseAgreementInfo": "To oprogramowanie jest na licencji GNU GPL w wersji 3.<br>Klikając \"Akceptuj\" godzisz się na"
    },
    "rendering": {
        "errorDuringPreviewCreatinMsg": "Wystąpił błąd podczas tworzenia podglądu.",
        "rendering": "Renderowanie...",
        "renderingErrorText": "Wystąpił błąd podczas renderowania Twojej witryny.",
        "renderingPleaseWait": "Proszę czekać, aż proces renderowania zostanie zakończony.",
        "selectThemeBeforeCreatingPreviewMsg": "Musisz wybrać motyw, zanim spróbujesz utworzyć podgląd swojej witryny. Przejdź do ustawień strony i wybierz motyw."
    },
    "settings": {
        "addGDPRCookieBanner": "Dodaj GDPR baner Ciasteczek",
        "additionalValidElementsInWYSIWYGEditor": "Dodatkowe poprawne elementy w edytorze WYSIWYG",
        "additionalValidElementsInWYSIWYGEditorInfo": "Jeśli edytor WYSIWYG usunie jakieś tagi z Twojego kodu HTML tutaj możesz podać dodatkowe elementy dozwolone.<br> Na przykład: <strong>v-select[*],v-dropdown[*]</strong> zezwoli na niestandardowe tagi v-select i v-dropdown z dowolnymi atrybutami.",
        "advancedOptions": "Opcje zaawansowane",
        "advancedPreviewDesc": "Zaawansowany podglad pozwala na renderowanie strony bez otwierania przeglądarki",
        "alwaysAddIndexHTMLInURLs": "Zawsze dodawaj index.html w URLach",
        "alwaysSaveSearchState": "Zawsze zapisuj stan wyszukiwania",
        "anchorLink": "Link do kotwicy",
        "appSettings": "Ustawienia aplikacji",
        "appSettingsSavedMsg": "Ustawienia aplikacji zostały pomyślnie zapisane.",
        "appSettingsSaveErrorMsg": "Wystąpił błąd podczas zapisywania ustawień aplikacji. Proszę spróbować ponownie.",
        "ascending": "Rosnąco",
        "authorPage": "Strona autora",
        "authorPages": "Strony autora",
        "authorPageTitleVariables": "Następujące zmienne mogą być używane w tytule strony autora: %authorname, %sitename.",
        "authorPrefix": "Prefiks Autora:",
        "authorPrefixInfo": "Definiuje przedrostek, który pojawia się przed slugiem autora w adresie URL np. <strong>https://example.com/AUTHOR_PREFIX/author-slug</strong>.<br>",
        "authorsPrefixCannotBeEmpty": "Prefiks autorów nie może być pusty.",
        "authorsPrefixCannotEqualTagsPrefix": "Prefiks autorów nie może być taki sam jak prefiks tagów.",
        "backupLocation": "Lokalizacja kopii zapasowej",
        "backupLocationChangedConfirmMsg": "Zmieniono lokalizację przechowywania kopii zapasowych. Wszystkie nowe kopie zapasowe będą przechowywane w tym katalogu. Jeśli potrzebujesz dostępu do wcześniejszych kopii zapasowych, możesz je ręcznie przenieść do nowego katalogu.",
        "badge": "Badge",
        "badgeAndCustomLink": "Badge + link niestandardowy",
        "badgeLabel": "Etykieta plakietki",
        "basicSettings": "Ustawienia podstawowe",
        "byIDAscending": "Według ID rosnąco",
        "byIDDescending": "Według ID malejąco",
        "cannotAddIndexHTMLInURLsInfo": "Włącz tę opcję jeśli nie możesz domyślnie włączyć ładowania plików index.html kiedy katalog na Twoim serwerze jest otwarty.",
        "cardTypes": "Typy kart:",
        "changeSitesLocationWithoutCopyingFiles": "Zmień lokalizację stron bez przenoszenia istniejących stron do nowego katalogu",
        "closePostEditorOnSave": "Zamknij edytor wpisów po zapisie",
        "codeEditor": "Edytor kodu (CodeMirror)",
        "colorTheme": "Motyw kolorystyczny",
        "content": "Treść",
        "cookieGroups": "Grupy ciasteczek",
        "cookiePopup": "Popup Ciasteczek",
        "createXMLSitemap": "Stwórz XML mapy strony",
        "currentTheme": "Aktualny motyw:",
        "customFeedTitle": "Własny tytuł kanału",
        "customLanguageCode": "Niestandardowy kod języka:",
        "darkMode": "Tryb ciemny",
        "defaultAuthorsOrdering": "Domyślna kolejność autorów:",
        "defaultOrderingOnLists": "Domyślna kolejność na listach",
        "defaultPostsOrdering": "Domyślna kolejność wpisów:",
        "defaultTagsOrdering": "Domyślna kolejność tagów:",
        "descending": "Malejąco",
        "disableAuthorsPagination": "Wyłącz stronicowanie autorów",
        "disableAuthorsPaginationIndexing": "Wyłącz indeksowanie stronicowania autorów",
        "disableAuthorsPaginationIndexingInfo": "Jeśli ta opcja jest włączona, pliki paginacji stron autorów zostaną wykluczone z mapy witryny i otrzymają <strong>noindex, follow</strong> metatag robotów.",
        "disableAuthorsPaginationInfo": "Jeśli ta opcja jest włączona, paginacja autorów nie zostanie wygenerowana.",
        "disableHomepagePaginationIndexing": "Wyłącz indeksowanie paginacji strony głównej",
        "disableTagsPagination": "Wyłącz stronicowanie tagów",
        "disableTagsPaginationIndexing": "Wyłącz indeksowanie stronicowania tagów",
        "disableTagsPaginationIndexingInfo": "Jeśli ta opcja jest włączona pliki z Twoimi tagami paginacji zostaną wykluczone z mapy witryny i otrzymają <strong>noindex, follow</strong> metatag robotów.",
        "disableTagsPaginationInfo": "Jeśli ta opcja jest włączona, paginacja tagów nie zostanie wygenerowana.",
        "displayEmptyAuthors": "Pokazuj autorów bez wpisów",
        "displayEmptyAuthorsInfo": "Jeśli ta opcja jest włączona, autorzy bez przypisanych do nich wpisów nadal będą mieć utworzone swoje podstrony i pojawiać się na liście autorów.",
        "displayEmptyTags": "Wyświetlaj tagi bez wpisów",
        "displayEmptyTagsInfo": "Jeśli ta opcja jest włączona tagi bez przypisanych do nich wpisów nadal będa miały utworzone swoje podstrony i pokażą się na liście tagów.",
        "dontIndexThisPage": "Poproś wyszukiwarkę, aby nie indeksowała całej witryny.",
        "editorFontFamily": "Krój pisma",
        "editorFontFamilySansSerif": "Bezszeryfowy",
        "editorFontFamilySerif": "Szeryfowy",
        "editorFontSize": "Rozmiar tekstu (px)",
        "editors": "Edytory",
        "enableAdvancedPreview": "Włącz zaawansowany podgląd",
        "enableAMP": "Włącz AMP",
        "enableAMPInfo": "AMP (accelerated mobile pages - przyspieszone strony mobilne) tworzy strony, dla Twoich statycznych treści zoptymalizowane pod kątem urządzeń mobilnych, które są szybko renderowane. <br/><strong>Miej na uwadze:</strong> kiedy ta opcja jest włączona Twoja witryna będzie ładować skrypty stron trzecich dostarczone przez Google's AMP CDN.",
        "enableAutoIndent": "Włącz automatyczne wcięcia",
        "enableCSSCompression": "Włącz kompresję CSS",
        "enableHTMLCompression": "Włącz kompresję HTML",
        "enableJSONFeed": "Włącz kanał JSON",
        "enableMediaLazyLoad": "Włącz lazy load dla mediów",
        "enableMediaLazyLoadInfo": "Włącz tę opcję, jeśli chcesz używać natywnego lazy loading, które wolno ładuje obrazy, filmy i ramki iframe.",
        "enableResponsiveImages": "Włącz responsywne obrazy",
        "enableResponsiveImagesInfo": "Włącz tę opcję, jeśli chcesz dostarczać obrazy o różnych rozmiarach przy różnych rozdzielczościach ekranu w zależności od punktów przerwania zdefiniowanych w pliku config.json w folderze motywu.",
        "enableRSSFeed": "Włącz kanał RSS",
        "enableSharingButtons": "Włącz przyciski udostępniania",
        "enableSpellchecker": "Włącz sprawdzanie pisowni",
        "errorPage": "Strona błędu:",
        "errorPageFilenameCannotBeEmpty": "Nazwa pliku strony błędu nie może być pusta.",
        "errorPageFilenameCannotEqualSearchPageFilename": "Nazwa pliku strony błędu nie może być taka sama jak nazwa pliku strony wyszukiwania.",
        "errorPageTitleVariables": "Następujące zmienne mogą być używane w tytule strony błędu: %sitename.",
        "excludedFiles": "Wykluczone pliki",
        "excludeFeaturedPosts": "Wyklucz wyróżnione wpisy",
        "excludeFilesFromSitemapInfo": "Wpisz rozdzieloną przecinkami listę plików HTML lub katalogów, które mają być wykluczone z mapy witryny.<br>Na przykład: <strong>avoid-this-file.html,avoid-this-catalog-too</strong>.",
        "experimentalFeaturesWarning": "Zawsze szukamy sposobów na ulepszenie naszej aplikacji. Ta sekcja zawiera eksperymentalne funkcje zaprojektowane w celu rozszerzenia funkcjonalności Publii. Nie możemy zagwarantować ich poprawnego działania; aktywujesz je na własne ryzyko.",
        "experimentalFeatureAppUiLanguages": "Tłumaczenia interfejsu Publii",
        "experimentalFeatureAppUiLanguagesDesc": "Ta funkcja umożliwia zarządzanie tłumaczeniami interfejsu Publii w sekcji 'Języki' dostępnej w menu aplikacji (trzy kropki).",
        "experimentalFeatureAppAutoBeautifySourceCode": "Automatycznie upiększaj kod źródłowy w edytorze WYSIWYG",
        "experimentalFeatureAppAutoBeautifySourceCodeDesc": "Ta funkcja włącza automatyczne upiększanie kodu w edytorze kodu źródłowego edytora WYSIWYG",
        "externalImages": "Zewnętrzne obrazy",
        "externalPage": "Strona zewnętrzna",
        "facebook": "Facebook",
        "facebookAppID": "ID Aplikacji z Facebook",
        "facebookAppIDInfo": "Przeczytaj jak uzyskać <a href=\"https://developers.facebook.com/docs/apps/\" target=\"_blank\" rel=\"noopener noreferrer\">Facebook App ID</a>.",
        "fallbackImage": "Obraz zastępczy",
        "fallbackLogoImage": "Zastępczy obraz logo",
        "fallbackLogoImageInfo": "Logo musi mieścić się w rozmiarze 60 &times; 600 pixeli.",
        "featuredPostsOrderBy": "Sortuj wyróżnione wpisy po:",
        "featuredPostsOrdering": "Sortowanie wyróżnionych wpisów:",
        "feedTitle": "Tytuł kanału:",
        "filesLocation": "Lokalizacja plików",
        "footerText": "Tekst w stopce",
        "frontpage": "Pierwsza strona",
        "GDPR": "GDPR",
        "gdprBehaviourInfo": "Pamiętaj o umieszczeniu linku z powyższą kotwicą w nawigacji Twojej strony lub w treści strony (np. <a href=\"#cookie-settings\">Ustawienia ciasteczek</a>). W przeciwnym razie użytkownicy Twojej witryny mogą nie mieć możliwości zmiany swoich indywidualnych preferencji dotyczących plików cookie.",
        "gdprTitle": "Tytuł",
        "generateOpenGraphTags": "Generuj tagi Open Graph",
        "generateTwitterCards": "Generuj karty Twitter'a",
        "googleAnalyticsTrackingID": "ID Google Analytics Tracking",
        "hiddenPostsOrderBy": "Sortuj ukryte wpisy po:",
        "hiddenPostsOrdering": "Sortowanie ukrytych wpisów:",
        "hideCustomExcerptsOnPostPages": "Ukryj własne zajawki na stronach wpisów",
        "hideCustomExcerptsOnPostPagesInfo": "Jeśli ta opcja jest włączona strony wpisów nie będą pokazywać tekstu umieszczonego nad elementem \"Czytaj więcej\" w edytorze wpisu.",
        "homepageNoIndexPagination": "Jeśli ta opcja jest włączona, pliki paginacji strony głównej zostaną wykluczone z mapy witryny i otrzymają <strong>noindex, follow</strong> metatag robotów.",
        "homepagePagination": "Paginacja strony głównej",
        "howToPrepareYourThemeForGDPRInfo": "Włączenie GDPR Cookie Popup wymaga dodatkowych zmian w Twoim motywie, zwłaszcza jeśli korzystasz ze skryptów stron trzecich. <a href=\"https://getpublii.com/dev/prepare-theme-gdpr-compliant/\" target=\"_blank\" rel=\"noopener noreferrer\">Przeczytaj jak przygotować motyw do GDPR</a>.",
        "imageResizeEngineInfo": "Silnik zmiany rozmiaru obrazów The Sharp jest znacznie szybszy niż Jimp, ale może powodować problemy z niektórymi obrazami. Jeśli napotkasz problemy podczas tworzenia lub ponownego generowania miniatur, spróbuj przełączyć się na mechanizm zmiany rozmiaru Jimp. Jeśli chcesz używać obrazów WebP, musisz użyć mechanizmu zmiany rozmiaru Sharp.",
        "imagesResizeEngine": "Silnik zmiany rozmiaru obrazów:",
        "indentSize": "Rozmiar wcięć (spacje)",
        "internalPage": "Strona wewnętrzna",
        "leaveBlankForDefaultBackupsDir": "Pozostaw puste, aby użyć domyślnego katalogu kopii zapasowych",
        "leaveBlankForDefaultPreviewDirectory": "Pozostaw puste, aby użyć domyślnego katalogu dla podglądów",
        "leaveBlankToUseDefaultPageTitle": "Pozostaw puste aby użyć domyślnego tytułu strony.",
        "leaveBlankToUseDefaultSitesDir": "Pozostaw puste, aby użyć domyślnego katalogu witryn",
        "lightMode": "Tryb jasny",
        "linkedIn": "LinkedIn",
        "linkLabel": "Etykieta linku",
        "loadAtStart": "Załaduj na początku:",
        "metaDescription": "Opis Meta:",
        "metaRobots": "Meta Roboty:",
        "noIndexWebsite": "Nieindeksowanie strony",
        "notSelected": "Nie wybrano",
        "numberOfPostsInFeed": "Liczba wpisów w kanale",
        "openDevtoolsInMainW": "Automatycznie otórz DevTools w oknie głównym",
        "openGraph": "Open Graph",
        "openLastUsedWebsite": "Otwórz ostatnio używaną witrynę",
        "openPopupWindowBy": "Otwórz wyskakujące okienko w",
        "optionsForDevelopers": "Opcje dla programistów",
        "optionsForEditors": "Options for editors",
        "optionsForExperimentalFeatures": "Funkcje eksperymentalne",
        "ordering": {
            "authorASC": "Po autorze (rosnąco)",
            "authorDESC": "Po autorze (malejąco)",
            "createdASC": "Po dacie utworzenia (rosnąco)",
            "createdDESC": "Po dacie utworzenia (malejąco)",
            "idASC": "Po ID (rosnąco)",
            "idDESC": "Po ID (malejąco)",
            "modifiedASC": "Po dacie modyfikacji (rosnąco)",
            "modifiedDESC": "Po dacie modyfikacji (malejąco)",
            "nameASC": "Po nazwie (rosnąco)",
            "nameDESC": "Po nazwie (malejąco)",
            "postsCounterASC": "Po liczbie wpisów (rosnąco)",
            "postsCounterDESC": "Po liczbie wpisów (malejąco)",
            "titleASC": "Po tytule (rosnąco)",
            "titleDESC": "Po tytule (malejąco)"
        },
        "pageName": "Nazwa strony",
        "pageTitle": "Tytuł Strony",
        "pageTitleVariables": "Następujące zmienne mogą być używane w tytule strony: %posttitle, %sitename, %authorname",
        "paginationPhrase": "Fraza paginacji:",
        "paginationPhraseCannotBeEmpty": "Fraza paginacji nie może być pusta.",
        "paginationPhraseInfo": "Definiuje frazę używaną przed numerem strony w adresie URL np. <strong>https://example.com/tags/tag-slug/page/2</strong>.<br>",
        "password": {
            "alwaysAskForPassword": "Zawsze proś o hasło",
            "hidePassword": "Ukryj hasło",
            "password": "Hasło",
            "passwordFieldCantBeEmpty": "Pole hasła nie może być puste.",
            "showPassword": "Pokaż hasło"
        },
        "pinterest": "Pinterest",
        "postCreationDate": "Data utworzenia wpisu",
        "postID": "ID wpisu",
        "postModificationDate": "Data modyfikacji wpisu",
        "postPageTitleVariables": "W tytule strony wpisu można użyć następujących zmiennych: %posttitle, %sitename, %authorname.",
        "postsListing": "Lista wpisów",
        "postsOrderBy": "Sortuj wpisy po:",
        "postsOrdering": "Sortowanie wpisów:",
        "postTile": "Tytuł wpisu",
        "previewLocation": "Lokalizacja podglądów",
        "previewLocationChangedConfirmMsg": "Miejsce przechowywania podglądu zostało zmienione. Pamiętaj, że istniejące pliki w tym folderze zostaną usunięte po utworzeniu podglądu Twojej witryny.",
        "privacyPolicyPage": "Strona polityki prywatności",
        "privacyPolicyPageURL": "URL strony polityki prywatności",
        "privacyPolicyURL": "URL polityki prywatności",
        "provideFacebookAppID": "Proszę podać <a href=\"https://developers.facebook.com/docs/apps/\" target=\"_blank\" rel=\"noopener noreferrer\">Facebook App ID</a>",
        "random": "Losowe",
        "relatedPostsOptions": "Opcje powiązanych wpisów",
        "relatedPostsOptionsInfo": "Po włączeniu wpisy powiązane będą pobierane ze wszystkich tagów. Po wyłączeniu wpisy powiązane będą generowane tylko na podstawie tych samych tagów, co bieżący wpis.",
        "relatedPostsOrdering": "Sortowanie powiązanych wpisów:",
        "relatedPostsSelectionMechanism": "Mechanizm wyboru powiązanych wpisów:",
        "removeHTMLComments": "Usuń komentarze HTML",
        "responsiveImagesQuality": "Jakość responsywnych obrazów",
        "RSSJSONFeed": "Kanał RSS/JSON",
        "saveButtonLabel": "Etykieta przyciku zapisu",
        "saveSearchStateInfo": "Po włączeniu Publii zapisze bieżące wyniki wyszukiwania, nawet podczas tworzenia nowego wpisu, umożliwiając powrót do listy. Domyślnie Publii zapisuje wyniki wyszukiwania tylko podczas otwierania wpisu do edycji.",
        "requiresRestartingApp": "Wymaga ponowengo uruchomienia aplikacji.",
        "saveSettings": "Zapisz Ustawienia",
        "searchPage": "Strona wyszukiwania:",
        "searchPageFilenameCannotBeEmpty": "Nazwa pliku strony wyszukiwania nie może być pusta.",
        "searchPageTitleVariables": "Następujące zmienne mogą być używane w tytule strony wyszukiwania: %sitename.",
        "selectedDirInvalid": "Wybrana ścieżka nie istnieje.",
        "selectPage": "Wybierz stronę",
        "showFeaturedImage": "Pokaż wyróżniony obraz",
        "showFeaturedImageInfo": "Wyświetl w kanale obraz wyróżniony wpisu.",
        "showFullText": "Pokaż pełen tekst",
        "showFullTextInFeedInfo": "Wyświetl w kanale pełny tekst wpisu.",
        "showModificationDateAsColumn": "Pokaż datę modyfikacji jako kolumnę",
        "showOnlyFeaturedPosts": "Pokaż tylko wyróżnione wpisy",
        "showPostSlugsOnTheListing": "Pokaż slug wpisu na liście",
        "sitemap": "Mapa witryny",
        "sitemapLinkInfo": "Mapę XML można znaleźć tutaj: <a href=\"{sitemapLink}\" class=\"sitemap-external-link\" target=\"_blank\" rel=\"noopener noreferrer\">sitemap.xml</a>",
        "siteSettings": "Ustawienia strony",
        "siteSettingsSaveDuplicateNameErrorMessage": "Podana nazwa witryny jest używana. Podaj inną nazwę.",
        "siteSettingsSaveEmptyNameErrorMessage": "Nazwa witryny nie może być pusta. Podaj inną nazwę.",
        "siteSettingsSaveNoKeyringErrorMessage": "Publii nie możne zapisać ustawień z powodu problemu z oprogramowaniem do bezpiecznego przechowywania haseł. Uruchom ponownie aplikację i spróbuj jeszcze raz. Jeśli problem będzie się powtarzał, zgłoś go naszemu zespołowi za pośrednictwem forum.",
        "siteSettingsSaveNoKeyringErrorMessageLinux": "Publii nie możne zapisać ustawień, ponieważ nie jest zainstalowane żadne oprogramowanie do bezpiecznego przechowywania haseł. Postępuj zgodnie z instrukcjami instalacji dla Node Keytar via https://github.com/atom/node-keytar/ i spróbuj ponownie. Prawdopodobnie w Twoim systemie brakuje paczek libsecret-1-dev i gnome-keyring.",
        "siteSettingsSaveSiteNotExistsErrorMessage": " nie istnieje. Uruchom ponownie aplikację.",
        "siteSettingsSaveSuccessMessage": "Ustawienia witryny zostały pomyślnie zapisane.",
        "sitesLocation": "Lokalizacja witryn",
        "sitesLocationChangedConfirmMsg": "Zmieniono lokalizację witryn. Nowy folder docelowy zostanie wyczyszczony przed przeniesieniem tam plików witryn. Czy chcesz kontynuować?",
        "spellcheckerDoesNotSupportLanguage": "Sprawdznie pisowni nie wspiera wybranego języka strony. Zalecamy wyłączenie tej funkcji.",
        "system": "System",
        "systemColors": "Użyj kolorów systemowych",
        "tagPages": "Strony taga",
        "tagPageTitleVariables": "Następujące zmienne mogą być używane w tytule strony taga: %tagname, %sitename.",
        "tagPrefix": "Prefiks Taga:",
        "tagPrefixInfo": "Wprowadzone tutaj prefiksy zostaną dodane przed umieszczeniem tagu w adresie URL np. <strong>https://example.com/TAG_PREFIX/tag-slug</strong>.<br>Ten prefiks jest również używany do generowania strony z listą tagów (jeśli jest obsługiwana w Twoim motywie) jako <strong>https://example.com/TAG_PREFIX/index.html</strong>.",
        "tagsListPage": "Strona listy tagów",
        "tagsListPageTitleVariables": "Następujące zmienne mogą być używane w tytule strony z listą tagów: %sitename.",
        "tagsPrefixCannotBeEmpty": "Prefiks tagów nie może być pusty, jeśli włączone są ładne adresy URL.",
        "themeDoesNotHaveSupportedFeaturesList": "<p>Plik Twojego motywu <strong>config.json</strong> nie zawiera sekcji <strong>supportedFeatures</strong>. Proszę zaktualizować lub zmodyfikować motyw aby uzyskać dokładny komunikat o funkcjach, które nie są wspierane przez aktualnie używany motyw. <a href=\"https://getpublii.com/dev/theme-supported-features\" target=\"_blank\" rel=\"noopener noreferrer\">Czytaj więcej o wspieranych funkcjach</a>.</p>",
        "themeDoesNotSupport404ErrorPage": "Twój motyw nie obsługuje strony błędu 404.",
        "themeDoesNotSupportErrorPages": "Twój motyw nie obsługuje stron błędów",
        "themeDoesNotSupportSearchPages": "Twój motyw nie obsługuje stron wyszukiwania.",
        "themeDoesNotSupportTagsListPage": "Twój motyw nie wspiera stron listy tagów.",
        "themePrimaryColor": "Kolor przewodni motywu",
        "timeFormat": "Format czasu:",
        "toViewSitemapEnableIndexingInfo": "Aby wyświetlić ustawienia mapy witryny, wyłącz opcję 'Poproś wyszukiwarki, aby nie indeksowały tej witryny' w zakładce Ustawienia SEO; w przeciwnym wypadku mapa witryny nie zostanie wygenerowana.",
        "tumblr": "Tumblr",
        "twitter": "Twitter",
        "twitterCards": "Karty Twitter'a",
        "twitterUsername": "Nazwa użytkownika na Twitter",
        "twitteSummaryCard": "Karta podsumowania",
        "twitteSummaryCardLargeImage": "Karta podsumowania z dużym obrazem",
        "urls": "URLe",
        "useAsTitlePageTitle": "Użyj tytułu strony jako tytułu",
        "useAsTitlePageTitleInfo": "Kiedy ta opcja jest włączona, metatagi og:title i twitter:title będą zawierały tytuł strony zamiast tytułu wpisu, nazwy taga lub nazwy autora.",
        "useGlobalConfiguration": "Użyj konfiguracji globalnej",
        "useOnlyTags": "Używaj tylko tagów",
        "useOnlyTitles": "Używaj tylko tytułów",
        "usePrettyURLs": "Użyj ładnych URLi",
        "usePrettyURLsInfo": "Jeśli ta opcja jest włączona URLe Twoich wspisów nie będą zawierały przyrostka np. URL <strong>https://example.com/post.html</strong> zostanie zamieniony na <strong>https://example.com/post/</strong>.",
        "useSiteGlobalSettings": "Użyj globalnych ustawień strony",
        "useTitlesAndTags": "Używaj tytułów i tagów",
        "usewideScrollbars": "Użyj szerszych pasków przewijania",
        "versionParameter": "Parametr wersji",
        "versionParameterInfo": "Dodaj parametr wersji w adresach URL plików CSS/JS, aby pominąć pamięć podręczną przeglądarki. Ta opcja może spowodować, że podczas wdrażania konieczne będzie zsynchronizowanie większej liczby plików niż zwykle.",
        "websiteSpeed": "Szybkość witryny",
        "whatsApp": "WhatsApp"
    },
    "site": {
        "addNewWebsite": "Dodaj nową stronę internetową",
        "cloneWebsite": "Klonuj stronę internetową",
        "cloneWebsiteSuccessMsg": "Witryna została sklonowana. Przełączono na: ",
        "createNewWebsite": "Utwórz nową stronę",
        "createWebsite": "Utwórz stronę",
        "createYourFirstWebsite": "Utwórz swoją pierwszą stronę",
        "creationInProgress": "Trwa tworzenie...",
        "deleteWebsite": "Usuń stronę internetową",
        "deleteWebsiteConfirmMsg": "Czy na pewno chcesz usunąć tę witrynę? Tej czynności nie można cofnąć.",
        "deleteWebsiteCSuccessMsg": "Witryna została usunięta.",
        "deleteWebsiteSuccessMsg": "Witryna została usunięta. Przełączono na: ",
        "duplicateWebsite": "Duplikuj stronę internetową",
        "erroOcurredDuringSiteDatabaseCreationInfo": "Wystąpił błąd poczas tworzenia bazy danych dla strony. Sprawdź swój program antywirusowy i spróbuj ponownie. Możliwe, że musisz również usunąć niepoprawny katalog strony z katalogu stron Publii.",
        "installFromBackup": "Zainstaluj z kopii zapasowej",
        "removeWebsite": "Usuń stronę internetową",
        "selectedBackupFile": "Wybrano plik kopii zapasowej: ",
        "siteLoadingErrorMsg": "Wystąpił błąd podczas ładowania wybranej witryny. Sprawdź pliki witryny i spróbuj ponownie.",
        "siteName": "Nazwa strony:",
        "siteSettingsSaveSuccessMsg": "Ustawienia witryny zostały pomyślnie zapisane.",
        "siteWithThisNameExists": "Strona o podanej nazwie już istnieje!",
        "specifyNameForWebsiteDuplicate": "Podaj nową nazwę duplikatu witryny:",
        "websiteAuthorRequired": "nazwa autora strony jest wymagana i powinna zawierać litery",
        "websiteName": "Nazwa strony",
        "websiteNameAlreadyInUseMsg": "Wybrana nazwa jest używana przez inną stronę internetową. Proszę spróbować ponownie.",
        "websiteNameCantBeEmpty": "Nazwa witryny nie może być pusta. Proszę spróbować ponownie.",
        "websiteNameRequired": "nazwa strony jest wymagana",
        "websiteNotFound": "Nie znaleziono strony internetowej"
    },
    "sync": {
        "accessID": "ID dsostępu",
        "accessIDFieldCantBeEmpty": "Pole ID dostępu nie może być puste",
        "acl": "ACL",
        "afterInitialSyncSiteWillBeAvailableOnline": "Po początkowej synchronizacji Twoja witryna będzie dostępna online",
        "allFilesUploadedPart1": "Wszystkie pliki zostały pomyślnie wysłane na Twój serwer. ", 
        "allFilesUploadedPart2": "Aby odwiedzić stronę, kliknij przycisk poniżej.",
        "apiRateLimiting": "Ograniczenie szybkości interfejsu API",
        "apiRateLimitingNote": "Wyłącz tę opcję tylko wtedy, gdy używasz Github Enterprise z wyłączonym ograniczaniem szybkości interfejsu API. W przeciwnym razie wyłączenie tej opcji może spowodować błędy wdrażania.",
        "apiServer": "Serwer API",
        "apiServerNote": "Zmień tę wartość tylko wtedy, gdy korzystasz z własnej instancji GitHub (wersja Enterprise).",
        "authenticationMethod": "Metoda uwierzytelnienia",
        "branch": "Gałąź",
        "branchExampleGitHubNote": "Przykłady: <strong>gh-pages</strong>, <strong>docs</strong> lub <strong>main</strong>.",
        "branchExampleGitLabeNote": "Przykłady: <strong>docs</strong>, <strong>main</strong> lub <strong>master</strong>.",
        "branchFieldCantBeEmpty": "Pole gałęzi nie może być puste",
        "bucket": "Bucket",
        "bucketFieldCantBeEmpty": "Pole bucket nie może być puste",
        "certificates": "Certyfikaty",
        "changeServerType": "Zmień rodzaj serwera",
        "checkingConnection": "Sprawdzanie połączenia...",
        "clickToChangeDeploymentMethod": "Kliknij, aby zmienić aktualnie używaną metodę wdrażania",
        "configureServer": "Skonfiguruj serwer",
        "connectedToServer": "Połączono z serwerem",
        "connectingToServer": "Łączenie z serwerem...",
        "connectionToServerErrorAdditionalMessage": "Wystąpił błąd podczas łączenia się z serwerem: ",
        "connectionToServerErrorMessage": "Wystąpił błąd podczas łączenia się z serwerem. Proszę sprawdzić ustawienia serwera i spróbować ponownie.",
        "connectionToServerErrorText": "Wystąpił błąd podczas łączenia się z serwerem...",
        "connectToServerCantStoreFilesErrorMsg": "Błąd! Aplikacja mogła połączyć się z Twoim serwerem, ale nie mogła zapisać plików. Sprawdź uprawnienia do plików na Twoim serwerze",
        "connectToServerErrorMsg": "Błąd! Aplikacja nie mogła połączyć się z Twoim serwerem.",
        "connectToServerSuccessMsg": "Sukces! Aplikacja mogła połączyć się z Twoim serwerem.",
        "deploymentMethodFtpMsg": "Protokół FTP wykorzystuje transmisję nieszyfrowaną, co oznacza, że ​​wszelkie dane przesyłane za jego pośrednictwem, w tym nazwa użytkownika i hasło, mogą zostać odczytane przez każdego, kto może przechwycić Twoją transmisję. Zdecydowanie zalecamy korzystanie z protokołów FTPS lub SFTP, jeśli to możliwe.",
        "deploymentMethodGithubPagesMsg": "Aby uzyskać szczegółowe informacje o tym, jak skonfigurować stronę internetową za pomocą Stron Github, zobacz <a href=\"https://getpublii.com/docs/host-static-website-github-pages.html\" target=\"_blank\" rel=\"noopener noreferrer\">dokumentację</a> online.",
        "deploymentMethodGithubPagesNote": "To będzie ścieżka Twojego repozytorium Github, która powinna mieć następujący format: <strong>NAZWA_UZYTKOWNIKA.github.io/NAZWA_REPOZYTORIUM</strong>.<br>Jeśli używasz niestandardowej nazwy domeny, ustaw w tym polu tylko niestandardową nazwę domeny.",
        "deploymentMethodGitlabPagesMsg": "Aby uzyskać szczegółowe informacje o tym, jak skonfigurować stronę internetową za pomocą Stron Gitlab, zobacz <a href=\"https://getpublii.com/docs/host-static-website-gitlab-pages.html\" target=\"_blank\" rel=\"noopener noreferrer\">dokumentację</a> online.",
        "deploymentMethodGoogleCloudMsg": "Aby uzyskać szczegółowe informacje o tym, jak skonfigurować stronę internetową za pomocą Chmury Google, zobacz <a href=\"https://getpublii.com/docs/make-static-website-google-cloud.html\" target=\"_blank\" rel=\"noopener noreferrer\">dokumentację</a> online.",
        "deploymentMethodNetlifyMsg": "Aby uzyskać szczegółowe informacje o tym, jak skonfigurować stronę internetową za pomocą Netlify, zobacz <a href=\"https://getpublii.com/docs/build-a-static-website-with-netlify.html\" target=\"_blank\" rel=\"noopener noreferrer\">dokumentację</a> online.",
        "deploymentMethodS3Msg": "Aby uzyskać szczegółowe informacje o tym, jak skonfigurować stronę internetową za pomocą S3, zobacz <a href=\"https://getpublii.com/docs/setup-static-website-hosting-amazon-s3.html\" target=\"_blank\" rel=\"noopener noreferrer\">dokumentację</a> online.",
        "deploymentSettingDatHyperIpfsProtocolNote": "Protokół \"dat://\", \"hyper://\", \"dweb://\" i \"ipfs://\" jest przydatny tylko wtedy, gdy planujesz korzystać ze swojej witryny w sieciach P2P. Przeczytaj więcej o <a href=\"https://datproject.org/\" target=\"_blank\" rel=\"noopener noreferrer\">dat://</a>, <a href=\"https://hypercore-protocol.org/\" target=\"_blank\" rel=\"noopener noreferrer\">hyper://</a>, <a href=\"https://dwebx.org/\" target=\"_blank\" rel=\"noopener noreferrer\">dweb://</a> i <a href=\"https://ipfs.io/\" target=\"_blank\" rel=\"noopener noreferrer\">IPFS</a>",
        "deploymentSettingDoubleSlashProtocolNote": "Uwaga: poczas korzystania z \"//\" jako protokołu, niektóre funkcje, takie jak tagi Open Graph, przyciski udostępniania itp., nie działają poprawnie.",
        "deploymentSettingFileProtocolNote": "Protokół \"file://\" jest przydatny tylko wtedy, gdy korzystasz z ręcznej metody wdrażania dla witryn intranetowych.",
        "deploymentSettingRelativeUrlsNote": "Uwaga: podczas korzystania ze względnych URLi, niektóre funkcje, takie jak tagi Open Graph, mapy witryn, kanały RSS, kanały JSON itp., zostaną wyłączone.",
        "destinationServerNotConfiguredErrorMessage": "Twoja witryna nie może być obecnie zsynchronizowana, ponieważ serwer docelowy nie został poprawnie skonfigurowany. <br>Sprawdź ustawienia serwera, aby upewnić się, że wprowadzono prawidłowe informacje.",
        "destinationServerNotConfiguredErrorText": "Upewnij się, że serwer docelowy jest poprawnie skonfigurowany.",
        "domainNameNotSetErrorMessage": "Twoja witryna nie może być obecnie zsynchronizowana, ponieważ wygląda na to, że w ustawieniach brakuje nazwy domeny. <br>Sprawdź ustawienia serwera, aby upewnić się, że wprowadzono nazwę domeny.",
        "domainNameNotSetErrorText": "Upewnij się, że nazwa domeny jest ustawiona.",
        "duringSyncYouCantChangeFilesLocation": "W trakcie synchronizacji nie możesz zmienić lokalizacji plików.",
        "fieldIsCaseSensitive": "W tym polu rozróżniana jest wielkość liter.",
        "filesNotSyncedErrorMessage": "Proszę sprawdzić plik hard-upload-errors-log.txt przy pomocy narzędzia Narzędzia -&gt; Przeglądarka logów.",
        "filesNotSyncedErrorText": "Niektóre pliki nie zostały poprawnie zsynchronizowane.",
        "ftp": "FTP",
        "ftps": "FTPS",
        "ftpWithSSLTLS": "FTP z SSL/TLS",
        "generatePreviewFiles": "Wygeneruj pliki podglądu",
        "getWebsiteFiles": "Pobierz pliki strony internetowej",
        "githubPages": "Strony Github",
        "githubSyncedPart1": "Zmiany na Github Pages mogą być widoczne po kilku minutach od wysłania, ",
        "githubSyncedPart2": "zatem należy odczekać chwilę przed weryfikacją zmian.",
        "gitlabPages": "Strony Gitlab",
        "gitlabSyncedPart1": "Zmiany na Gitlab Pages mogą być widoczne po kilku minutach od wysłania, ",
        "gitlabSyncedPart2": "zatem należy odczekać chwilę przed weryfikacją zmian.",
        "googleCloud": "Chmura Google",
        "googleCloudPrefixNote": "Możesz umieścić swoją stronę internetową w podkatalogu. Unikaj ukośnika na początku (np. <strong>/blog/</strong>) - spowoduje to utworzenie dodatkowego katalogu z pustą nazwą. Przykład prawidłowego prefiksu: <strong>blog</strong>.",
        "goToAppSettings": "Idź do ustawień aplikacji",
        "goToSettings": "Idź do ustawień",
        "keyFile": "Plik klucza",
        "lastRendered": "Ostatnie renderowanie",
        "lastSync": "Ostatnia synchronizacja",
        "leaveBlankToUseDefaultOutputDirectory": "Pozostaw puste aby użyć domyślnego kata;pgu docelowego",
        "manualDeployment": "Wdrażanie ręczne",
        "manualOutputFieldCantBeEmpty": "Ręczny wybór wyjścia nie może być pusty",
        "ManualUpload": "Przesyłanie ręczne",
        "netlify": "Netlify",
        "netlifyToken": "Token Netlify",
        "nonCompressedCatalog": "Katalog nieskompresowany",
        "note": "Uwaga:",
        "operationsDone": "wykonanych operacji",
        "outputDirectory": "Katalog docelowy",
        "outputDirectoryNote": "W wybranym katalogu zostanie utworzony katalog/plik {siteName}-files. Jeśli już istnieje - zostanie zastąpiony nowymi plikami.",
        "outputType": "Typ wyjścia",
        "outputTypeNote": "Publii wygeneruje katalog lub archiwum ZIP/TAR z Twoją stroną internetową. Następnie możesz ręcznie przesłać te pliki na dowolny serwer docelowy.",
        "parallelUploads": "Przesyłanie równoległe",
        "parallelUploadsNote": "Więcej równoległych operacji może prowadzić do błędów przesyłania przy wolnych połączeniach internetowych lub błędu 403 z powodu limitów szybkości interfejsu API.",
        "passphraseForKey": "Hasło do klucza",
        "passphraseForKeyNote": "Użyj tego pola tylko wtedy, gdy Twój klucz wymaga hasła",
        "port": "Port",
        "portFormatNote": "Pole portu nie może być puste i musi być dodatnią liczbą całkowitą między 1 i 65535.",
        "prefix": "Prefiks",
        "preparationError": "Błąd przygotowania",
        "preparedToUpload": "Gotowe do wysłania na serwer",
        "preparingFiles": "Przygotowywanie plików",
        "previewCatalogDoesNotExistInfo": "Katalog do podglądu nie istnieje. Wybierz katalog do podglądów strony w ustawieniach aplikacji. ",
        "previewChanges": "Zobacz swoje zmiany",
        "provideAccessData": "Podaj dane dostępu",
        "provideFTPPasswordFor": "Proszę podać hasło FTP dla ",
        "provideFTPPasswordForServer": "Proszę podać hasło FTP dla następującego serwera: ",
        "region": "Region",
        "regionFieldCantBeEmpty": "Pole regiony nie może byc puste",
        "remotePath": "Ścieżka zdalna",
        "remotePathMatchServerOrRootPathNote": "Ścieżka powinna pasować do ścieżki serweranp. public_html/, public_html/blog/ lub ścieżce głównej np. /home/username/public_html/.",
        "remotePathMatchServerRootPathNote": "Ścieżka powinna odpowiadać ścieżce głównej serwera np. /public_html/, /public_html/blog/.",
        "repository": "Repozytorium",
        "repositoryFieldCantBeEmpty": "Pole repozytorium nie może być puste",
        "requireCertificateForConnection": "Do połączenia wymagaj ważnego certyfikatu",
        "requireFTPPassAlwaysOnSync": "Wymagaj hasła FTP przy każdej synchronizacji witryny",
        "s3CompatibleStorage": "Pamięć kompatybilna z S3",
        "s3PrefixNote": "Możesz umieścić swoją stronę internetową w podkatalogu. Unikaj ukośnika na początku (np. <strong>/blog/</strong>) - spowoduje to utworzenie dodatkowego katalogu z pustą nazwą. Przykład prawidłowego prefiksu: <strong>blog/</strong>.",
        "s3ProviderEndpoint": "Endpoint dostawcy S3",
        "s3ProviderEndpointNote": "Niestandardowy endpoint nie może być pusty, gdy opcja „Użyj niestandardowego dostawcy S3” jest ustawiona na \"tak\"",
        "secretKey": "Tajny klucz",
        "secretKeyFieldCantBeEmpty": "Pole klucza tajnego nie może być puste",
        "selectServerType": "Wybierz rodzaj serwera:",
        "serverFieldCantBeEmpty": "Pole serwera nie może być puste.",
        "serverGitLabNote": "Zmień tę wartość tylko wtedy, gdy używasz własnej instancji GitLab.",
        "serverSettingsSaveErrorMsg": "Publii nie może zapisać ustawień z powodu problemu z oprogramowaniem do bezpiecznego przechowywania haseł. Uruchom ponownie aplikację i spróbuj ponownie. Jeśli problem będzie się powtarzał, zgłoś go naszemu zespołowi za pośrednictwem forum.",
        "serverSettingsSaveLinuxErrorMsg": "Publii nie może zapisać ustawień, ponieważ nie jest zainstalowane żadne oprogramowanie do bezpiecznego przechowywania haseł. Postępuj zgodnie z instrukcjami instalacji dla Node Keytar via https://github.com/atom/node-keytar/ i spróbuj ponownie. Najprawdopodobniej w Twoim systemie brakuje paczek libsecret-1-dev i gnome-keyring packages.",
        "serverSettingsSaveSuccessMsg": "Ustawienia serwera zostały pomyślnie zapisane.",
        "settings": "Ustawienia",
        "sftp": "SFTP",
        "sftpkeyNote": "Proszę wybrać plik klucza",
        "sftpWithKey": "SFTP (z kluczem)",
        "sftpWithPassword": "SFTP (z hasłem)",
        "siteFieldCantBeEmpty": "Pole ID strony nie może być puste",
        "siteID": "ID strony",
        "siteIsInSync": "Strona zsynchronizowana",
        "syncFTPNoPassowrdMsg": "Bez hasła nie można zsynchronizować witryny. Proszę spróbować ponownie",
        "syncInProgress": "Trwa synchronizacja",
        "syncInProgressMessage": "Podczas procesu synchronizacji nie możesz zmienić nazwy strony.",
        "syncYourWebsite": "Synchronizuj stronę",
        "tarArchive": "Archiwum TAR",
        "testConnection": "Testuj połczenie",
        "testConnectionNoPassowrdMsg": "Bez hasła nie można przetestować połączenia. Proszę spróbuj ponownie",
        "token": "Token",
        "tokenFieldCantBeEmpty": "Pole tokena nie może być puste",
        "uploadingWebsite": "Przesyłanie strony internetowej",
        "useCustomS3Provider": "Użyj niestandardowego dostawcy S3",
        "useCustomS3ProviderNote": "Uwaga: AWS jest domyślnym dostawcą S3. Korzystając z alternatywnego dostawcy, musisz wypełnić pole „Endpoint dostawcy S3”.",
        "useFtps": "Stosuj FTP z SSL/TLS",
        "useRelativeURLs": "Użyj względnych URLi",
        "username": "Nazwa użytkownika",
        "usernameFieldCantBeEmpty": "Pole nazwy użytkownika nie może być puste.",
        "usernameOrganization": "Nazwa użytkonika / organizacji",
        "visitWebsite": "Odwiedź stronę",
        "visitYourWebsite": "Odwiedź swoją stronę",
        "websiteFilesPreparedInfo": "Twoja strona internetowa została przygotowana. Użyj poniższego przycisku \"Pobierz pliki strony internetowej\" <br>aby uzyskać pliki w celu ich ręcznego wdrożenia.",
        "websiteLinkInvalidMsg": "Przepraszamy! Link do witryny wydaje się być nieprawidłowy.",
        "websiteSynchronization": "Synchronizacja strony internetowej",
        "websiteSynchronizationInfo": "Wszelkie zduplikowane pliki lub nazwy plików już istniejące w lokalizacji docelowej <br>, które pasują do plików generowanych przez Publii, zostaną nadpisane.",
        "websiteURL": "URL strony internetowej",
        "youHaventSelectedAnyThemeInfo": "Nie wybrano żadnego motywu. Najpierw wybierz motyw w ustawieniach.",
        "yourJSONKey": "Twój klucz JSON",
        "yourJSONKeyFieldCantBeEmpty": "Pole klucza JSON nie może być puste",
        "yourPrivateKey": "Twój klucz prywatny",
        "yourWebsiteIsInSync": "Twoja witryna jest teraz zsynchronizowana",
        "zipArchive": "Archiwum ZIP"
    },
    "tag": {
        "addNewTag": "Dodaj nowy tag",
        "addThisAsNewTag": "Dodaj jako nowy tag",
        "createFirstTag": "Nie masz jeszcze żadnych tagów. Utwórzmy pierwszy!",
        "editTag": "Edytuj tag",
        "filterOrSearchTags": "Filtruj lub wyszukaj tagi...",
        "hideTag": "Ukryj tag",
        "leaveBlankToUseDefaultTagPageURL": "Pozostaw puste aby użyć domyślnego URL dla strony taga.",
        "mainTag": "Główny tag",
        "newTagHasBeenCreated": "Nowy tag został utworzony",
        "noMainTagForPostMsg": "Jeśli wpis ma tagi, ale nie ustawiono głównego tagu, domyślnie zostanie użyty pierwszy tag w kolejności alfabetycznej.",
        "noSupportFoFeaturedImagesForTags": "Twój motyw nie wspiera wyróżnionych obrazków dla tagów.",
        "noTagsAvailable": "Brak dostępnych tagów",
        "noTagsMatchingYourCriteria": "Brak tagów spełniających Twoje kryteria.",
        "removeTagMessage": "Na pewno chcesz usunąć wybrane tagi?",
        "removeTagSuccessMessage": "Wybrane tagi zostały usunięte",
        "saveAndPreviewNotAvailableDueToNoSupportForTagPagesInTheme": "Opcja \"Zapis i Podgląd\" nie jest dostępna z powodu braku wspracia dla stron tagów w Twoim motywie.",
        "selectTag": "Wybierz tag",
        "selectTagPage": "Wybierz stronę taga",
        "tag": "Tag",
        "tagDataParsingErrorMessage": "Wystąpił błąd podczas parsowania danych taga dla ID: ",
        "tagHasBeenEdited": "Tag został przeedytowany",
        "tagIsNotAllowed": "Ten tag nie jest dozwolony",
        "tagLink": "Link do taga",
        "tagName": "Nazwa taga:",
        "tagNameCannotBeEmptyErrorMessage": "Nazwa taga nie może być pusta. Proszę podać inną nazwę.",
        "tagNameInUseErrorMessage": "Podana nazwa taga jest już używana. Proszę podać inną nazwę.",
        "tagNameNotAllowedErrorMessage": "Podana nazwa taga/slug nie jest dozwolona.",
        "tagNameSimilarInUseErrorMessage": "Podobna nazwa taga (bez rozróżniania wielkości liter) jest już używana. Proszę podać inną nazwę.",
        "tagPage": "Strona taga",
        "tagsListLink": "Link do listy tagów",
        "tagStatusChangeSuccessMessage": "Status wybranych tagów został zmieniony",
        "tagWillNotAppearInGgeneratedTagLists": "Tag nie pojawi się na żadnej z wygenerowanych list tagów takich jak strona wpisu lub taga.",
        "thisTagIsHidden": "Ten tag jest ukryty",
        "toUseThisOptionEnableIndexingTagPages": "Aby użyć tej opcji najpierw włącz, w ustawieniach SEO, indeksowanie stron tagów."
    },
    "theme": {
        "addThemeSuccessMessage": "Motyw został dodany.",
        "authorsPostsPerPage": "Autorzy na stronie:",
        "authorsPostsPerPageInfo": "Podaj wartość -1 jeśli chcesz wyświetlać wszystkich autorów na stronie.",
        "changeAppTheme": "Zmień motyw aplikacji",
        "customSettings": "Ustawienia własne",
        "defaultPostTemplate": "Domyślny szablon wpisu",
        "defaultTemplate": "Szablon domyślny",
        "deleteTheme": "Usuń motyw",
        "dropYourThemeHere": "Upuść tutaj swój motyw",
        "excerptLength": "Długość zajawki:",
        "getMoreThemes": "Pobierz więcej motywów",
        "goToThemesManager": "Przejdż do menadżera motywów",
        "installTheme": "Zainstaluj motyw",
        "leaveBlankToUseDefault": "Pozostaw puste aby użyć wartości domyślnej",
        "postOptions": "Opcje wpisów",
        "postOptionsInfo": "Sekcja opcji wpisu pozwala na ustawienie globalnych opcji dla dodatkowych informacji zawartych we wpisach. Zmiany wrpowadzone w tej sekcji będą miały wpływ na wszystkie wpisy na Twojej stronie ale możesz również, jeśli ttego potrzebujesz, nadpisać ustawienia aplikacji, dla każdego z wpisów osobno, w widoku edycji wpisu .",
        "postsPerPage": "Wpisy na stronie:",
        "postsPerPageInfo": "Podaj wartość -1 jeśli chcesz wyświetlać wszystkie wpisy na stronie.",
        "removeThemeMessage": "Czy na pewno chcesz usunąć motyw {themeName}?",
        "removeThemeSuccessMessage": "Motyw został usunięty.",
        "resetThemeSettings": "Resetuj ustawienia motywu",
        "saveSettingsSuccessMessage": "Ustawienia motywu zosały zapisane.",
        "selectTheme": "Wybierz motyw",
        "settingsResetMessage": "Na pewno chcesz zresetować ustawienia motywu?",
        "settingsResetSuccessMessage": "Ustawienia motywu zostały zresetowane",
        "tagsPostsPerPage": "Tagi na stronie:",
        "tagsPostsPerPageInfo": "Podaj wartość -1 jeśli chcesz wyświetlać wszystkie tagi na stronie.",
        "themes": "Motywy",
        "themeSettings": "Ustawienia Motywu",
        "translations": "Tłumaczenia",
        "translationsInfo": "Jeśli chcesz przetłumaczyć frazy motywu na język inny niż angielski poczytaj najpierw o <a href=\"https://getpublii.com/dev/translations-api/\" target=\"_blank\" rel=\"noopener noreferrer\">API Tłumaczeń</a> w naszej dokumentacji.<br><br>",
        "updateThemeSuccessMessage": "Motyw został zaktualizowany.",
        "uploadThemeErrorMessage": "Przesłane pliki są niepoprawne. Proszę przesłać katalog motywu lub plik ZIP motywu.",
        "websiteLogo": "Logo strony:"
    },
    "tools": {
        "css": {
            "customCSS": "Niestandardowy CSS",
            "customCSSSaveSuccessMsg": "Niestandardowy kod CSS zpsatł zapisany.",
            "normal": "Normalny",
            "putCustomCSSAMPComment": "Tutaj umieść swój niestandardowy kod CSS (będzie użyty tylko w trybie AMP)",
            "putCustomCSSComment": "Tutaj umieść swój niestandardowy kod CSS"
        },
        "customHTML": "Niestandardowy HTML",
        "find": "Znajdź:",
        "findAndReplace": "Znajdź i zastąp:",
        "findAndReplaceShortcut": "Ctrl + Alt + F",
        "findAndReplaceShortcutMac": "Cmd + Alt + F",
        "findShortcut": "Ctrl + F",
        "findShortcutMac": "Cmd + F",
        "goToTools": "Idź do narzędzi",
        "logFileEmpty": "Ten plik logów jest pusty...",
        "logViewer": "Przeglądarka logów",
        "pluginActivationError": "Nie udało się aktywować wtyczki - spróbuj ponownie",
        "pluginDeactivationError": "Nie udało się deaktywować wtyczki - spróbuj ponownie",
        "selectFileToLoad": "Wybierz plik do załadowania",
        "thumbnails": {
            "listRegeneratedFiles": "Lista zregenerowanych plików:",
            "processingRegenerateThumbanilsInfo": "Naciśnięcie przycisku Regeneruj miniatury rozpocznie generowanie nowych rozmiarów obrazów zdefiniowanych przez Twój nowy motyw.",
            "progress": "Postęp: ",
            "regenerateThumbnails": "Regeneruj miniatury",
            "regenerateThumbnailsInfo": "Jeśli zmieniłeś motyw lub masz problemy z responsywnymi obrazami, możesz je ponownie wygenerować za pomocą przycisku poniżej. Może to chwilę potrwać, jeśli Twoja witryna zawiera dużo obrazów, więc prosimy o cierpliwość.",
            "regenerateThumbnailsNotNecessaryInfo": "Obecnie nie masz wybranego motywu dla tej witryny. Regeneracja miniatur nie jest konieczna.",
            "regeneratingThumbnails": "Regenerowanie miniatur...",
            "skipRegeneration": "Pomiń regenrację",
            "themeOrThumbnailsSettingsChanged": "Twój motyw lub ustawienia miniatur zostały zmienione.",
            "thumbnailsCreated": "Wszystkie miniatury zostały utworzone.",
            "thumbnailsRegenerationCancelled": "Regeneracja miniatur została anulowana."
        },
        "wpImport": {
            "addTagsToContentAutomaticallty": "Automatycznie dodaj tagi <p> i <br> do treści wpisu",
            "categories": "Kategorie",
            "checkingWXRFile": "Sprawdzanie wybranego pliku WXR",
            "contentFormatting": "Formatowanie treści:",
            "duringWXRAnalyzeWeHaveFound": "Podczas anlizy WXR znaleźliśmy",
            "importAuthors": "Importuj autorów",
            "importData": "Importuj dane",
            "importingData": "Importowanie danych",
            "importNote": "Wpisy zostaną zaimportowane jako zgodne z edytorem WYSIWYG.",
            "importSelectedTypesOfPosts": "Importuj wybrane rodzaje wpisów:",
            "pages": "strony",
            "postAuthors": "Autorzy wpisów",
            "selectWXRFileLabel": "Proszę wybrać plik WXR:",
            "selectWXRFilePlaceholder": "Wybierz plik WXR do zaimportowania",
            "usedTaxonomyForPosts": "Taksonomia używana dla wpisów:",
            "useMainAuthor": "Użyj głównego autora z Publii",
            "wpImporter": "Importer WP",
            "wpImportGoToRegenerateMsg": "Twoje dane WordPress zostały zaimportowane. Regeneracja miniatur może być konieczna, jeśli wcześniej wybrałeś motyw."
        }
    },
    "toolsPlugin": {
        "pluginSettingsLoadError": "Wystąpił błąd podczas wczytywania ustawień wtyczki",
        "pluginSettingsSaveSuccess": "Ustawienia wtyczki zostały zapisane",
        "pluginSettingsSaveError": "Wystąpił błąd podczas zapisu ustawień wtyczki",
        "tabsLabel": "Ustawienia wtyczki",
        "thisPluginHasNoOptions": "Ta wtyczka nie ma dodatkowych opcji..."
    },
    "ui": {
        "aboutPublii": "O Publii",
        "alternativeText": "Tekst alternatywny",
        "AMP": "AMP",
        "appConfiguration": "Konfiguracja aplikacji",
        "applyChanges": "Zatwierdź zmiany",
        "authors": "Autorzy",
        "backToTools": "Wróć do narzędzi",
        "backToPosts": "Posty",
        "basicInformation": "Informacje podstawowe",
        "beautifyCode": "Upiększ kod",
        "cancel": "Anuluj",
        "cancelPostWarningMsg": "Utracisz wszystkie niezapisane zmiany – czy chcesz kontynuować?",
        "canonicalURL": "Kanoniczny URL",
        "caption": "Podpis",
        "checkDocumentation": "Sprawdź dokumentację Publii",
        "close": "Zamknij",
        "copyToClipboard": "Skopiuj do schowka",
        "credits": "Uznania",
        "customLink": "Link własny",
        "customTemplate": "Własny szablon",
        "delete": "Usuń",
        "description": "Opis",
        "donate": "Przekaż darowiznę",
        "edit": "Edytuj",
        "featuredImage": "Obrazek wyróżniony",
        "fillAllRequiredFields": "Proszę uzupełnić wszystkie wymagane pola",
        "frontpageLink": "Link do strony startowej",
        "githubRepository": "Repozytorium Github",
        "goBack": "Wróć",
        "goToPluginCustomOptions": "Ukryj dodatkowe opcje",
        "goToPluginStandardOptions": "Pokaż dodatkowe opcje",
        "help": "Pomoc",
        "hide": "Ukryj",
        "hideThisNotification": "Schowaj to powiadominie",
        "id": "ID",
        "ifCanonicalURLIsSetMmetaRobotsTagiInored": "Jeśłi kanoiczny URL jest ustawiony, tagi meta robotów są ignorowane.",
        "indexFollow": "index, follow",
        "indexNofollow": "index, nofollow",
        "iUnderstand": "OK, rozumiem",
        "lastModified": "Ostatnia modyfikacja",
        "leaveBlankToUseDefaultPageTitle": "Pozostaw puste aby zastosować domyślny tytuł strony",
        "linkTarget": "Otwórz w ",
        "loading": "Ładowanie...",
        "menus": "Menu",
        "metaDescription": "Meta opisy",
        "metaRobotsIndex": "Index meta robotów",
        "minimize": "Zminimalizuj",
        "more": "Więcej",
        "moreInformationOnPublii": "Więcej informacji o Publii",
        "moreItems": "Więcej elementów",
        "name": "Nazwa",
        "newWindow": "Nowym oknie",
        "noindexFollow": "noindex, follow",
        "noindexNofollow": "noindex, nofollow",
        "none": "None",
        "notAvailableInYourTheme": "Niedostępne w Twoim motywie",
        "notSet": "Nie ustawiono",
        "of": "z",
        "ok": "OK",
        "otherOptions": "Inne opcje",
        "pages": "Strony",
        "pageTitle": "Tytuł Strony",
        "pleaseFillAllRequiredFields": "Proszę wypełnić wszystkie wymagane pola",
        "posts": "Wpisy",
        "preview": "Podgląd",
        "previewFrontPageOnly": "Podejrzyj tylko stronę główną",
        "previewFullWebsite": "Podejrzyj całą stronę",
        "publiiOnGithub": "Zobacz Publii na Github",
        "publishAndClose": "Opublikuj i zamknij",
        "publishPost": "Opublikuj wpis",
        "renderFrontPageOnly": "Renderuj tylko stronę główną",
        "renderFullWebsite": "Renderuj całą stronę",
        "reportBugInSupportdesk": "Zgłoś błąd w naszym naszj pomocy technicznej",
        "reportIssue": "Zgłoś problem",
        "sameWindow": "Tym samym oknie",
        "save": "Zapisz",
        "saveAndClose": "Zapisz i zamknij",
        "saveAndPreview": "Zapisz i podejrzyj",
        "saveAndRender": "Zapisz i renderuj",
        "saveAsDraft": "Zapisz jako szkic",
        "saveChanges": "Zapisz zmiany",
        "saveDraft": "Zapisz szkic",
        "saveDraftAndClose": "Zapisz szkic i zamknij",
        "search": "Szukaj...",
        "selectOption": "Wybierz opcję",
        "selectWebsite": "Wybierz witrynę",
        "seo": "SEO",
        "server": "Serwer",
        "show": "Pokaż",
        "slug": "Slug",
        "supportPublii": "Wspieraj Publii i przekaż darowiznę już dzisiaj!",
        "tags": "Tagi",
        "theme": "Motywy",
        "tools": "Narzędzia & Pluginy",
        "unhide": "Odkryj",
        "uploadInProgress": "Trwa przesyłanie..."
    }
}
