{
    "Action": "Azione",
    "Activity": "Attività",
    "Address": "Indirizzo",
    "Advanced": "Avanzate",
    "Align": "Allinea",
    "Align center": "Allinea al centro",
    "Align left": "Allinea a sinistra",
    "Align right": "Allinea a destra",
    "Alignment": "Allineamento",
    "All": "Tutti",
    "Alternative source": "Sorgente alternativa",
    "Alternative source URL": "URL sorgente alternativa",
    "Anchor": "Ancora",
    "Anchor...": "Ancora...",
    "Anchors": "Ancore",
    "Animals and Nature": "Animali e Natura",
    "Arrows": "Frecce",
    "B": "B",
    "Background color": "Colore sfondo",
    "Black": "Nero",
    "Block": "Blocco",
    "Blockquote": "Blockquote",
    "Blue": "Blu",
    "Body": "Corpo",
    "Bold": "Grassetto",
    "Border": "Bordo",
    "Border color": "Colore bordo",
    "Border style": "Stile bordo",
    "Border width": "Larghezza bordo",
    "Bottom": "In basso",
    "Browse for an image": "Sfoglia per un'immagine",
    "Bullet list": "Lista puntata",
    "Cancel": "Annulla",
    "Capitalization": "Maiuscole",
    "Caption": "Didascalia",
    "Cell": "Cella",
    "Cell padding": "Spaziatura cella",
    "Cell properties": "Proprietà cella",
    "Cell spacing": "Spaziatura tra celle",
    "Cell type": "Tipo cella",
    "Center": "Centro",
    "Characters": "Caratteri",
    "Characters (no spaces)": "Caratteri (senza spazi)",
    "Circle": "Cerchio",
    "Class": "Classe",
    "Clear formatting": "Cancella formattazione",
    "Close": "Chiudi",
    "Code": "Codice",
    "Code sample": "Esempio codice",
    "Color": "Colore",
    "Color Picker": "Selettore colore",
    "Color swatch": "Campione colore",
    "Cols": "Colonne",
    "Column": "Colonna",
    "Column group": "Gruppo colonne",
    "Constrain proportions": "Mantieni proporzioni",
    "Copy": "Copia",
    "Copy row": "Copia riga",
    "Could not find the specified string.": "Impossibile trovare la stringa specificata.",
    "Could not load emoticons": "Impossibile caricare emoticon",
    "Count": "Conteggio",
    "Currency": "Valuta",
    "Current window": "Finestra corrente",
    "Custom color": "Colore personalizzato",
    "Custom...": "Personalizzato...",
    "Cut": "Taglia",
    "Cut row": "Taglia riga",
    "Dark Blue": "Blu scuro",
    "Dark Gray": "Grigio scuro",
    "Dark Green": "Verde scuro",
    "Dark Orange": "Arancione scuro",
    "Dark Purple": "Viola scuro",
    "Dark Red": "Rosso scuro",
    "Dark Turquoise": "Turchese scuro",
    "Dark Yellow": "Giallo scuro",
    "Date/time": "Data/ora",
    "Decrease indent": "Riduci rientro",
    "Default": "Predefinito",
    "Delete column": "Elimina colonna",
    "Delete row": "Elimina riga",
    "Delete table": "Elimina tabella",
    "Dimensions": "Dimensioni",
    "Disc": "Disco",
    "Div": "Div",
    "Document": "Documento",
    "Document properties": "Proprietà documento",
    "Drop an image here": "Rilascia un'immagine qui",
    "Edit": "Modifica",
    "Edit image": "Modifica immagine",
    "Embed": "Incorpora",
    "Emoticons": "Emoticon",
    "Emoticons...": "Emoticon...",
    "Error": "Errore",
    "Extended Latin": "Latino esteso",
    "Failed to upload image: {0}": "Caricamento immagine fallito: {0}",
    "Find": "Trova",
    "Find and replace": "Trova e sostituisci",
    "Find and replace...": "Trova e sostituisci...",
    "Find whole words only": "Trova solo parole intere",
    "Finish": "Fine",
    "Flags": "Bandiere",
    "Font": "Font",
    "Font Sizes": "Dimensioni font",
    "Fonts": "Font",
    "Food and Drink": "Cibo e Bevande",
    "Footer": "Footer",
    "Format": "Formato",
    "Format Painter": "Copia formato",
    "Formats": "Formati",
    "Fullscreen": "Schermo intero",
    "G": "G",
    "General": "Generale",
    "Gray": "Grigio",
    "Green": "Verde",
    "H Align": "Allineamento O",
    "Header": "Intestazione",
    "Header 1": "Intestazione H1",
    "Header 2": "Intestazione H2",
    "Header 3": "Intestazione H3",
    "Header 4": "Intestazione H4",
    "Header 5": "Intestazione H5",
    "Header 6": "Intestazione H6",
    "Header cell": "Cella intestazione",
    "Headers": "Intestazioni",
    "Heading 1": "Titolo H1",
    "Heading 2": "Titolo H2",
    "Heading 3": "Titolo H3",
    "Heading 4": "Titolo H4",
    "Heading 5": "Titolo H5",
    "Heading 6": "Titolo H6",
    "Headings": "Titoli",
    "Height": "Altezza",
    "Help": "Aiuto",
    "Horizontal line": "Linea orizzontale",
    "Horizontal space": "Spazio orizzontale",
    "Id": "Id",
    "Id should start with a letter, followed only by letters, numbers, dashes, dots, colons or underscores.": "L'ID deve iniziare con una lettera, seguito solo da lettere, numeri, trattini, punti, due punti o underscore.",
    "Ignore": "Ignora",
    "Ignore all": "Ignora tutto",
    "Image": "Immagine",
    "Image description": "Descrizione immagine",
    "Image list": "Elenco immagini",
    "Image options": "Opzioni immagine",
    "Image title": "Titolo immagine",
    "Image...": "Immagine...",
    "Increase indent": "Aumenta rientro",
    "Inline": "In linea",
    "Insert": "Inserisci",
    "Insert column after": "Inserisci colonna dopo",
    "Insert column before": "Inserisci colonna prima",
    "Insert date/time": "Inserisci data/ora",
    "Insert image": "Inserisci immagine",
    "Insert link": "Inserisci link",
    "Insert row after": "Inserisci riga dopo",
    "Insert row before": "Inserisci riga prima",
    "Insert table": "Inserisci tabella",
    "Insert video": "Inserisci video",
    "Insert/Edit Link": "Inserisci/Modifica Link",
    "Insert/edit iframe": "Inserisci/modifica iframe",
    "Insert/edit image": "Inserisci/modifica immagine",
    "Insert/edit link": "Inserisci/modifica link",
    "Insert/edit media": "Inserisci/modifica media",
    "Insert/edit video": "Inserisci/modifica video",
    "Italic": "Corsivo",
    "Justify": "Giustifica",
    "Keyboard Navigation": "Navigazione tastiera",
    "Language": "Lingua",
    "Left": "Sinistra",
    "Left to right": "Da sinistra a destra",
    "Light Blue": "Blu chiaro",
    "Light Gray": "Grigio chiaro",
    "Light Green": "Verde chiaro",
    "Light Purple": "Viola chiaro",
    "Light Red": "Rosso chiaro",
    "Light Yellow": "Giallo chiaro",
    "Link": "Link",
    "Link list": "Elenco link",
    "Link...": "Link...",
    "Loading emoticons...": "Caricamento emoticon...",
    "Lower Alpha": "Alfabetico minuscolo",
    "Lower Greek": "Greco minuscolo",
    "Lower Roman": "Romano minuscolo",
    "Match case": "Maiuscole/minuscole",
    "Mathematical": "Matematico",
    "Media": "Media",
    "Media poster (Image URL)": "Poster media (URL immagine)",
    "Media...": "Media...",
    "Medium Blue": "Blu medio",
    "Medium Gray": "Grigio medio",
    "Medium Purple": "Viola medio",
    "Merge cells": "Unisci celle",
    "Middle": "Centrale",
    "Midnight Blue": "Blu notte",
    "More...": "Altro...",
    "Name": "Nome",
    "Navy Blue": "Blu navy",
    "New window": "Nuova finestra",
    "Next": "Successivo",
    "No": "No",
    "No color": "Nessun colore",
    "Nonbreaking space": "Spazio indivisibile",
    "None": "Nessuno",
    "Numbered list": "Lista numerata",
    "OR": "O",
    "Objects": "Oggetti",
    "Ok": "Ok",
    "Open help dialog": "Apri dialogo aiuto",
    "Open link in...": "Apri link in...",
    "Orange": "Arancione",
    "Page break": "Interruzione pagina",
    "Paragraph": "Paragrafo",
    "Paste": "Incolla",
    "Paste as text": "Incolla come testo",
    "Paste or type a link": "Incolla o digita un link",
    "Paste row after": "Incolla riga dopo",
    "Paste row before": "Incolla riga prima",
    "Paste your embed code below:": "Incolla il tuo codice embed sotto:",
    "People": "Persone",
    "Permanent Pen Properties": "Proprietà penna permanente",
    "Permanent pen properties...": "Proprietà penna permanente...",
    "Poster": "Poster",
    "Powered by {0}": "Powered by {0}",
    "Pre": "Pre",
    "Preferences": "Preferenze",
    "Preformatted": "Preformattato",
    "Prev": "Prec",
    "Preview": "Anteprima",
    "Previous": "Precedente",
    "Print": "Stampa",
    "Print...": "Stampa...",
    "Purple": "Viola",
    "Quotations": "Citazioni",
    "R": "R",
    "Red": "Rosso",
    "Redo": "Ripristina",
    "Remove color": "Rimuovi colore",
    "Remove link": "Rimuovi link",
    "Replace": "Sostituisci",
    "Replace all": "Sostituisci tutto",
    "Replace with": "Sostituisci con",
    "Restore last draft": "Ripristina ultima bozza",
    "Rich Text Area. Press ALT-0 for help.": "Area Rich Text. Premi ALT-0 per aiuto.",
    "Rich Text Area. Press ALT-F9 for menu. Press ALT-F10 for toolbar. Press ALT-0 for help": "Area Rich Text. Premi ALT-F9 per il menu. Premi ALT-F10 per la barra degli strumenti. Premi ALT-0 per aiuto",
    "Right": "Destra",
    "Right to left": "Da destra a sinistra",
    "Row": "Riga",
    "Row group": "Gruppo righe",
    "Row properties": "Proprietà riga",
    "Row type": "Tipo riga",
    "Rows": "Righe",
    "Save": "Salva",
    "Scope": "Ambito",
    "Search": "Cerca",
    "Select all": "Seleziona tutto",
    "Select...": "Seleziona...",
    "Selection": "Selezione",
    "Shortcut": "Scorciatoia",
    "Show caption": "Mostra didascalia",
    "Show invisible characters": "Mostra caratteri invisibili",
    "Size": "Dimensione",
    "Source": "Sorgente",
    "Source code": "Codice sorgente",
    "Special character": "Carattere speciale",
    "Special character...": "Carattere speciale...",
    "Spellcheck": "Controllo ortografico",
    "Split cell": "Dividi cella",
    "Square": "Quadrato",
    "Strikethrough": "Barrato",
    "Style": "Stile",
    "Subscript": "Pedice",
    "Superscript": "Apice",
    "Switch to or from fullscreen mode": "Attiva/disattiva schermo intero",
    "Symbols": "Simboli",
    "System Font": "Font sistema",
    "Table": "Tabella",
    "Table of Contents": "Indice",
    "Table properties": "Proprietà tabella",
    "Target": "Destinazione",
    "Text": "Testo",
    "Text color": "Colore testo",
    "Text to display": "Testo da visualizzare",
    "The URL you entered seems to be an email address. Do you want to add the required mailto: prefix?": "L'URL inserito sembra essere un indirizzo email. Vuoi aggiungere il prefisso mailto: richiesto?",
    "The URL you entered seems to be an external link. Do you want to add the required http:// prefix?": "L'URL inserito sembra essere un link esterno. Vuoi aggiungere il prefisso http:// richiesto?",
    "Title Case": "Maiuscole per Titolo",
    "To open the popup, press Shift+Enter": "Per aprire il popup, premi Shift+Invio",
    "Tools": "Strumenti",
    "Top": "In alto",
    "Travel and Places": "Viaggi e Luoghi",
    "Turquoise": "Turchese",
    "UPPERCASE": "MAIUSCOLO",
    "Underline": "Sottolineato",
    "Undo": "Annulla",
    "Update": "Aggiorna",
    "Upload": "Carica",
    "Upper Alpha": "Alfabetico maiuscolo",
    "Upper Roman": "Romano maiuscolo",
    "Url": "Url",
    "User Defined": "Definito dall'utente",
    "V Align": "Allineamento V",
    "Valid": "Valido",
    "Version": "Versione",
    "Vertical space": "Spazio verticale",
    "View": "Visualizza",
    "Warn": "Avviso",
    "White": "Bianco",
    "Whole words": "Parole intere",
    "Width": "Larghezza",
    "Word count": "Conteggio parole",
    "Words": "Parole",
    "Words: {0}": "Parole: {0}",
    "Yellow": "Giallo",
    "Yes": "Sì",
    "You have unsaved changes are you sure you want to navigate away?": "Hai modifiche non salvate, sei sicuro di voler uscire?",
    "alignment": "allineamento",
    "comments": "commenti",
    "example": "esempio",
    "formatting": "formattazione",
    "history": "cronologia",
    "indentation": "rientro",
    "lowercase": "minuscolo",
    "permanent pen": "penna permanente",
    "styles": "stili",
    "{0} characters": "{0} caratteri",
    "{0} words": "{0} parole"
}