{
    "Action": "Ação",
    "Activity": "Atividade",
    "Address": "Endereço",
    "Advanced": "Avançado",
    "Align": "Alinhar",
    "Align center": "Alinhar ao centro",
    "Align left": "Alinhar à esquerda",
    "Align right": "Alinhar à direita",
    "Alignment": "Alinhamento",
    "All": "Todo",
    "Alternative source": "Fonte alternativa",
    "Alternative source URL": "URL de fonte alternativa",
    "Anchor": "Âncora",
    "Anchor...": "Âncora...",
    "Anchors": "Âncoras",
    "Animals and Nature": "Animais e Natureza",
    "Arrows": "Setas",
    "B": "B",
    "Background color": "Cor de fundo",
    "Black": "Preto",
    "Block": "Bloquear",
    "Blockquote": "Bloco de citação",
    "Blue": "Azul",
    "Body": "Corpo",
    "Bold": "Negrito",
    "Border": "Borda",
    "Border color": "Cor da borda",
    "Border style": "Estilo de borda",
    "Border width": "Largura da borda",
    "Bottom": "Inferior",
    "Browse for an image": "Procure uma imagem",
    "Bullet list": "Lista de marcadores",
    "Cancel": "Cancelar",
    "Capitalization": "Capitalização",
    "Caption": "Legenda",
    "Cell": "Célula",
    "Cell padding": "Espaço interno da célula",
    "Cell properties": "Propriedades da célula",
    "Cell spacing": "Espaçamento da célula",
    "Cell type": "Tipo de célula",
    "Center": "Centro",
    "Characters": "Caracteres",
    "Characters (no spaces)": "Caracteres (sem espaços)",
    "Circle": "Círculo",
    "Class": "Classe",
    "Clear formatting": "Limpar formatação",
    "Close": "Fechar",
    "Code": "Código",
    "Code sample": "Exemplo de código",
    "Color": "Cor",
    "Color Picker": "Seletor de cores",
    "Color swatch": "Amostra de cor",
    "Cols": "Cols.",
    "Column": "Coluna",
    "Column group": "Grupo de colunas",
    "Constrain proportions": "Restringir proporções",
    "Copy": "Cópia",
    "Copy row": "Copiar linha",
    "Could not find the specified string.": "Não foi possível encontrar a string especificada.",
    "Could not load emoticons": "Não foi possível carregar os emoticons",
    "Count": "Contar",
    "Currency": "Moeda",
    "Current window": "Janela atual",
    "Custom color": "Cor customizada",
    "Custom...": "Personalizado...",
    "Cut": "Cortar",
    "Cut row": "Cortar linha",
    "Dark Blue": "Azul escuro",
    "Dark Gray": "Cinza escuro",
    "Dark Green": "Verde escuro",
    "Dark Orange": "Laranja escuro",
    "Dark Purple": "Roxo escuro",
    "Dark Red": "Vermelho escuro",
    "Dark Turquoise": "Turquesa Escuro",
    "Dark Yellow": "Amarelo escuro",
    "Date/time": "Data hora",
    "Decrease indent": "Recuar devagar",
    "Default": "Predefinição",
    "Delete column": "Excluir coluna",
    "Delete row": "Excluir linha",
    "Delete table": "Excluir tabela",
    "Dimensions": "Dimensões",
    "Disc": "Disco",
    "Div": "Div",
    "Document": "Documento",
    "Document properties": "Propriedades do documento",
    "Drop an image here": "Solte uma imagem aqui",
    "Edit": "Editar",
    "Edit image": "Editar imagem",
    "Embed": "Embutir",
    "Emoticons": "Emoticons",
    "Emoticons...": "Emoticons...",
    "Error": "Erro",
    "Extended Latin": "Latim estendido",
    "Failed to upload image: {0}": "Falha ao fazer upload da imagem: {0}",
    "Find": "Encontrar",
    "Find and replace": "Localizar e substituir",
    "Find and replace...": "Localizar e substituir...",
    "Find whole words only": "Encontrar apenas palavras inteiras",
    "Finish": "Terminar",
    "Flags": "Bandeiras",
    "Font": "Fonte",
    "Font Sizes": "Tamanhos de fonte",
    "Fonts": "Fontes",
    "Food and Drink": "Comida e bebida",
    "Footer": "Rodapé",
    "Format": "Formato",
    "Format Painter": "Pintor de formatos",
    "Formats": "Formatos",
    "Fullscreen": "Tela cheia",
    "G": "G",
    "General": "Geral",
    "Gray": "Cinza",
    "Green": "Verde",
    "H Align": "Alinhar H",
    "Header": "Cabeçalho",
    "Header 1": "Cabeçalho 1",
    "Header 2": "Cabeçalho 2",
    "Header 3": "Cabeçalho 3",
    "Header 4": "Cabeçalho 4",
    "Header 5": "Cabeçalho 5",
    "Header 6": "Cabeçalho 6",
    "Header cell": "Célula de cabeçalho",
    "Headers": "Cabeçalhos",
    "Heading 1": "Cabeçallho 1",
    "Heading 2": "Título 2",
    "Heading 3": "Título 3",
    "Heading 4": "Título 4",
    "Heading 5": "Título 5",
    "Heading 6": "Título 6",
    "Headings": "Títulos",
    "Height": "Altura",
    "Help": "Ajuda",
    "Horizontal line": "Linha horizontal",
    "Horizontal space": "Espaço horizontal",
    "Id": "ID",
    "Id should start with a letter, followed only by letters, numbers, dashes, dots, colons or underscores.": "O ID deve começar com uma letra, seguida apenas por letras, números, traços, pontos, dois pontos ou sublinhados.",
    "Ignore": "Ignorar",
    "Ignore all": "Ignorar tudo",
    "Image": "Imagem",
    "Image description": "Descrição da imagem",
    "Image list": "Lista de imagens",
    "Image options": "Opções de imagem",
    "Image title": "Título da imagem",
    "Image...": "Imagem...",
    "Increase indent": "Aumentar recuo",
    "Inline": "Em linha",
    "Insert": "Inserir",
    "Insert column after": "Inserir coluna após",
    "Insert column before": "Inserir coluna antes",
    "Insert date/time": "Inserir data/hora",
    "Insert image": "Inserir imagem",
    "Insert link": "Inserir link",
    "Insert row after": "Inserir linha após",
    "Insert row before": "Inserir linha antes",
    "Insert table": "Insira tabela",
    "Insert video": "Inserir vídeo",
    "Insert/Edit Link": "Inserir/editar link",
    "Insert/edit iframe": "Inserir/editar iframe",
    "Insert/edit image": "Inserir/editar imagem",
    "Insert/edit link": "Inserir/editar link",
    "Insert/edit media": "Inserir/editar mídia",
    "Insert/edit video": "Inserir/editar vídeo",
    "Italic": "Itálico",
    "Justify": "Justificar",
    "Keyboard Navigation": "Navegação do teclado",
    "Language": "Idioma",
    "Left": "Esquerda",
    "Left to right": "Esquerda para a direita",
    "Light Blue": "Azul claro",
    "Light Gray": "Cinza claro",
    "Light Green": "Verde claro",
    "Light Purple": "Roxo claro",
    "Light Red": "Vermelha claro",
    "Light Yellow": "Amarela claro",
    "Link": "Link",
    "Link list": "Lista de links",
    "Link...": "Link...",
    "Loading emoticons...": "Carregando emoticons...",
    "Lower Alpha": "Alfa inferior",
    "Lower Greek": "Grego inferior",
    "Lower Roman": "Romano inferior",
    "Match case": "Corresponder caixa",
    "Mathematical": "Matemático",
    "Media": "Mídia",
    "Media poster (Image URL)": "Pôster da mídia (URL da imagem)",
    "Media...": "Mídia...",
    "Medium Blue": "Azul médio",
    "Medium Gray": "Cinza médio",
    "Medium Purple": "Roxo médio",
    "Merge cells": "Mesclar células",
    "Middle": "Meio",
    "Midnight Blue": "Azul da meia-noite",
    "More...": "Mais...",
    "Name": "Nome",
    "Navy Blue": "Azul-marinho",
    "New window": "Nova janela",
    "Next": "Próximo",
    "No": "Não",
    "No color": "Sem cor",
    "Nonbreaking space": "Espaço inquebrável",
    "None": "Nenhum",
    "Numbered list": "Lista numerada",
    "OR": "OU",
    "Objects": "Objetos",
    "Ok": "OK",
    "Open help dialog": "Abrir caixa de diálogo de ajuda",
    "Open link in...": "Abrir link em...",
    "Orange": "Laranja",
    "Page break": "Quebra de página",
    "Paragraph": "Parágrafo",
    "Paste": "Colar",
    "Paste as text": "Colar como texto",
    "Paste or type a link": "Colar ou digitar um link",
    "Paste row after": "Colar linha depois",
    "Paste row before": "Colar linha antes",
    "Paste your embed code below:": "Cole seu código de incorporação abaixo:",
    "People": "Pessoas",
    "Permanent Pen Properties": "Propriedades da caneta permanente",
    "Permanent pen properties...": "Propriedades permanentes da caneta...",
    "Poster": "Pôster",
    "Powered by {0}": "Alimentado por {0}",
    "Pre": "Pré",
    "Preferences": "Preferências",
    "Preformatted": "Pré-formatado",
    "Prev": "Ant.",
    "Preview": "Visualizar",
    "Previous": "Anterior",
    "Print": "Imprimir",
    "Print...": "Imprimir...",
    "Purple": "Roxo",
    "Quotations": "Citações",
    "R": "R",
    "Red": "Vermelho",
    "Redo": "Refazer",
    "Remove color": "Remover cor",
    "Remove link": "Remover link",
    "Replace": "Substituir",
    "Replace all": "Substituir tudo",
    "Replace with": "Substituir com",
    "Restore last draft": "Restaurar o último rascunho",
    "Rich Text Area. Press ALT-0 for help.": "Área de texto rico. Pressione ALT-0 para obter ajuda.",
    "Rich Text Area. Press ALT-F9 for menu. Press ALT-F10 for toolbar. Press ALT-0 for help": "Área de texto rico. Pressione ALT-F9 para o menu. Pressione ALT-F10 para barra de ferramentas. Pressione ALT-0 para obter ajuda",
    "Right": "Direita",
    "Right to left": "Direita para esquerda",
    "Row": "Linha",
    "Row group": "Grupo de linhas",
    "Row properties": "Propriedades da linha",
    "Row type": "Tipo de linha",
    "Rows": "Linhas",
    "Save": "Salvar",
    "Scope": "Escopo",
    "Search": "Procurar",
    "Select all": "Selecionar tudo",
    "Select...": "Selecionar...",
    "Selection": "Seleção",
    "Shortcut": "Atalho",
    "Show caption": "Mostrar legenda",
    "Show invisible characters": "Mostrar caracteres invisíveis",
    "Size": "Tamanho",
    "Source": "Fonte",
    "Source code": "Código fonte",
    "Special character": "Caractere especial",
    "Special character...": "Caractere especial...",
    "Spellcheck": "Corretor ortográfico",
    "Split cell": "Dividir célula",
    "Square": "Quadrado",
    "Strikethrough": "Tachado",
    "Style": "Estilo",
    "Subscript": "Subscrito",
    "Superscript": "Sobrescrito",
    "Switch to or from fullscreen mode": "Alternar para ou do modo de tela cheia",
    "Symbols": "Símbolos",
    "System Font": "Fonte do sistema",
    "Table": "Tabela",
    "Table of Contents": "Sumário",
    "Table properties": "Propriedades da tabela",
    "Target": "Alvo",
    "Text": "Texto",
    "Text color": "Cor do texto",
    "Text to display": "Texto a ser exibido",
    "The URL you entered seems to be an email address. Do you want to add the required mailto: prefix?": "A URL que você digitou parece ser um endereço de e-mail. Deseja adicionar o prefixo mailto: obrigatório?",
    "The URL you entered seems to be an external link. Do you want to add the required http:// prefix?": "A URL que você digitou parece ser um link externo. Deseja adicionar o prefixo http:// obrigatório?",
    "Title Case": "Caixa de título",
    "To open the popup, press Shift+Enter": "Para abrir o pop-up, pressione Shift+Enter",
    "Tools": "Ferramentas",
    "Top": "Topo",
    "Travel and Places": "Viagens e lugares",
    "Turquoise": "Turquesa",
    "UPPERCASE": "MAIÚSCULAS",
    "Underline": "Sublinhado",
    "Undo": "Desfazer",
    "Update": "Atualizar",
    "Upload": "Carregar",
    "Upper Alpha": "Alfa superior",
    "Upper Roman": "Romano superior",
    "Url": "URL",
    "User Defined": "Usuário definido",
    "V Align": "Alinhar V",
    "Valid": "Válido",
    "Version": "Versão",
    "Vertical space": "Espaço vertical",
    "View": "Visualizar",
    "Warn": "Avisar",
    "White": "Branco",
    "Whole words": "Palavras inteiras",
    "Width": "Largura",
    "Word count": "Contagem de palavras",
    "Words": "Palavras",
    "Words: {0}": "Palavras: {0}",
    "Yellow": "Amarelo",
    "Yes": "Sim",
    "You have unsaved changes are you sure you want to navigate away?": "Você tem alterações não salvas. Tem certeza de que deseja sair?",
    "alignment": "alinhamento",
    "comments": "comentários",
    "example": "exemplo",
    "formatting": "formatação",
    "history": "história",
    "indentation": "recuo",
    "lowercase": "minúscula",
    "permanent pen": "caneta permanente",
    "styles": "estilos",
    "{0} characters": "{0} caracteres",
    "{0} words": "{0} palavras"
}