{
    "author": {
        "addNewAuthor": "新增作者",
        "author": "作者",
        "authorDataParsingErrorMessage": "解析 ID 的作者数据时出错： ",
        "authorHasBeenUpdated": "作者已更新",
        "authorLink": "作者链接",
        "authorName": "作者姓名",
        "authorNameCannotBeEmptyErrorMessage": "作者姓名不能为空。请输入姓名",
        "authorNameInUseErrorMessage": "提供的作者姓名已被使用。请尝试其他名称。",
        "authorNameSimilarInUseErrorMessage": "提供的作者姓名正在使用中；作者姓名不区分大小写。请尝试其他名称。",
        "authorPage": "作者页面",
        "authorSlugCannotBeEmpty": "作者 slug 不能为空",
        "avatar": "头像",
        "avatarAndFeaturedImage": "头像和推荐图片",
        "cannotRemoveMainAuthor": "无法删除主要作者。",
	"changePageAuthor": "更改页面作者",
        "changePostAuthor": "更改文章作者",
        "editAuthor": "编辑作者",
        "eMail": "E-mail",
        "filterOrSearchAuthors": "过滤或搜索作者...",
        "gravatarEmailWarningMessage": "输入您在 Gravatar 上注册账户时使用的电子邮件地址。",
        "mainAuthor": "主要作者",
        "mainAuthorCannotBeRemoved": "这是本网站的主要作者，无法删除。",
        "newAuthorHasBeenCreated": "新作者已创建",
        "noAuthorsMatchingYourCriteria": "没有符合您条件的作者。",
        "removeAuthorsMessage": "您真的要删除选定的作者吗？",
        "removeAuthorsSuccessMessage": "选定的作者已被删除",
        "selectAuthor": "选择作者",
        "selectAuthorPage": "选择作者页面",
        "themeDoesNotSupportFeaturedImagesForAuthors": "您的主题不支持作者的精选图片",
        "whenYouUseGravatarYourSiteVisitorsWillQueryAThirdPartyServer": "当您使用 Gravatar 服务时，请注意，您的网站访问者需要查询第三方服务器以加载您的头像。",
        "toUseThisOptionEnableIndexingAuthorPages": "要使用此选项，请首先在 SEO 设置中启用作者页面的索引。",
        "useGravatarMessage": "使用 <a href=\"https://gravatar.com/\" target=\"_blank\" rel=\"noopener noreferrer\">Gravatar</a> 提供您的作者头像",
        "useGravatarServiceMessage": "为了使用 Gravatar 服务，请先提供作者的电子邮箱。",
        "website": "网站"
    },
    "core": {
        "archive": {
            "destinationNotExists": "指定输出目标不存在",
            "errorDuringCreatingTAR": "TAR 归档创建期间发生错误。\n请再试一次。",
            "errorDuringCreatingZIP": "ZIP 存档创建期间发生错误。\n请再试一次。"
        },
        "backup": {
            "destinationDirectoryDoesNotExists": "目标目录不存在",
            "errorDuringFileSaveProcess": "文件保存过程中发生错误",
            "errorDuringReadingBackupFile": "读取备份文件时发生错误",
            "fileDoesNotExists": "备份文件不存在",
            "fileIsCorrupted": "备份文件已损坏-中止恢复过程。",
            "locationDoesNotExists": "备份位置不存在",
            "temporaryDirectoryDoesNotExists": "临时目录不存在"
        },
        "credits": {
            "errorLoadingLicenseMsg": "加载许可证时出错。\n请再试一次。"
        },
        "images": {
            "responsiveImagesDisabled": "响应式图像在站点设置下被禁用 —— 所有响应式图像已被删除。"
        },
        "rendering": {
            "renderingProcessCrashed": "渲染过程崩溃",
            "renderingProcessCrashedMsg": "有关更多信息，请查看 工具 > 日志查看器 下的 rendering-errors.log 和 rendering-process.log 文件。",
            "renderingProcessFailed": "渲染过程失败"
        },
        "server": {
            "branchDoesNotExist": "所选分支不存在。",
            "creatingNewRemoteFilesTree": "正在创建新的远程文件树...",
            "finishingDeploymentProcess": "完成部署过程...",
            "getInfoAboutLatestCommit": "获取有关最新提交的信息...",
            "preparingFilesTreeToUpload": "正在准备上传文件树...",
            "repositoryDoesNotExist": "所选存储库不存在。",
            "requestLimitExceededInfo": "超出了您的 API 请求限制（剩余 {remaining} 个请求）。\n请等到 {resetTime} UTC，然后重试。",
            "requestTimeout": "请求超时。",
            "retrievingHandlerOfRemoteFilesTree": "正在检索远程文件树处理程序...",
            "retrievingRemoteFilesTree": "正在检索远程文件树...",
            "tokenOrServerAddressInvalid": "提供的凭据或服务器/仓库地址无效。",
            "tooManyFilesInfo": "您的网站包含 4000 多个项目（{numberOfFiles} 个文件和目录）。\n目前我们的 Github Pages 实现只支持最多 4000 个项目的网站。"
        },
        "site": {
            "noConfigurationForResponsiveImages": "没有响应图像的配置数据",
            "noImagesToRegenerate": "没有要重新生成的图像",
            "noThemeSelected": "未选择主题"
        },
        "sureYouWantQuit": "你确定你要退出吗？\n所有未保存的更改都将丢失。",
        "wpImport": {
            "authorsProgressInfo": "导入作者（{progress} / {total}）",
            "imageDownloadError": "下载图片时出错：{image}",
            "imagesProgressInfo": "下载图像（{progress} / {total}）",
            "postsProgressInfo": "导入文章（{progress} / {total}）",
            "tagsProgressInfo": "导入标签（{progress} / {total}）"
        }
    },
    "customHTML": {
        "tabs": {
            "head": "Head",
            "body": "Body",
            "comments": "评论",
            "searchInput": "搜索输入栏",
            "searchContent": "搜索内容",
            "socialSharing": "社交分享",
            "footer": "Footer",
            "beforePost": "每篇文章之前",
            "afterPost": "每篇文章之后",
            "afterPage": "每个页面之后"

        }
    },
    "date": {
        "apr": "4 月",
        "aug": "8 月",
        "changePagePublicationDate": "更改页面发布时间",
        "changePostPublicationDate": "更改文章时间",
        "dec": "12月",
        "feb": "1 月",
        "jan": "2 月",
        "jul": "7 月",
        "jun": "6 月",
        "mar": "3 月",
        "may": "5 月",
        "nov": "11月",
        "oct": "10月",
        "sep": "9 月"
    },
    "editor": {
        "addHeading": "添加标题",
        "addLabel": "添加标签",
        "alignTextCenter": "居中对齐",
        "alignTextLeft": "左对齐",
        "alignTextRight": "右对齐",
        "blockEditorHelpPanelDesc": "您可以通过单击新行上的 <span>+</span> 或 <span>TAB</span> 按钮或在新行上键入以下快捷方式或 Markdown 语法来插入块：",
        "blocks": {
            "code": {
                "idTooltip": "此值将用作代码 ID"
            },
            "cssClassesLabel": "CSS 类",
            "cssClassesTooltip": "这些 CSS 类将被添加到字段的 class 属性中",
            "embed": {
                "idTooltip": "该值将用作嵌入 ID"
            },
            "gallery": {
                "idTooltip": "此值将用作图库 ID"
            },
            "header": {
                "customIdLabel": "使用自定义 ID",
                "customIdTooltip": "如果您想使用自己的 ID，而不是自动生成的 ID，请启用此选项",
                "idTooltip": "此值将用作 header ID"
            },
            "html": {
                "idTooltip": "该值将用作 HTML ID"
            },
            "idLabel": "ID",
            "image": {
                "idTooltip": "该值将用作图像 ID"
            },
            "list": {
                "idTooltip": "此值将用作列表 ID"
            },
            "paragraph": {
                "idTooltip": "此值将用作段落 ID",
                "styleLabel": "段落样式",
                "styles": {
                    "highlight": "高亮",
                    "info": "信息",
                    "success": "成功",
                    "warning": "警告"
                },
                "styleTooltip": "为段落块选择其他样式"
            },
            "quote": {
                "idTooltip": "此值将用作报价 ID"
            },
            "separator": {
                "idTooltip": "该值将用作分隔符 ID"
            },
            "toc": {
                "idTooltip": "该值将用作目录的 ID"
            }
        },
        "cantSavePostWithEmptyTitle": "您无法保存标题为空的文章",
        "cantSavePageWithEmptyTitle": "您无法保存标题为空的页面",
        "changesSaved": "更改已保存",
        "clearFormatting": "清楚格式",
        "clickToConfirm": "点击确认",
        "code": "代码",
        "conversions": {
            "toCode": "代码",
            "toHeader": "标题",
            "toHTML": "HTML",
            "toList": "列表",
            "toParagraph": "段落",
            "toQuote": "引用"
        },
        "convertTo": "转换成：",
        "custom": "自定义",
        "defaultSelect": "- 选择 -",
        "deleteBlock": "删除块",
        "dot": "Dot",
        "dots": "Dots",
        "dragAndDropImgToEditor": "将图像拖放到编辑器上",
        "dropToUploadYourPhotoOr": "拖放以上传您的照片或",
        "dropToUploadYourPhotosOr": "拖放以上传您的照片或",
        "element": "元素",
        "emptyGalleryBlock": "空相册块",
        "emptyImageBlock": "空图像块",
        "enterAltText": "输入替代文字",
        "enterCaption": "输入标题",
        "enterUrlOrEmbedCode": "输入网址或嵌入代码...",
        "errorOccurred": "发生错误，请重试。",
        "gallery": "相册",
        "header": "标题",
        "heading1": "标题 1",
        "heading2": "标题 2",
        "heading3": "标题 3",
        "heading4": "标题 4",
        "heading5": "标题 5",
        "heading6": "标题 6",
        "hideBulkEdit": "隐藏批量编辑",
        "hideHelp": "隐藏帮助",
        "hideStats": "隐藏统计",
        "html": "HTML",
        "insertGallery": "插入相册",
        "list": "列表",
        "markdown": "Markdown",
        "markdownHelpPanelDesc": "您可以使用以下键盘快捷键或 Markdown 语法轻松管理标题、文本样式或创建其他 HTML 元素：",
        "newDraftCreated": "已创建新草稿",
        "newPageCreated": "已创建新页面",
        "newPostCreated": "新文章已创建",
        "nothingFound": "未找到块",
        "paragraph": "段落",
        "quote": "引用",
        "quoteAuthor": "引用作者",
        "quoteText": "引用文本",
        "readMore": "Read more",
        "readMoreBlockName": "Readmore",
        "selectFiles": "选择文件",
        "separator": "分隔符",
        "shortcuts": "捷径",
        "sourceCode": "源代码",
        "searchForABlock": "搜索块...",
        "startWriting": "动笔...",
        "startWritingOrPressTabToChooseBlock": "开始写入或按 TAB 键选择一个块。",
        "toc": "目录",
        "tocAutoGenerationInfo": "目录是根据内容的标题 (H1-H6) 自动生成的。",
        "togglePostStatsPanel": "切换文章统计面板",
        "unableToSetSpellCheckerForLanguage": "(!) 无法将拼写检查器设置为使用所选语言 —— ",
        "useOrderedList": "使用有序列表",
        "useUnorderedList": "使用无序列表",
        "viewBulkEdit": "批量编辑",
        "viewHelp": "查看帮助",
        "viewStats": "查看统计",
        "wideLine": "宽线"
    },
    "file": {
        "addNewFile": "添加新文件",
        "backups": "备份",
        "createBackup": "创建备份",
        "createBackupConfirmMsg": "为您的备份选择一个名称 —— 文件名只能包含字母数字字符、短划线和下划线：",
        "createBackupErrorMsg": "创建备份时出错。\n请再试一次。",
        "createBackupNameEmptyMsg": "提供的文件名不能为空。\n请输入名称。",
        "createBackupNameInUseMsg": "提供的文件名 (<strong>{filename}</strong>) 已被现有备份使用。\n请使用其他名称重试。",
        "createBackupSuccessMsg": "已创建备份。",
        "createFirstBackupMsg": "您还没有任何备份。\n让我们创建第一个！",
        "creatingBackup": "创建备份",
        "creationDate": "创建日期",
        "deleteBackupsConfirmMsg": "您真的要删除选定的备份吗？\n此操作无法撤消。",
        "deleteBackupsErrorMsg": "删除所选备份时出错。\n请再试一次。",
        "deleteBackupsSuccessMsg": "已删除选定的备份",
        "dragAndDropBackupFile": "将备份文件拖放到此处或",
        "dropYourFileHere": "把你的文件放在这里",
        "file": "文件",
        "fileFromFileManager": "文件管理器中的文件",
        "fileManager": "文件管理器",
        "filename": "文件名",
        "files": "文件",
        "fileSemicolon": "文件：",
        "fileSize": "文件大小",
        "filterOrSearchFiles": "过滤或搜索文件...",
        "mediaFiles": "媒体/文件",
        "noBackupsAvailable": "没有可用的备份",
        "noFileInMediaFilesDirInfo": "media/files 目录中没有文件...",
        "noFileInRootDirInfo": "根目录下没有文件...",
        "noFileMatchingCriteriaInfo": "没有符合您条件的文件。",
        "operations": "操作",
        "preparingFilesInOutputDir": "准备输出目录中的文件",
        "provideNameForNewFile": "请提供新文件的名称",
        "removeFilesConfirmMsg": "您真的要删除选定的文件吗？\n此操作无法撤消。",
        "removeFilesSuccessMsg": "选定的文件已被删除",
        "rename": "重命名",
        "renameBackupConfirmLabel": "重命名文件",
        "renameBackupConfirmMsg": "请指定新的备份文件名：",
        "renameBackupErrorMsg": "重命名所选备份文件时出错。\n请再试一次。",
        "renameBackupNameEmptyMsg": "备份文件名不能为空。\n请再试一次。",
        "renameBackupNameInUseMsg": "指定的名称正被另一个备份文件使用。\n请再试一次。",
        "renameBackupSameNameMsg": "指定的名称与旧名称相同。\n请再试一次。",
        "renameBackupSuccessMsg": "备份已成功重命名。",
        "restore": "恢复",
        "restoreBackupConfirmLabel": "恢复备份",
        "restoreBackupConfirmMsg": "您真的要恢复选定的备份吗？\n现有文件将被覆盖。",
        "restoreBackupErrorMsg": "还原所选备份文件时出错： ",
        "restoreBackupSuccessMsg": "网站已成功恢复。",
        "rootDirectory": "根目录",
        "selectedFileExistsMsg": "以下文件无法复制，因为它们已存在于所选目录中： ",
        "selectedFilenameInUseMsg": "所选文件名正在使用中。\n请使用不同的文件名。",
        "selectFile": "选择文件",
        "selectFileFromFileManager": "从文件管理器中选择一个文件",
        "uploadFiles": "上传文件"
    },
    "gdpr": {
        "addGroup": "添加组",
        "embedConsents": {
            "addRule": "添加规则",
            "groupButtonLabel": "按钮标签",
            "groupCookieGroup": "Cookie 组",
            "groupRule": "URL 包含",
            "groupRulePlaceholder": "youtube.com",
            "groupTextPlaceholder": "许可文本"
        },
        "groupDescriptionPlaceholder": "在此处输入 cookie 组描述",
        "groupID": "组 ID",
        "groupName": "组名称",
        "state": "状态"
    },
    "image": {
        "addImages": "添加图片",
        "align": "对齐",
        "centeredImage": "居中图像",
        "columns": "列：",
        "dropFeaturedImageOr": "将精选图像拖放到此处或",
        "dropToUploadPhotoOr": "拖放以上传您的照片或",
        "eightColumns": "8 列",
        "enterAltText": "输入替代文字",
        "enterCaption": "输入标题",
        "fiveColumns": "5 列",
        "fourColumns": "4 列",
        "fullWidth": "完整宽度",
        "fullWidthImage": "全宽图像",
        "image": "图片",
        "imageAlternativeText": "图像替代文本",
        "imageCaption": "图片说明",
        "images": "图片",
        "insertEditGallery": "插入/编辑相册",
        "layout": "布局",
        "loadingImage": "正在加载图片...",
        "none": "无",
        "oneColumn": "1 列",
        "pictures": "图片",
        "removeImage": "移除图片",
        "sevenColumns": "7 列",
        "sixColumns": "6 列",
        "threeColumns": "3 列",
        "twoColumns": "2 列",
        "uploading": "上传中",
        "wide": "宽",
        "wideImage": "宽幅图像",
        "yourGalleryIsEmpty": "你的相册是空的"
    },
    "langs": {
        "addLanguageSuccessMessage": "已添加语言",
        "deleteLanguage": "删除语言",
        "getMoreLanguages": "获取更多语言",
        "goToLanguagesManager": "转到语言管理器",
        "installLanguage": "安装语言",
        "isOutdated": "已过时",
        "isOutdatedTitle": "此语言支持最高 v.{supportedVersion} 的 Publii，而您正在使用 Publii v.{currentVersion} —— 请更新 Publii 以使用此语言。",
        "language": "语言：",
        "languageChangedMsg": "应用程序语言已更改",
        "languageChangeError": "发生语言更改错误 - 请重试。",
        "languageLoadingError": "加载应用语言时出错。\n将改为使用默认语言（英语）。\n请转到语言设置以选择其他语言。",
        "languages": "语言",
        "removeLanguageMessage": "确实要删除 {languageName} 语言吗？",
        "removeLanguageSuccessMessage": "所选语言已被删除",
        "updatedLanguageSuccessMessage": "所选语言已更新",
        "uploadLanguageErrorMessage": "安装过程中发生错误。\n请再试一次。"
    },
    "link": {
        "addDownloadAttr": "添加“下载”属性",
        "addLink": "添加链接",
        "addNofollow": "添加 rel=\"nofollow\"",
        "downloadAttribute": "属性'download'：",
        "insertEditLink": "插入/编辑链接",
        "linkInvalidMsg": "对不起！\n此链接似乎无效。",
        "linkRelAttribute": "链接“rel”属性",
        "linkTitleAttribute": "链接“title”属性",
        "openInNewTab": "在新标签页中打开",
        "previewLinkInBrowser": "在浏览器中预览此链接",
        "previewOnlyExternalLinksMsg": "您只能在文章编辑器中预览外部链接",
        "removeLink": "删除链接",
        "selectLinkType": "选择链接类型"
    },
    "menu": {
        "addMenuItem": "添加菜单项",
        "addNewMenu": "添加新菜单",
        "addNewMenuItem": "添加新菜单项",
        "addSubmenu": "添加子菜单",
        "addSubmenuItem": "添加子菜单项",
        "assignedMenu": "指定菜单",
        "classCSS": "CSS 类",
        "createNewMenu": "创建新菜单",
        "deleteThisMenuItem": "删除此菜单项",
        "duplicateThisMenuItem": "复制此菜单项",
        "editMenuItem": "编辑菜单项",
        "editMenuName": "编辑菜单名称",
        "editThisMenuItem": "编辑此菜单项",
        "externalLink": "外部链接",
        "externalURL": "外部网址",
        "hideThisMenuItem": "隐藏此菜单项",
        "insertActions": "插入所选项目：",
        "insertAfter": "after",
        "insertAsChild": "作为子菜单",
        "insertBefore": "before",
        "internalLink": "内部链接",
        "items": "项目",
        "label": "标签",
        "likedItemError": "链接的项目尚未呈现（空标签/作者页面）、不存在或已被删除",
        "likedItemIsADraft": "链接的项目是草稿",
        "menu": "菜单",
        "menuItemsRemoveMessage": "您真的要删除选定的菜单项吗？",
        "menuItemIsHidden": "此菜单项已隐藏",
        "menuNameCannotBeEmptyCreateNewMenuErrorMessage": "菜单名称字段不能为空。\n请输入菜单名称。",
        "menuNameCannotBeEmptyErrorMessage": "菜单名称字段不能为空。\n请输入新的菜单名称。",
        "menuNameExistsErrorMessage": "指定的菜单名称已存在。\n请使用其他名称。",
        "menuNameHasBeenEdited": "菜单名称已修改",
        "menuNameInUseErrorMessage": "指定的菜单名称正在使用中。\n请输入新的菜单名称。",
        "menusRemoveMessage": "您真的要删除选定的菜单吗？",
        "menusRemoveSuccessMessage": "选定的菜单已被删除",
        "moveItem": "移动",
        "newMenuCreated": "新菜单已创建",
        "noMenusAvailable": "没有可用的菜单",
        "noMenusCreateNewOne": "您还没有任何菜单。\n让我们创建第一个！",
        "noMenusMessage": "没有菜单项；\n通过上面的“添加菜单项”按钮创建新的。",
        "provideNameForNewMenu": "为您的新菜单命名：",
        "provideNewNameForMenu": "为所选菜单提供一个新名称：",
        "selectItemType": "选择项目类型",
        "selectLinkTarget": "选择链接目标",
        "showThisMenuItem": "显示此菜单项",
        "textSeparator": "文本分隔符",
        "type": "类型",
        "unassigned": "未分配",
        "unselectItem": "取消选择"
    },
    "menuPositionPopup": {
        "invalidValue": "无效值：输入的值不能为 0 并超过主题的默认最大限制。输入 -1 设为不受限。",
        "maxLevels": "最大值:",
        "themeDefaultValue": "主题默认值:",
        "title": "配置菜单位置",
        "usedBy": "其他菜单使用:"
    },
    "page": {
        "addNewPage": "添加新页面",
        "addPageTitle": "添加页面标题",
        "all": "所有",
        "closeHierarchy": "关闭编辑",
        "changePageDate": "更改页面日期",
        "cleanUrlsDisabled": " 在站点设置中激活'Pretty URLs'，以解锁编辑层次结构选项。这将允许您轻松地管理页面之间的父子关系。 ",
        "editHierarchy": "编辑层次结构",
        "configureThemeBeforeGeneratingPreview": "必须为这个网站选择和配置一个主题，然后才能生成这个页面的预览。",
        "currentDefaultTemplate": "当前默认模板",
        "customPageTypes": "自定义页面类型",
        "drafts": "草稿",
        "duplicate": "复制",
        "duplicatePageErrorMessage": "复制所选页面时发生错误。请再试一次。",
        "duplicatePageSuccessMessage": "所选页面已被复制",
        "editorBlock": "块编辑器",
        "editorBlockInfo": "一个现代和直观的编辑器，支持快捷键和标记，使写博客变得容易，无需担心HTML或其他代码元素。",
        "editorBlockNotSupportedEditPageInfo": "当前主题不支持此页面中使用的块编辑器。此页面在输出文件中可能会发生异常",
        "editorBlockNotSupportedNewPageInfo": "当前主题不支持此页面中使用的块编辑器。此页面在输出文件中可能会发生异常。",
        "editorBlockUse": "使用块编辑器",
        "editorMarkdown": "Markdown 编辑器",
        "editorMarkdownInfo": "这个编辑器支持Markdown语法，以便快速生成内容;非常适合广泛的，没有多余的项目，如文档。",
        "editorMarkdownUse": "使用Markdown编辑器",
        "editorWYSIWYG": "WYSIWYG 编辑器",
        "editorWYSIWYGInfo": "这个编辑器提供了一个熟悉的文字处理体验，为想要控制页面内容的各个方面的用户提供了额外的工具。",
        "editorWYSIWYGUse": "使用WYSIWYG编辑器",
        "editPageAnyway": "编辑页面",
        "filterOrSearchPages": "过滤或搜索页面…",
        "insertActions": "插入选中的页面",
        "insertAfter": "往后",
        "insertAsChild": "作为子页面",
        "insertBefore": "往前",
        "isHomepage": "主页",
        "markAsDraft": "标记为草稿",
        "markAsFeatured": "标记为特色",
        "markAsUnfeatured": "标记为非特色",
        "modificationDate": "修改日期",
        "moveItem": "移动",
        "moveToTrash": "移到回收站",
        "noPagesMatchingYourCriteria": "没有符合条件的页面。",
        "noParentPage": "没有父级",
        "openEditorAnyway": "打开编辑器",
        "page": "页面",
        "pageAuthor": "页面作者",
        "pageLink": "页面链接",
        "pageName": "页面名称:",
        "pages": "页面",
        "pageSettings": "页面设定",
        "pageSlug": "页面固定链接地址",
        "pageSlugLengthWarning": "长度超过250个字符的Slug可能导致在网站渲染过程中创建损坏的文件。",
        "pageSlugTooLong": "页面slug过长",
        "pageSlugUpdateButton": "更新",
        "pageState": "页面状态",
        "pageStatusChangeSuccessMessage": "选中的页面状态已变更",
        "pageTemplate": "页面模板",
        "parentPage": "父级页面",
        "publicationDate": "发布日期",
        "publish": "发布",
        "published": "已发布",
        "removePageMessage": "您确定要删除所选页面吗? 本次操作无法撤销！",
        "removePageSuccessMessage": "选中的页面已被删除",
        "selectPage": "选择页面",
        "setAsParent": "设为父级",
        "setAsSubpage": "设为子页面",
        "setCustomPageDate": "自定义发布时间",
        "status": "状态",
        "thisPageIsADraft": "这个页面是一个草稿",
        "title": "标题",
        "trashed": "垃圾",
        "unselectItem": "取消选择",
        "updatedOn": "更新",
        "url": "URL"
    },
    "plugins": {
        "addPluginSuccessMessage": "插件已添加",
        "deletePlugin": "删除插件",
        "getMorePlugins": "获取更多插件",
        "goToPluginsManager": "返回插件管理器",
        "installPlugin": "安装插件",
        "isIncompatible": "已过时",
        "isIncompatibleTitle": "此插件支持 v.{supportedVersion} 的 Publii，而您正在使用 Publii v.{currentVersion} - 请更新 Publii 以使用此插件。",
        "plugin": "插件：",
        "plugins": "插件",
        "removePluginMessage": "您真的要删除 {pluginName} 插件吗？",
        "removePluginSuccessMessage": "所选插件已被删除",
        "updatedPluginSuccessMessage": "所选插件已更新",
        "uploadPluginErrorMessage": "安装过程中发生错误。\n请再试一次。"
    },
    "post": {
        "addNewPost": "添加新文章",
        "addPostTitle": "添加文章标题",
        "all": "全部",
        "changePostDate": "更改发布日期",
        "characters": "字符",
        "configureThemeBeforeGeneratingPreview": "在生成这篇文章的预览之前，必须为此网站选择和配置一个主题。",
        "currentDefaultTemplate": "当前默认模板",
        "customPostTypes": "自定义文章类型",
        "drafts": "草稿",
        "duplicate": "复制",
        "duplicatePostErrorMessage": "复制所选文章时出错。\n请再试一次。",
        "duplicatePostSuccessMessage": "所选文章已重复",
        "editorBlock": "块编辑器",
        "editorBlockInfo": "一个现代且直观的编辑器，具有快捷键和Markdown支持，使博客变得容易，无需担心 HTML 或其他代码元素。",
        "editorBlockNotSupportedEditPostInfo": "当前主题不支持本文中使用的块编辑器。\n这篇文章可能会错误地呈现到输出文件中。",
        "editorBlockNotSupportedNewPostInfo": "当前主题不支持本文中使用的块编辑器。\n这篇文章可能会错误地呈现到输出文件中。",
        "editorBlockUse": "使用块编辑器",
        "editorMarkdown": "Markdown 编辑器",
        "editorMarkdownInfo": "该编辑器支持 Markdown 语法作为快速生成内容的简写；\n非常适合大量的、基本的项目，例如文档。",
        "editorMarkdownUse": "使用 Markdown 编辑器",
        "editorWYSIWYG": "所见即所得编辑器",
        "editorWYSIWYGInfo": "该编辑器提供了熟悉的文字处理体验，并为想要控制其页面内容的各个方面的用户提供了额外的工具。",
        "editorWYSIWYGUse": "使用所见即所得编辑器",
        "editPostAnyway": "仍然编辑文章",
        "excluded": "排除在外",
        "excludeFromHomepage": "从主页中排除",
        "featured": "精选",
        "filterOrSearchPosts": "过滤或搜索文章...",
        "hidden": "隐藏",
        "hidePost": "隐藏文章",
        "includeInHomepage": "包含在主页中",
        "markAsDraft": "标记为草稿",
        "markAsFeatured": "标记为精选",
        "markAsUnfeatured": "标记为未精选",
        "min": "min",
        "modificationDate": "修改日期",
        "moveToTrash": "移至回收站",
        "noPostsMatchingYourCriteria": "没有符合条件的文章。",
        "openEditorAnyway": "还是打开编辑器",
        "paragraphs": "段落",
        "post": "文章",
        "postAuthor": "文章作者",
        "postLink": "文章链接",
        "postName": "文章名称",
        "postPage": "发布页面",
        "posts": "文章",
        "postSettings": "文章设置",
        "postSlug": "文章别名",
        "postSlugLengthWarning": "超过 250 个字符的文章别名可能会导致在网站渲染中创建损坏的文件。",
        "postSlugTooLong": "文章 slug 太长了",
        "postSlugUpdateButton": "更新",
        "postState": "发布状态",
        "postStatusChangeSuccessMessage": "所选文章的状态已更改",
        "postTemplate": "文章模板",
        "postWillNotAppearOnHomepageListMsg": "文章不会出现在主页列表中",
        "postWillNotAppearOnListMsg": "文章不会出现在任何生成的文章列表中，例如标签或作者页面",
        "publicationDate": "发布日期",
        "publish": "发布",
        "published": "已发布",
        "readingTime": "阅读时长",
        "removePostMessage": "您真的要删除选定的文章吗？\n这不能被撤消。",
        "removePostSuccessMessage": "选定的文章已被删除",
        "selectPostPage": "选择文章页面",
        "sentences": "句子",
        "setCustomPostDate": "设置自定义发布日期",
        "status": "状态：",
        "thisPostIsADraft": "这篇文章是草稿",
        "thisPostIsExcludedFromHomepage": "这篇文章被排除在主页之外",
        "thisPostIsFeatured": "该文章已精选",
        "thisPostIsHidden": "此文章已隐藏",
        "title": "标题",
        "trashed": "已回收",
        "uniqueWords": "独特的词",
        "updatedOn": "更新于",
        "url": "网址",
        "words": "字"
    },
    "publii": {
        "aboutPublii": "关于Publii",
        "currentPubliiVersion": "版本",
        "accept": "接受",
        "copyright": "版权所有 2024 <a href=\"https://tidycustoms.net\" target=\"_blank\" rel=\"noopener noreferrer\">TidyCustoms</a>保留所有权利.<br>Publii 是由核心团队设计和维护的<a href=\"https://electronjs.org\" target=\"_blank\" rel=\"noopener noreferrer\">Electron</a> 开源项目和其他项目使其成为可能.中文包能帮到你我很高兴 By Dyxang ",
        "creditsIntro": "Publii 使用以下第三方开源软件：",
        "dataCollectionInfo": "我们不会在您使用 Publii 应用时<strong>收集任何</strong>个人数据；\n我们不会存储、跟踪或允许第三方收集有关您的个人身份信息。 ",
        "homepage": "主页",
        "license": "许可协议",
        "licensingInformation": "授权信息",
        "openSourceSoftware": "开源软件",
        "publiiLicenseAgreement": "Publii 许可协议。",
        "publiiLicenseAgreementInfo": "该软件在 GNU GPL 版本 3 下获得许可。<br>单击“接受”即表示您同意"
    },
    "rendering": {
        "errorDuringPreviewCreatingMsg": "创建预览时出错。",
        "rendering": "正在渲染...",
        "renderingErrorText": "网站渲染过程中出现错误。",
        "renderingPleaseWait": "渲染过程完成，请稍候。",
        "selectThemeBeforeCreatingPreviewMsg": "在尝试创建网站预览之前，您必须选择一个主题。\n请转到网站设置部分并选择一个主题。"
    },
    "repeater": {
        "addItem": "添加项目",
        "duplicateItem": "复制项目",
        "emptyState": "点击按钮添加第一个元素",
        "removeItem": "删除项目"
    },
    "settings": {
        "addGDPRCookieBanner": "添加 GDPR Cookie 横幅",
        "additionalValidElementsInWYSIWYGEditor": "所见即所得编辑器中的其他有效元素",
        "additionalValidElementsInWYSIWYGEditorInfo": "如果 WYSIWYG 编辑器自动从您的 HTML 代码中删除一些标签，您可以在此处将它们添加为允许的元素。<br> 例如：<strong>v-select[*],v-dropdown[*]</strong> 将允许\n具有任何属性的自定义 v-select 和 v-dropdown 标签。",
        "advancedOptions": "高级选项",
        "advancedPreviewDesc": "高级预览允许您在不打开浏览器的情况下呈现网站",
        "alwaysAddIndexHTMLInURLs": "始终在 URL 中添加 index.html",
        "alwaysSaveSearchState": "始终保存搜索状态",
        "anchorLink": "锚链接",
        "appSettings": "应用设置",
        "appSettingsSavedMsg": "应用设置已成功保存。",
        "appSettingsSaveErrorMsg": "保存应用程序设置时出错。\n请再试一次。",
        "appUIZoomLevel": "界面缩放比例",
        "appUIZoomLevelInfo": "调整界面缩放以提高您的可见性和舒适性，同时管理您的内容。 此选项允许您将用户界面缩放到您的首选大小 确保文本、图标和其他界面元素易于读取和检索。",
        "ascending": "升序",
        "authorPage": "作者页面",
        "authorPages": "作者页面",
        "authorPageTitleVariables": "在作者页面标题中可以使用以下变量：%authorname, %sitename。",
        "authorPrefix": "作者前缀：",
        "authorPrefixInfo": "定义出现在 URL 中作者 slug 之前的前缀，例如\n<strong>https://example.com/AUTHOR_PREFIX/author-slug</strong>。<br>",
        "authorPrefixInfoExtended": "定义URL中出现在作者号之前的前缀，例如: <strong>https://example.com/POSTS_PREFIX/AUTHORS_PREFIX/author-slug</strong>.<br>",
        "authorsPrefixAfterPostsPrefix": "将作者前缀放在文章前缀之后",
        "authorsPrefixCannotBeEmpty": "作者前缀不能为空.",
        "authorsPrefixCannotEqualTagsPrefix": "作者前缀不能与标签前缀相同。",
        "backupLocation": "备份位置",
        "backupLocationChangedConfirmMsg": "备份存储位置已更改。\n所有新备份都将存储在此目录中。\n如果您需要访问较早的备份，可以手动将它们移动到新目录。",
        "badge": "徽章",
        "badgeAndCustomLink": "徽章自定义链接",
        "badgeLabel": "徽章标签",
        "bannerPosition": "横幅位置",
        "basicSettings": "基本设置",
        "byIDAscending": "按 ID 升序",
        "byIDDescending": "按 ID 降序",
        "cannotAddIndexHTMLInURLsInfo": "如果您无法在服务器上打开文件夹时默认启用加载 index.html 文件，请启用此选项。",
        "cardTypes": "卡片类型",
        "changeSitesLocationWithoutCopyingFiles": "更改站点位置而不将现有站点移动到新目录",
        "closePostEditorOnSave": "保存时关闭文章编辑器",
        "codeEditor": "代码编辑器 (CodeMirror)",
        "colorTheme": "主题颜色",
        "content": "内容",
        "continueSync": "继续并同步",
        "continueSyncNoRemoteFiles": "Publii无法在服务器上找到远程文件列表。如果您将继续同步过程，所有生成的网站文件将被上传到您的服务器。您可以取消同步进程以检查问题的原因，然后再试一次。",
        "convertToWebp": "转换为WebP格式",
        "convertToWebpInfo": "如果您想要将所有 JPG、JPEG 和 PNG 图像转换为 WebP 格式，请启用此选项。 一旦启用，您的图像缩略图将需要重新生成。 注意，这个功能只有在您使用 Sharp 库生成缩略图时才能起作用。",
        "convertToWebpJimpWarning": "此选项不适用于当前使用的图像调整引擎Jimp，请在应用程序的设置中切换到Sharp。",
        "cookieGroups": "Cookie 组",
        "cookieBanner": "Cookie 横幅",
        "cookieBasic": "基础",
        "cookieBasicDescription": "此部分包含负责在您的网站上显示 cookie 横幅的设置，让访客知道网站是否使用 cookie 。",
        "cookieAdvanced": "高级设置",
        "cookieAdvancedDescription": "此部分包含显示高级的 cookie 设置的弹出模式的选项，这样访客可以管理特定组的 cookie 的许可。",
        "createXMLSitemap": "创建 XML 站点地图",
        "currentTheme": "当前主题：",
        "currentThemeHasOverrides": "似乎您覆盖了主题文件，并且您的自定义主题修改可能与更新版本不完全一致。更新主题需要检查和合并这些文件。单击“确定”继续更新并稍后解决任何潜在问题，或单击“取消”先检查您的自定义。",
        "customElementsInWYSIWYGEditor": "所见即所得编辑器中可用的自定义元素",
        "customElementsInWYSIWYGEditorInfo": "如果WYSIWYG编辑器自动从HTML代码中删除一些标记，您可以将它们作为自定义元素添加到这里。<br> 例如: <strong>v-select,v-dropdown</strong>",
        "customFeedTitle": "自定义 Feed 标题",
        "customLanguageCode": "自定义语言代码：",
        "darkMode": "深色模式",
        "defaultAuthorsOrdering": "默认作者排序：",
        "defaultOrderingOnLists": "默认列表排序：",
        "defaultPagesOrdering": "默认页面排序:",
        "defaultPostsOrdering": "默认文章排序:",
        "defaultTagsOrdering": "默认标签排序:",
        "descending": "降序",
        "disableAuthorsPagination": "禁用作者分页",
        "disableAuthorsPaginationIndexing": "禁用作者分页索引",
        "disableAuthorsPaginationIndexingInfo": "如果启用此选项，您的标签分页文件将从站点地图中排除，并将添加 <strong>noindex, follow</strong>robots meta 标签。",
        "disableAuthorsPaginationInfo": "如果启用此选项，您的作者分页将不会生成。",
        "disableHomepagePagination": "禁用主页分页",
        "disableHomepagePaginationInfo": "如果启用，主页分页将不生成。",
        "disableHomepagePaginationIndexing": "禁用主页分页索引",
        "disableTagsPagination": "禁用标签分页",
        "disableTagsPaginationIndexing": "禁用标签分页索引",
        "disableTagsPaginationIndexingInfo": "如果启用此选项，您的标签分页文件将从站点地图中排除，并将添加 <strong>noindex, follow</strong>robots meta 标签。",
        "disableTagsPaginationInfo": "如果启用此选项，您的标签分页将不会生成。",
        "displayEmptyAuthors": "显示不带文章的作者",
        "displayEmptyAuthorsInfo": "如果启用此选项，未分配文章的作者仍将创建其子页面并显示在作者列表中。",
        "displayEmptyTags": "显示不带文章的标签",
        "displayEmptyTagsInfo": "如果启用此选项，未分配文章的标签仍将创建其子页面并显示在标签列表中。",
        "dontIndexThisPage": "要求搜索引擎不要抓取整个网站。",
        "editorFontFamily": "Font family",
        "editorFontFamilySansSerif": "无衬线字体",
        "editorFontFamilySerif": "衬线",
        "editorFontSize": "字体大小 (px)",
        "editors": "Editors",
        "embedConsents": "嵌入内容许可",
        "embedConsentsDescription": "本节允许您阻止从可能设置cookie的第三方内容提供商加载到iFrame中的内容。通过提供iframe URL的域，例如<strong>youtube.com</strong>，填写所需的元素，如消息、接受按钮，并将其分配给现有的cookie组，iframe将被替换为占位符，通知访问者由于其同意设置而阻止了内容（即访问者未同意iframe在cookie横幅中使用的cookie类型）。",
        "embedVideos": "嵌入视频",
        "enableAdvancedPreview": "启用高级预览",
        "enableAutoIndent": "启用自动缩进",
        "enableCSSCompression": "启用 CSS 压缩",
        "enableHTMLCompression": "启用 HTML 压缩",
        "enableJSONFeed": "启用 JSON feed",
        "enableMediaLazyLoad": "启用媒体懒加载",
        "enableMediaLazyLoadInfo": "如果您想要使用本地懒加载的图像、视频和iframes，请启用此选项。",
        "enableResponsiveImages": "启用响应式图像",
        "enableResponsiveImagesInfo": "如果您想根据通过主题文件夹中的 config.json 文件定义的断点以不同的屏幕分辨率提供不同大小的图像，请启用此选项。",
        "enableRSSFeed": "启用 RSS feed",
        "enableSharingButtons": "启用分享按钮",
        "enableSpellchecker": "启用拼写检查器",
        "errorPage": "错误页面：",
        "errorPageFilenameCannotBeEmpty": "错误页面文件名不能为空。",
        "errorPageFilenameCannotEqualSearchPageFilename": "错误页面文件名不能与搜索页面文件名相同。，",
        "errorPageTitleVariables": "错误页面标题中可以使用以下变量：%sitename。",
        "excludedFiles": "排除的文件",
        "excludeFeaturedPosts": "排除精选文章",
        "excludeFilesFromSitemapInfo": "键入要从站点地图中排除的 HTML 文件或文件夹的逗号分隔列表。<br>例如：<strong>avoid-this-file.html,avoid-this-catalog-too</strong>。",
        "experimentalFeaturesWarning": "我们一直在寻找改进应用程序的方法。\n本节包含旨在扩展 Publii 功能的实验性功能。\n由于它们是实验性的，我们不能保证它们会正常工作；\n激活它们需要您自担风险。",
        "experimentalFeatureAppAutoBeautifySourceCode": "在所见即所得编辑器中自动美化源代码",
        "experimentalFeatureAppAutoBeautifySourceCodeDesc": "该功能可以在所见即所得编辑器中对源代码进行自动美化",
        "experimentalFeatureAppFtpAlt": "使用备选 FTP 库部署",
        "experimentalFeatureAppFtpAltDesc": "尝试这个，特别是如果您的主机使用IPv6作为服务器地址",
        "externalImages": "外部图像",
        "externalPage": "外部页面",
        "facebook": "Facebook",
        "facebookAppID": "脸书应用编号",
        "facebookAppIDInfo": "阅读如何获取 <a href=\"https://developers.facebook.com/docs/apps/\" target=\"_blank\" rel=\"noopener noreferrer\">Facebook App ID</a>。",
        "fallbackImage": "后备图片",
        "fallbackLogoImage": "后备 Logo 图片",
        "fallbackLogoImageInfo": "The logo must fit in a 60 &times; 600 pixel box.",
        "featuredPostsOrderBy": "精选文章按以下顺序排列：",
        "featuredPostsOrdering": "精选文章排序：",
        "feedsRelativeUrlsInfo": "若要查看 RSS/JSON Feed设置，请在服务器设置中禁用“使用相对URL”选项；否则不会为您的网站生成Feed。",
        "feedTitle": "Feed 标题：",
        "feedUpdatedDateType": "文章更新日期设置为：",
        "filesLocation": "文件位置",
        "footerText": "页脚文字",
        "frontpage": "首页",
        "frontpagePageCannotBeEmpty": "主页选项不能为空",
        "gConsentModeDefaultState": "默认状态",
        "gConsentModeEnabled": "启用谷歌同意模式",
        "gConsentMode": {
            "addGroup": "Add cookies group settings",
            "cookieGroup": "Cookies group",
            "description": "This section allows you to specify the default state of the Google Consent Mode and specify signals which will be sent when specific cookies group will be accepted by user. Use these options if you need compatibility with Google Consent Mode. If you are not using Google Analytics, Google Ads or similar tools, most probably you do not need to enable this feature.",
            "title": "Google Consent Mode"
        },
        "GDPR": "隐私设置",
        "gdprBannerPosition": {
            "centered": "居中对齐",
            "left": "左对齐",
            "right": "右对齐",
            "bar": "Bar"
        },
        "gdprAllowAdvancedConfiguration": "启用高级的 Cookie 配置",
        "gdprAdvancedConfigurationLinkLabel": "按钮标签高级设置",
        "gdprAdvancedConfigurationLinkPlaceholder": "管理偏好设定",
        "gdprAdvancedConfigurationAcceptButtonLabel": "接受按钮标签",
        "gdprAdvancedConfigurationRejectButtonLabel": "拒绝按钮标签",
        "gdprAdvancedConfigurationSaveButtonLabel": "保存按钮标签",
        "gdprAdvancedConfigurationTitle": "弹出标题",
        "gdprAdvancedConfigurationDescription": "弹出消息",
        "gdprAdvancedConfigurationPrivacyLink": "隐私政策链接",
        "gdprAdvancedConfigurationPrivacyLinkDescription": "在弹出消息中显示隐私策略页面的链接。 如果基本部分中的“显示隐私政策链接”选项被禁用，该链接也不会在弹出窗口中显示。",
        "gdprBehaviourInfo": "记住在你的网站导航或网站内容中放置一个带有上述锚的链接（例如<a href=“#cookie settings”>Cookie首选项</a>）。否则，您网站的用户可能无法更改其个人 cookie 首选项。",
        "gdprCookieSettingsRevision": "设置版本",
        "gdprCookieSettingsTTL": "在 X 天内保存访客同意设置",
        "gdprDebugMode": "启用调试模式",
        "gdprShowRejectButton": "显示拒绝按钮",
        "gdprRejectButtonLabel": "拒绝按钮标签",
        "gdprBannerTitle": "横幅标题",
        "gdprBannerMessage": "横幅消息",
        "generateOpenGraphTags": "生成 Open Graph 标签",
        "generateTwitterCards": "生成 Twitter 卡片",
        "googleAnalyticsTrackingID": "Google Analytics Tracking ID",
        "hiddenPostsOrderBy": "隐藏文章的顺序：",
        "hiddenPostsOrdering": "隐藏文章排序：",
        "hideCustomExcerptsOnPostPages": "在文章页面上隐藏自定义摘录",
        "hideCustomExcerptsOnPostPagesInfo": "如果启用此选项，您的文章页面将不会显示位于文章编辑器中“阅读更多”元素上方的文本。",
        "hideCustomExcerptsOnPagePages": "在页面上隐藏自定义摘要",
        "hideCustomExcerptsOnPagePagesInfo": "启用后，页面将不会显示编辑器中“Read more”元素上方的文本。",
        "homepageNoIndexPagination": "启用后，您的主页分页文件将被排除在站点地图之外，并将添加<strong>noindex, follow</strong> robots元标签。",
        "homepagePagination": "主页分页",
        "howToPrepareYourThemeForGDPRInfo": "启用 GDPR Cookie 弹出窗口需要对您的主题进行一些额外的更改，尤其是在您使用第三方脚本的情况下。 \n<a href=\"https://getpublii.com/dev/prepare-theme-gdpr-compliant/\" target=\"_blank\" rel=\"noopener noreferrer\">阅读如何为 GDPR 准备主题</a>。",
        "howYtNoCookiesWorks": "启用时，嵌入网址的YouTube域名例如“www.youtube.com”将自动更改为“www.youtube-nocookie.com”，防止嵌入式播放器个性化游客的YouTube浏览体验，并确保没有信息用于自定义显示给您站点外游客的广告。通过访问<a href=\"https://support.google.com/youtube/answer/171780?hl=en#zippy=%2Cturn-on-privacy-enhanced-mode\">YouTube 帮助页面</a>了解更多关于增强隐私模式的信息。",
        "howVimeoNoTrackWorks": "启用时，额外的 dnt=1 参数将被添加到Vimeo 嵌入的链接(player.vimeo.com/video)防止嵌入式播放器跟踪任何会话数据，包括所有 cookie 和分析。访问<a href=\"https://vimeo.zendesk.com/hc/en-us/articles/360001494447-Player-parameters-overview\">Vimeo 帮助页面</a>了解更多 Vimeo 播放器的参数。",
        "imageResizeEngineInfo": "Sharp 调整大小引擎比 Jimp 快得多，但可能会导致某些图像出现问题。\n如果您在创建或重新生成缩略图时遇到问题，请尝试切换到 Jimp 调整大小引擎。\n如果您希望使用 WebP 图像，则需要使用 Sharp 调整大小引擎。",
        "imagesResizeEngine": "图片大小调整引擎：",
        "imageResizeEngineWarning": "Jimp调整引擎和将图像转换为WebP格式的选项不能正常工作。确保你所有的网站都禁用了“网站速度/转换为WebP格式”，并确保重新生成缩略图以保持一致性。",
        "indentSize": "缩进大小（空格）",
        "internalPage": "内部页面",
        "leaveBlankForDefaultBackupsDir": "留空以使用默认备份目录",
        "leaveBlankForDefaultPreviewDirectory": "留空以使用默认预览目录",
        "leaveBlankToUseDefaultPageTitle": "留空以使用默认页面标题",
        "leaveBlankToUseDefaultSitesDir": "留空以使用默认站点目录",
        "lightMode": "浅色模式",
        "linkedIn": "领英",
        "linkLabel": "链接标签",
        "loadAtStart": "启动时载入",
        "metaDescription": "网站简介：",
        "metaRobots": "Meta Robots:",
        "noIndexForChatGPTBot": "阻止 GPTBot 机器人",
        "noIndexForChatGPTUser": "阻止 ChatGPT-User 机器人",
        "noIndexForChatGPTBotInfo": "启用后，将防止您的站点内容被GPTBot bot 索引(<a href=\"https://platform.openai.com/docs/gptbot\" target=\"_blank\">用于crawling</a>)。 请注意，只有不使用自己的 robots.txt 文件时它才会生效。",
        "noIndexForChatGPTUserInfo": "启用后，将防止您的站点内容被GPTBot bot 索引(<a href=\"https://platform.openai.com/docs/plugins/bot\" target=\"_blank\">用于ChatGPT插件</a>)。 请注意，只有不使用自己的 robots.txt 文件时它才会生效。",
        "noIndexForCommonCrawlBots": "阻止通用爬虫机器人",
        "noIndexForCommonCrawlBotsInfo": "启用后，将防止您的站点内容被通用机器人索引。 请注意，只有不使用自己的 robots.txt 文件时，它才会生效。",
        "noIndexWebsite": "无索引网站",
        "notSelected": "未选择",
        "numberOfPostsInFeed": "Feed 中的文章数",
        "openDevtoolsInMainW": "在主窗口中自动打开 DevTools",
        "openGraph": "Open Graph",
        "openLastUsedWebsite": "打开上次使用的网站",
        "openPopupWindowBy": "打开横幅由",
        "optionsForDevelopers": "开发人员的选项",
        "optionsForEditors": "编辑器选项",
        "optionsForExperimentalFeatures": "实验功能",
        "ordering": {
            "authorASC": "按作者（升序）",
            "authorDESC": "按作者（降序）",
            "createdASC": "按创建日期（升序）",
            "createdDESC": "按创建日期（降序）",
            "hierarchical": "分层",
            "idASC": "按 ID（升序）",
            "idDESC": "按 ID（降序）",
            "modifiedASC": "按修改日期（升序）",
            "modifiedDESC": "按修改日期（降序）",
            "nameASC": "按名称（升序）",
            "nameDESC": "按名称（降序）",
            "postsCounterASC": "按文章数（升序）",
            "postsCounterDESC": "按文章数（降序）",
            "titleASC": "按标题（升序）",
            "titleDESC": "按标题（降序）"
        },
        "pageAsFrontpage": "选择页面",
        "pageName": "页面名称",
        "pageTitle": "页面标题",
        "pageTitleVariables": "可以在页面标题中使用以下变量：%posttitle, %sitename, %authorname",
        "paginationPhrase": "分页短语：",
        "paginationPhraseCannotBeEmpty": "分页短语不能为空。",
        "paginationPhraseInfo": "定义 URL 中页码之前使用的短语，例如<strong>https://example.com/tags/tag-slug/page/2</strong>。<br>",
        "password": {
            "alwaysAskForPassword": "总是要求输入密码",
            "password": "密码",
            "passwordFieldCantBeEmpty": "密码字段不能为空。"
        },
        "pinterest": "Pinterest",
        "postCreationDate": "文章创建日期",
        "postID": "文章 ID",
        "postModificationDate": "最后修改日期",
        "postPageTitleVariables": "可以在文章页面标题中使用以下变量：%posttitle, %sitename, %authorname。",
        "postsListing": "Posts Listing",
        "postsIndex": "文章索引",
        "postsOrderBy": "文章顺序:",
        "postsOrdering": "文章排序:",
        "postPrefixInfo": "此处输入的前缀将添加到URL中的post段符之前。例如, https://example.com/POSTS_PREFIX/post-slug. 如果您将<a href=\"#\" data-internal-link=\"SEO\">页面设置为主页</a>并且需要post分页，则此选项是必要的。在本例中，post分页将在https://example.com/POSTS_PREFIX/page/X上可用。此外，标签将在https://example.com/POSTS_PREFIX/TAG_PREFIX/tag-slug下呈现。",
        "postsPrefix": "文章前缀",
        "postTile": "文章标题",
        "previewLocation": "预览位置",
        "previewLocationChangedConfirmMsg": "预览存储位置已更改。\n请注意，创建网站预览时，此文件夹中的现有文件将被删除。",
        "privacyPolicyLinkLabel": "隐私政策链接标签",
        "privacyPolicyPage": "选择页面",
        "privacyPolicyPageURL": "输入外部 URL",
        "privacyPolicyURL": "隐私政策链接源",
        "provideFacebookAppID": "请提供 <a href=\"https://developers.facebook.com/docs/apps/\" target=\"_blank\" rel=\"noopener noreferrer\">Facebook App ID</a>",
        "random": "随机",
        "readAboutOurRecommendedServerSettings": "想要了解更多关于推荐服务器配置的信息吗？请参考以下文档 <a href=\"https://getpublii.com/docs/recommended-server-settings.html\" target=\"_blank\">文章</a>。",
        "relatedPostsOptions": "相关文章选项",
        "relatedPostsOptionsInfo": "启用后，将从所有标签中获取相关文章。\n禁用后，将仅从与当前文章相同的标签生成相关文章。",
        "relatedPostsOrdering": "相关文章排序：",
        "relatedPostsSelectionMechanism": "相关文章选择机制：",
        "removeHTMLComments": "删除 HTML 注释",
        "responsiveImagesQuality": "响应式图像质量",
        "responsiveImagesAlphaQuality": "响应性图像 Alpha 质量(仅限WebP)",
        "RSSJSONFeed": "RSS/JSON Feed",
        "saveButtonLabel": "保存按钮标签",
        "saveSearchStateInfo": "启用后，即使在创建新文章时，Publii 也会保存当前的搜索结果，让您返回列表。\n默认情况下，Publii 仅在打开文章进行编辑时保存搜索结果。",
        "requiresRestartingApp": "需要重新启动 Publii 应用程序",
        "saveSettings": "保存设置",
        "searchPage": "搜索页面：",
        "searchPageFilenameCannotBeEmpty": "搜索页面文件名不能为空。",
        "searchPageTitleVariables": "在搜索页面标题中可以使用以下变量：%sitename。",
        "selectedDirInvalid": "所选目录不存在。",
        "selectPage": "选择页面",
        "showFeaturedImage": "显示精选图片",
        "showFeaturedImageInfo": "在 Feed 中显示文章的精选图片。",
        "showFullText": "显示全文",
        "showFullTextInFeedInfo": "在提要中显示文章的全文。",
        "showModificationDate": "显示修改日期",
        "showModificationDateAsColumn": "将修改日期显示为列",
        "showOnlyFeaturedPosts": "仅显示精选文章",
        "showPostTagsOnTheListing": "在列表中显示文章标签",
        "showPostSlugsOnTheListing": "在列表中显示文章别名",
        "showPrivacyPolicyLink": "显示隐私政策链接",
        "sitemap": "Sitemap",
        "sitemapLinkInfo": "您可以在此处找到 XML 站点地图：<a href=\"{sitemapLink}\" class=\"sitemap-external-link\" target=\"_blank\" rel=\"noopener noreferrer\">sitemap.xml</a>",
        "sitemapRelativeUrlsInfo": "若要查看站点地图设置，请在服务器设置中禁用“使用相对URL”选项；否则您的网站将不会生成网站地图。",
        "siteSettings": "网站设置",
        "siteSettingsSaveDuplicateNameErrorMessage": "提供的站点名称正在使用中。\n请尝试其他网站名称。",
        "siteSettingsSaveEmptyNameErrorMessage": "站点名称不能为空。\n请输入站点名称。",
        "siteSettingsSaveNoKeyringErrorMessage": "由于安全密码存储软件的问题，Publii 无法保存设置。\n重新启动应用程序并重试。\n如果问题仍然存在，请通过社区论坛向我们的团队报告。",
        "siteSettingsSaveNoKeyringErrorMessageLinux": "由于未安装安全密码存储软件，Publii 无法保存设置。\n通过 https://github.com/atom/node-keytar/ 按照 Node Keytar 的安装说明进行操作，然后重试。\n您的系统很可能缺少 libsecret-1-dev 和 gnome-keyring 软件包。",
        "siteSettingsSaveSiteNotExistsErrorMessage": "网站不存在。\n请重新启动应用程序。",
        "siteSettingsSaveSuccessMessage": "站点设置已成功保存。",
        "sitesLocation": "站点位置",
        "sitesLocationChangedConfirmMsg": "站点位置已更改。\n在您的站点文件移到那里之前，新目标文件夹中的现有文件将被删除；\n你要继续吗？",
        "spellcheckerDoesNotSupportLanguage": "拼写检查器不支持您选择的网站语言。\n我们建议禁用此功能。",
        "system": "系统",
        "systemColors": "使用系统配色方案",
        "tagPages": "标签页",
        "tagPageTitleVariables": "可以在标签页标题中使用以下变量：%tagname、%sitename。",
        "tagPrefix": "标签前缀：",
        "tagPrefixInfo": "此处输入的前缀将添加到 URL 中的标记段之前，例如\n<strong>https://example.com/TAG_PREFIX/tag-slug</strong><br>此前缀还用于生成标签列表页面（如果您的主题支持），例如\n<strong>https://example.com/TAG_PREFIX/index.html</strong>",
        "tagPrefixInfoExtended": "这里输入的前缀将添加到URL中的标签段之前，例如<strong>https://example.com/POSTS_PREFIX/TAGS_PREFIX/tag-slug</strong>。<br>这个前缀也用于生成标签列表页面(如果在您的主题中支持)，例如<strong>https://example.com/POSTS_PREFIX/TAGS_PREFIX/index.html</strong>。",
        "tagsListPage": "标签云页面",
        "tagsListPageTitleVariables": "可以使用以下变量:: %sitename.",
        "tagsPrefixAfterPostsPrefix": "将标签前缀放在文章前缀之后",
        "tagsPrefixCannotBeEmpty": "如果启用了pretty URLs，标签前缀不能为空。",
        "themeDoesNotHaveSupportedFeaturesList": "<p>当前主题的<strong>Config.json</strong>文件不包含<strong>supportedFeatures</strong>部分。请更新或修改您的主题，以包含有关当前使用的主题不支持的功能的准确消息。<a href=\"https://getpublii.com/dev/theme-supported-features\" target=\"_blank\" rel=\"noopener noreferrer\">阅读更多关于支持的功能</a>。",
        "themeDoesNotSupport404ErrorPage": "当前主题不支持404 错误页面。",
        "themeDoesNotSupportAuthorPages": "当前主题不支持作者页面",
        "themeDoesNotSupportErrorPages": "当前主题不支持错误页面",
        "themeDoesNotSupportSearchPages": "当前主题不支持搜索页面",
        "themeDoesNotSupportTagPages": "当前主题不支持标签页面",
        "themeDoesNotSupportTagsListPage": "你的主题不支持归档页面",
        "themeDoesNotSupportEmbedConsents": "您的主题不支持嵌入内容的协议。",
        "themePrimaryColor": "主题的主题色",
        "timeFormat": "时间格式:",
        "toViewSitemapEnableIndexingInfo": "要查看站点地图设置，请禁用SEO设置选项卡中的“要求搜索引擎不要索引此网站”选项;否则，站点地图将不会为您的网站生成。",
        "tumblr": "Tumblr",
        "twitter": "推特",
        "twitterCards": "Twitter Cards",
        "twitterUsername": "推特用户名",
        "twitterSummaryCard": "摘要卡",
        "twitterSummaryCardLargeImage": "带有大图的摘要卡",
        "urls": "URLs",
        "useAsTitlePageTitle": "用作标题页的标题",
        "useAsTitlePageTitleInfo": "启用此选项后，og:title 和 twitter:title 元标记将包含页面标题，而不是文章标题、标签名称或作者姓名。",
        "useGlobalConfiguration": "使用全局配置",
        "useOnlyTags": "仅使用标签",
        "useOnlyTitles": "仅使用标题",
        "usePageAsFrontpage": "将页面设置为主页",
        "usePageAsFrontpageNotice": "启用后，所选页面将成为您网站的主页，可通过您的主网址(根URL)访问。注意，让<a href=\"#\" data-internal-link=\"URLs\">Posts前缀</a>为空将禁用Posts分页。",
        "usePrettyURLs": "使用 pretty URLs",
        "usePrettyURLsInfo": "如果启用此选项，您的文章 URL 将不包含 .html 后缀，例如\n它会将 URL 从 <strong>https://example.com/post.html</strong> 更改为 <strong>https://example.com/post/</strong>。",
        "useSiteGlobalSettings": "使用全局站点设置",
        "useTitlesAndTags": "使用标题和标签",
        "useWideScrollbars": "使用更宽的滚动条",
        "versionParameter": "版本参数",
        "versionParameterInfo": "在 CSS/JS URL 中添加版本参数以跳过浏览器缓存。\n此选项可能会导致在部署期间同步比平常更多的文件。",
        "vimeoNoTrack": "为 Vimeo 视频开启“Do Not Track”模式",
        "webpLossless": "启用响应WebP图像的无损压缩",
        "websiteSpeed": "Website Speed",
        "whatsApp": "WhatsApp",
        "youMustReviewGdprSettings": "请务必检查和审查您的隐私设置，特别是由于 Publii v.0.40 中的一些重大更改Cookie Banner 设置。<a href=\"https://getpublii.com/blog/release-040.html#cookie-banner\" target=\"_blank\">阅读更多...</a>",
        "youMustSelectFrontpage": "你必须指定一个页面作为主页",
        "ytNoCookies": "为 YouTube 视频启用 Privacy-Enhanced 模式"
    },
    "site": {
        "addNewWebsite": "添加新网站",
        "cloneWebsite": "克隆网站",
        "cloneWebsiteSuccessMsg": "网站已被克隆。\n切换到： ",
        "createNewWebsite": "创建新网站",
        "createWebsite": "创建网站",
        "createYourFirstWebsite": "创建您的第一个网站",
        "creationInProgress": "正在创建...",
        "deleteWebsite": "删除网站",
        "deleteWebsiteConfirmMsg": "您真的要删除此网站吗？\n此操作无法撤消。",
        "deleteWebsiteCSuccessMsg": "网站已被删除。",
        "deleteWebsiteSuccessMsg": "网站已被删除。\n切换到： ",
        "duplicateWebsite": "复制网站",
        "erroOcurredDuringSiteDatabaseCreationInfo": "创建站点数据库期间发生错误。\n请检查您的杀毒软件，然后重试。\n您还可能需要从 Publii 站点目录中删除无效网站的文件夹。",
        "installFromBackup": "从备份安装",
        "removeWebsite": "删除网站",
        "restoreFromBackup": {
            "createWebsite": "创建网站",
            "invalidBackupContent": "上传的文件不是有效的备份。",
            "invalidSiteData": "上传的备份已损坏。",
            "iWantChangeName": "更改网站名称",
            "restoreFailed": "从备份创建网站时发生错误。请重试。",
            "selectSiteName": "请指定网站名称",
            "siteExistsWantOverride": "某些网站存在于所选目录名称中。 您想要继续并可能丢失所有以前的网站数据吗？ 来自备份的网站将用相同的名称覆盖现有网站。",
            "siteNameCannotBeEmpty": "网站名称不能为空",
            "unsupportedFormat": "不支持的格式 - 请使用 TAR 备份文件。",
            "unpackError": "解包备份时发生错误，请重试。",
            "yesPleaseOverride": "确认覆盖"
        },
        "selectedBackupFile": "选择的备份文件： ",
        "siteLoadingErrorMsg": "加载所选网站时出错。\n请检查网站文件并重试。",
        "siteName": "网站名称：",
        "siteSettingsSaveSuccessMsg": "站点设置已成功保存。",
        "siteWithThisNameExists": "已存在使用此名称的网站！",
        "specifyNameForWebsiteDuplicate": "请指定复制网站的新名称：",
        "websiteAuthorRequired": "作者姓名为必填项且应包含字母",
        "websiteName": "网站名称",
        "websiteNameAlreadyInUseMsg": "所选名称正在被另一个网站使用。\n请再试一次。",
        "websiteNameCantBeEmpty": "网站名称不能为空。\n请再试一次。",
        "websiteNameRequired": "必须提供网站名称",
        "websiteNotFound": "未找到网站"
    },
    "supportedFeatures": {
        "featureNames": {
            "authorImages": "作者精选图片",
            "authorPages": "作者子页",
            "blockEditor": "块编辑器",
            "customComments": "自定义评论",
            "customSearch": "自定义搜索",
            "errorPage": "错误子页",
            "searchPage": "搜索子页",
            "tagImages": "标签精选图像",
            "tagsList": "标签列表子页",
            "tagPages": "标签子页面"
        },
        "yourThemeDoNotSupport": "您当前的主题不支持所需功能： {featureName}"
    },
    "sync": {
        "accessID": "访问 ID",
        "accessIDFieldCantBeEmpty": "访问 ID 字段不能为空",
        "acl": "访问控制列表(ACL)",
        "afterInitialSyncSiteWillBeAvailableOnline": "初始同步后，您的网站将在线可用",
        "allFilesUploadedPart1": "所有文件都已成功上传到您的服务器。 ",
        "allFilesUploadedPart2": "单击下面的按钮访问您的网站。",
        "apiRateLimiting": "API 速率限制",
        "apiRateLimitingNote": "仅当您使用禁用 API 速率限制的 Github Enterprise 时才禁用此选项。\n否则禁用此选项可能会导致部署错误。",
        "apiServer": "API 服务器",
        "apiServerNote": "仅当您使用自己的 GitHub 实例（企业版）时才更改此值。 ",
        "authenticationMethod": "身份验证方法",
        "branch": "分支",
        "branchExampleGitNote": "示例: <strong>main</strong>, <strong>gh-pages</strong> 或 <strong>docs</strong>.",
        "branchExampleGitHubNote": "示例：<strong>gh-pages</strong>、<strong>docs</strong> 或 <strong>ma​​in</strong>。",
        "branchExampleGitLabeNote": "示例：<strong>docs</strong>、<strong>ma​​in</strong> 或 <strong>ma​​ster</strong>。",
        "branchFieldCantBeEmpty": "分支字段不能为空",
        "bucket": "Bucket",
        "bucketFieldCantBeEmpty": "Bucket field 不能为空",
        "certificates": "证书",
        "changeServerType": "更改服务器类型",
        "checkingConnection": "正在检查连接...",
        "clickToChangeDeploymentMethod": "点击更改当前使用的部署方式",
        "commitAuthor": "提交作者",
        "commitAuthorFieldCantBeEmpty": "提交作者字段不能为空",
        "commitEmail": "提交作者邮箱",
        "commitMessage": "提交信息",
        "commitMessageFieldCantBeEmpty": "提交信息字段不能为空",
        "configureServer": "配置服务器",
        "connectedToServer": "连接到服务器",
        "connectingToServer": "正在连接服务器...",
        "connectionToServerErrorAdditionalMessage": "连接服务器时出错： ",
        "connectionToServerErrorMessage": "连接到服务器时出错。\n请检查您的服务器设置或重试。",
        "connectionToServerErrorText": "连接服务器时出错...",
        "connectToServerCantStoreFilesErrorMsg": "错误！\n应用程序能够与您的服务器连接，但无法存储文件。\n请检查您服务器上的文件权限",
        "connectToServerErrorMsg": "错误！\n应用程序无法连接到您的服务器。",
        "connectToServerSuccessMsg": "成功！\n该应用程序能够连接到您的服务器。",
        "deploymentMethodFilesPubliiMsg": "所选的部署方法使用<strong>files.publici.Json </strong>文件用于同步。如果需要，请在服务器配置中考虑对该文件进行访问保护- <a href=\"https://getpublii.com/docs/recommended-server-settings.html#sync-file\" target=\"_blank\">阅读更多</a>",
        "deploymentMethodFtpMsg": "FTP协议使用未加密传输，这意味着通过它发送的任何数据，包括您的用户名和密码，都可以被任何可能拦截您传输的人读取。我们强烈建议尽可能使用FTPS或SFTP协议。",
        "deploymentMethodGitMsg": "有关如何使用Git配置网站的详细信息，请查看Publii的在线<a href=\"https://getpublii.com/docs/host-static-website-git-repository.html\" target=\"_blank\" rel=\"noopener noreferrer\">文档</a>。",
        "deploymentMethodGithubPagesMsg": "有关如何使用 Github Pages 配置网站的详细信息，请查看 Publii 的在线 <a href=\"https://getpublii.com/docs/host-static-website-github-pages.html\" target=\"_blank\" rel= \n\"noopener noreferrer\">文档</a>。",
        "deploymentMethodGitNote": "请记住，如果您正在使用自定义域名，您必须将CNAME文件置于根文件管理器下",
        "deploymentMethodGithubPagesNote": "这将是您的 Github 存储库路径，应使用以下格式：<strong>YOUR_USERNAME.github.io/YOUR_REPOSITORY_NAME</strong>。<br>如果您使用自定义域名，请将此字段设置为自定义域名。",
        "deploymentMethodGitlabPagesMsg": "有关如何使用GitLab Pages配置网站的详细信息，请查看Publii的在线<a href=\"https://getpublii.com/docs/host-static-website-gitlab-pages.html\" target=\"_blank\" rel=\"noopener noreferrer\">文档</a>。",
        "deploymentMethodGoogleCloudMsg": "有关如何使用Google Cloud配置网站的详细信息，请查看Publii的在线<a href=\"https://getpublii.com/docs/make-static-website-google-cloud.html\" target=\"_blank\" rel=\"noopener noreferrer\">文档</a>。",
        "deploymentMethodNetlifyMsg": "有关如何使用Netlify配置网站的详细信息，请查看Publii的在线<a href=\"https://getpublii.com/docs/build-a-static-website-with-netlify.html\" target=\"_blank\" rel=\"noopener noreferrer\">文档</a>。",
        "deploymentMethodS3Msg": "有关如何使用S3配置网站的详细信息，请查看Publii的在线<a href=\"https://getpublii.com/docs/setup-static-website-hosting-amazon-s3.html\" target=\"_blank\" rel=\"noopener noreferrer\">文档</a>。",
        "deploymentSettingDatHyperIpfsProtocolNote": " \"dat://\", \"hyper://\", \"dweb://\" 和\"ipfs://\" 协议只有在您计划在P2P网络上使用您的网站时才有用。阅读更多关于<a href=\"https://datproject.org/\" target=\"_blank\" rel=\"noopener noreferrer\">dat://</a>, <a href=\"https://hypercore-protocol.org/\" target=\"_blank\" rel=\"noopener noreferrer\">hyper://</a>, <a href=\"https://dwebx.org/\" target=\"_blank\" rel=\"noopener noreferrer\">dweb://</a> 和 <a href=\"https://ipfs.io/\" target=\"_blank\" rel=\"noopener noreferrer\">IPFS</a>",
        "deploymentSettingDoubleSlashProtocolNote": "Note: while using \"//\" 作为协议，一些功能，如开放图形标签，共享按钮等将无法正常工作。",
        "deploymentSettingFileProtocolNote": "The \"file://\" 协议只有在内网网站使用手动部署方法时才有用。",
        "deploymentSettingRelativeUrlsNote": "当使用相对url时，像Open Graph tags, sitemaps, RSS feeds, JSON feeds等功能将被禁用。",
        "deprecated": "已废弃",
        "destinationServerNotConfiguredErrorMessage": "由于目标服务器未正确配置，您的网站当前无法同步。 \n<br>检查您的服务器设置以确保输入了正确的信息。",
        "destinationServerNotConfiguredErrorText": "确保目标服务器配置正确。",
        "domainNameNotSetErrorMessage": "您的网站目前无法同步，因为设置似乎缺少域名。 \n<br>检查您的服务器设置以确保已输入域名。",
        "domainNameNotSetErrorText": "确保域名已设置。",
        "duringSyncYouCantChangeFilesLocation": "在同步过程中不能更改文件位置。",
        "fieldIsCaseSensitive": "此字段区分大小写。",
        "filesNotSyncedErrorMessage": "请使用工具 -&gt; 日志浏览工具.检查 hard-upload-errors-log.txt 文件。",
        "filesNotSyncedErrorText": "某些文件未正确同步。",
        "ftp": "FTP",
        "ftps": "FTPS",
        "ftpWithSSLTLS": "使用 SSL/TLS 的 FTP",
        "generatePreviewFiles": "生成预览文件",
        "getWebsiteFiles": "获取网站文件",
        "git": "Git",
        "github": "GitHub",
        "githubPages": "GitHub Pages",
        "githubSyncedPart1": "完成部署后几分钟内可能暂时看不到 Github 页面上的更改，",
        "githubSyncedPart2": "所以请耐心等待。",
        "gitlabPages": "Gitlab Pages",
        "gitlabSyncedPart1": "完成部署后几分钟内可能看不到 Gitlab 页面上的更改，",
        "gitlabSyncedPart2": "所以请耐心等待。",
        "gitPassword": "密码 / 令牌",
        "gitPasswordNote": "如果您使用2FA来保护您的帐户，而不是密码，您必须使用先前生成的访问令牌",
        "googleCloud": "Google Cloud",
        "googleCloudPrefixNote": "您的网站可能位于子目录中。\n请避免在前缀名称（即 <strong>/blog/</strong>）的开头使用斜杠 - 因为它会创建一个空名称的附加目录。\n正确的前缀示例：<strong>blog</strong>。",
        "goToAppSettings": "转到应用设置",
        "goToSettings": "转到设置",
        "keyFile": "密钥文件",
        "lastRendered": "上次渲染",
        "lastSync": "上次同步",
        "leaveBlankToUseDefaultOutputDirectory": "留空以使用默认输出目录",
        "manualDeployment": "手动部署",
        "manualOutputFieldCantBeEmpty": "手动输出选择不能为空",
        "ManualUpload": "手动上传",
        "netlify": "Netlify",
        "netlifyToken": "Netlify 令牌",
        "nonCompressedCatalog": "非压缩目录",
        "note": "笔记：",
        "operationsDone": "操作完成",
        "outputDirectory": "输出目录",
        "outputDirectoryNote": "Publii 将在所选目录中创建目录/文件 {siteName}-文件。\n如果存在 - 它将被新文件替换。",
        "outputType": "输出类型",
        "outputTypeNote": "Publii 将生成您网站的目录或 ZIP/TAR 存档。\n然后您可以手动将这些文件上传到任何目标服务器。",
        "parallelUploads": "并行上传",
        "parallelUploadsNote": "由于 API 速率限制，更多并行操作可能会导致慢速网络上的上传错误或遇到错误 403。",
        "passphraseForKey": "密钥密码",
        "passphraseForKeyNote": "仅当您的密钥需要密码时才使用此字段",
        "port": "端口",
        "portFormatNote": "端口字段不能为空，必须是 1 到 65535 之间的正整数。",
        "prefix": "前缀",
        "preparationError": "准备错误",
        "preparedToUpload": "准备上传",
        "preparingFiles": "准备文件",
        "previewCatalogDoesNotExistInfo": "预览目录不存在。\n请先进入应用设置并选择正确的预览目录。",
        "previewChanges": "预览您的更改",
        "provideAccessData": "提供访问数据",
        "provideFTPPasswordFor": "请提供 FTP 密码 ",
        "provideFTPPasswordForServer": "请提供以下服务器的 FTP 密码： ",
        "region": "地区",
        "regionFieldCantBeEmpty": "地区选择不能为空",
        "remotePath": "远程路径",
        "remotePathMatchServerOrRootPathNote": "路径应与您的服务器路径匹配，例如 public_html/, public_html/blog/ 或根路径，例如 /home/username/public_html/。",
        "remotePathMatchServerRootPathNote": "路径应与您的服务器根路径匹配，例如 /public_html/, /public_html/blog/。",
        "repository": "Repository",
        "repositoryFieldCantBeEmpty": "Repository 字段不能为空",
        "repositoryUrl": "存储库 URL",
        "repositoryUrlFieldCantBeEmpty": "存储库 URL 不能为空",
        "repositoryUrlNote": "用于存储您网站文件的 Git 仓库的 URL",
        "requireCertificateForConnection": "需要有效的连接证书",
        "requireFTPPassAlwaysOnSync": "每次同步站点时都需要 FTP 密码",
        "s3CompatibleStorage": "S3 compatible storage",
        "s3PrefixNote": "您的网站可能位于子目录中。\n请避免在前缀名称（即 <strong>/blog/</strong>）的开头使用斜杠 - 因为它会创建一个空名称的附加目录。\n正确的前缀示例：<strong>blog/</strong>。",
        "s3ProviderEndpoint": "S3 Provider endpoint",
        "s3ProviderEndpointNote": "当“使用自定义 S3 provider”设置为 true 时，自定义endpoint不能为空",
        "secretKey": "密钥",
        "secretKeyFieldCantBeEmpty": "密钥字段不能为空",
        "selectServerType": "选择服务器类型：",
        "serverFieldCantBeEmpty": "服务器字段不能为空。",
        "serverGitLabNote": "仅当您使用自己的 GitLab 实例时才更改此值。",
        "serverSettingsSaveErrorMsg": "由于安全密码存储软件的问题，Publii 无法保存设置。重新启动应用程序并重试。如果问题仍然存在，请通过社区论坛向我们的团队报告。",
        "serverSettingsSaveLinuxErrorMsg": "由于未安装安全密码存储软件，Publii 无法保存设置。\n通过 https://github.com/atom/node-keytar/ 按照 Node Keytar 的安装说明进行操作，然后重试。\n您的系统很可能缺少 libsecret-1-dev 和 gnome-keyring 软件包。",
        "serverSettingsSaveSuccessMsg": "服务器设置已成功保存。",
        "settings": "设置",
        "sftp": "SFTP",
        "sftpKeyNote": "请选择密钥文件",
        "sftpWithKey": "SFTP（带密钥）",
        "sftpWithPassword": "SFTP（带密码）",
        "siteFieldCantBeEmpty": "站点 ID 字段不能为空",
        "siteID": "站点 ID",
        "siteIsInSync": "站点正在同步",
        "syncFTPNoPasswordMsg": "如果没有密码，您的网站将无法同步。\n请再试一次",
        "syncInProgress": "同步进行中",
        "syncInProgressMessage": "在同步过程中，您不能更改站点名称。",
        "syncYourWebsite": "同步您的网站",
        "tarArchive": "TAR 存档",
        "testConnection": "测试连接",
        "testConnectionNoPasswordMsg": "没有密码就无法测试连接。\n请再试一次",
        "token": "令牌",
        "tokenFieldCantBeEmpty": "令牌字段不能为空",
        "uploadingWebsite": "上传网站",
        "useCustomS3Provider": "使用自定义 S3 提供程序",
        "useCustomS3ProviderNote": "注意：AWS 是默认的 S3 提供商。\n使用替代提供者时，您需要填写“S3 提供者端点”字段。",
        "useFtps": "使用带有 SSL/TLS 的 FTP",
        "useRelativeURLs": "使用相对 URL",
        "username": "用户名",
        "usernameFieldCantBeEmpty": "用户名字段不能为空。",
        "usernameOrganization": "用户名/组织",
        "visitWebsite": "访问网站",
        "visitYourWebsite": "访问您的网站",
        "websiteFilesPreparedInfo": "您的网站文件已准备好。\n使用<br>下方的“获取网站文件”按钮获取您的文件，以便手动部署它们。",
        "websiteLinkInvalidMsg": "对不起！\n网站链接似乎无效。",
        "websiteSynchronization": "网站同步",
        "websiteSynchronizationInfo": "与 Publii 生成的文件匹配的目标位置 <br>中已存在的任何重复文件或文件名都将被覆盖。",
        "websiteURL": "网址",
        "youHaventSelectedAnyThemeInfo": "您尚未选择任何主题。\n请先进入设置并选择主题。",
        "yourJSONKey": "您的 JSON 密钥",
        "yourJSONKeyFieldCantBeEmpty": "JSON 密钥文件选择不能为空",
        "yourPrivateKey": "你的私钥",
        "yourWebsiteIsInSync": "您的网站现已同步",
        "zipArchive": "ZIP 存档"
    },
    "tag": {
        "addNewTag": "添加新标签",
        "addThisAsNewTag": "将此添加为新标签",
        "createFirstTag": "您还没有任何标签。\n让我们创造第一个！",
        "editTag": "编辑标签",
        "filterOrSearchTags": "过滤或搜索标签...",
        "hideTag": "隐藏标签",
        "leaveBlankToUseDefaultTagPageURL": "留空以使用默认标签页 URL",
        "mainTag": "主要标签",
        "newTagHasBeenCreated": "新标签已创建",
        "noMainTagForPostMsg": "如果文章有标签但未设置主标签，则默认使用按字母顺序排列的第一个标签。",
        "noSupportFoFeaturedImagesForTags": "您的主题不支持标签的精选图片。",
        "noTagsAvailable": "没有可用的标签",
        "noTagsMatchingYourCriteria": "没有符合您条件的标签。",
        "removeTagMessage": "您真的要删除选定的标签吗？",
        "removeTagSuccessMessage": "选定的标签已被删除",
        "themeDoesNotSupportForTagPagesInTheme": "“保存与预览”选项不可用，因为您的主题不支持标签页。",
        "selectTag": "选择标签",
        "selectTagPage": "选择标签页面",
        "tag": "标签",
        "tagDataParsingErrorMessage": "解析 ID 的标签数据时出错： ",
        "tagHasBeenEdited": "标签已编辑",
        "tagIsNotAllowed": "不允许使用此标签",
        "tagLink": "标签链接",
        "tagName": "标签名称：",
        "tagNameCannotBeEmptyErrorMessage": "标签名称不能为空。\n请输入标签名称。",
        "tagNameInUseErrorMessage": "提供的标签名称正在使用中。\n请尝试其他标签名称。",
        "tagNameNotAllowedErrorMessage": "不允许选择的标签名称/别名。",
        "tagNameSimilarInUseErrorMessage": "提供的标签名称正在使用中；\n标签名称不区分大小写。\n请尝试其他标签名称。",
        "tagPage": "标签页",
        "tagsListLink": "标签列表链接",
        "tagStatusChangeSuccessMessage": "所选标签的状态已更改",
        "tagWillNotAppearInGeneratedTagLists": "标签不会出现在任何生成的标签列表中，例如文章或标签页。",
        "thisTagIsHidden": "此标签已隐藏",
        "toUseThisOptionEnableIndexingTagPages": "要使用此选项，请首先在 SEO 设置中启用标签页索引。"
    },
    "theme": {
        "addThemeSuccessMessage": "主题已成功添加。",
        "authorOptions": "作者选项",
        "authorOptionsInfo": "作者选项部分允许您为作者中应该包含的额外信息设置全局选项。在此部分中所做的更改将影响站点上的所有作者，但如果有必要，您也可以在作者编辑屏幕上覆盖每个作者的主题设置。",
        "authorsPostsPerPage": "作者每页的文章：",
        "authorsPostsPerPageInfo": "如果您需要在页面上显示所有作者的文章，请使用 -1 作为值。",
        "changeAppTheme": "更改应用程序主题",
        "customSettings": "自定义设置",
        "defaultPageTemplate": "默认页面模板",
        "defaultPostTemplate": "默认文章模板",
        "defaultTemplate": "默认模板",
        "deleteTheme": "删除主题",
        "dropYourThemeHere": "把你的主题放在这里",
        "excerptLength": "摘录长度：",
        "getMoreThemes": "获取更多主题",
        "goToThemesManager": "转到主题管理器",
        "installTheme": "安装主题",
        "leaveBlankToUseDefault": "留空以使用默认值",
        "pageOptions": "页面发布选项",
        "pageOptionsInfo": "页面选项部分允许您为页面中应该包含的额外信息设置全局选项。在此部分所做的更改将影响您网站上的所有页面，但如果有必要，您也可以在页面编辑屏幕上覆盖每个单独页面的应用程序设置。",
        "postOptions": "文章发布选项",
        "postOptionsInfo": "文章发布选项部分允许您为文章中应该包含的额外信息设置全局选项。在此部分所做的更改将影响您网站上的所有帖子，但如果有必要，您也可以在帖子编辑屏幕上覆盖每个帖子的应用程序设置。",
        "postsPerPage": "每页文章:",
        "postsPerPageInfo": "如果需要在页面上显示所有帖子，则使用-1作为值。",
        "removeThemeMessage": "您真的要删除{themeName}主题吗?",
        "removeThemeSuccessMessage": "主题已成功移除",
        "resetThemeSettings": "重置主题设置",
        "saveSettingsSuccessMessage": "已成功保存主题设置",
        "selectTheme": "选择主题",
        "settingsResetMessage": "您真的要重置主题设置吗？",
        "settingsResetSuccessMessage": "主题设置已重置。",
        "tagOptions": "标签选项",
        "tagOptionsInfo": "标签选项部分允许您设置标记中应该包含哪些额外信息的全局选项。在本节中所做的更改将影响您网站上的所有标签，但如果有必要，您也可以在标签编辑屏幕上覆盖每个单独标签的主题设置。",
        "tagsPostsPerPage": "每页标签文章：",
        "tagsPostsPerPageInfo": "如果您需要在页面上显示所有标签文章，请使用 -1 作为值。",
        "themes": "主题",
        "themeSettings": "主题设置",
        "translations": "翻译",
        "translationsInfo": "如果您需要将主题短语翻译成英语以外的语言 —— 请查看我们针对 <a href=\"https://getpublii.com/dev/translations-api/\" target=\"_blank\" rel=\"noopener noreferrer\" >翻译 API</a>的文档<br><br>",
        "updateThemeSuccessMessage": "主题已成功更新。",
        "uploadThemeErrorMessage": "上传的文件不正确。\n请上传主题目录或主题 ZIP 文件。",
        "websiteLogo": "网站标志："
    },
    "tools": {
        "css": {
            "customCSS": "自定义 CSS",
            "customCSSSaveSuccessMsg": "自定义 CSS 已成功保存。",
            "normal": "普通的",
            "putCustomCSSComment": "将您的自定义 CSS 代码放在这里"
        },
        "customHTML": "自定义 HTML",
        "find": "寻找：",
        "findAndReplace": "查找和替换：",
        "findAndReplaceShortcut": "Ctrl Alt F",
        "findAndReplaceShortcutMac": "Cmd Alt F",
        "findShortcut": "Ctrl F",
        "findShortcutMac": "命令 F",
        "goToTools": "转到工具",
        "logFileEmpty": "日志文件为空...",
        "logViewer": "日志查看器",
        "pluginActivationError": "无法激活插件 - 请重试",
        "pluginDeactivationError": "无法停用插件 - 请重试",
        "selectFileToLoad": "选择要加载的文件",
        "thumbnails": {
            "listRegeneratedFiles": "重新生成的文件列表：",
            "processingRegenerateThumbnailsInfo": "按重新生成缩略图按钮将开始生成新主题定义的新图像大小。",
            "progress": "进步：",
            "regenerateThumbnails": "重新生成缩略图",
            "regenerateThumbnailsInfo": "如果您更改了主题或响应式图像有问题，您可以使用下面的按钮重新生成它们。\n如果您的网站有大量图片，这可能需要一段时间，所以请耐心等待。",
            "regenerateThumbnailsNotNecessaryInfo": "目前您没有为该网站选择的主题。\n不需要重新生成缩略图。",
            "regeneratingThumbnails": "正在重新生成缩略图...",
            "skipRegeneration": "跳过再生",
            "themeOrThumbnailsSettingsChanged": "您的主题或缩略图设置已更改。",
            "thumbnailsCreated": "所有缩略图都已创建。",
            "thumbnailsRegenerationCancelled": "缩略图再生已取消。"
        },
        "wpImport": {
            "addTagsToContentAutomatically": "自动将 <p> 和 <br> 标签添加到文章内容",
            "categories": "类别",
            "checkingWXRFile": "检查选定的 WXR 文件",
            "contentFormatting": "内容格式：",
            "duringWXRAnalyzeWeHaveFound": "在 WXR 分析中，我们发现",
            "importAuthors": "导入作者",
            "importData": "导入数据",
            "importingData": "导入数据",
            "importNote": "文章将以与所见即所得编辑器兼容的格式导入。",
            "importSelectedTypesOfPosts": "导入选定的文章类型：",
            "pages": "页面",
            "postAuthors": "文章作者",
            "selectWXRFileLabel": "请选择 WXR 文件：",
            "selectWXRFilePlaceholder": "选择要导入的 WXR 文件",
            "usedTaxonomyForPosts": "文章使用的分类法：",
            "useMainAuthor": "使用来自 Publii 的主要作者",
            "wpImporter": "WP 导入器",
            "wpImportGoToRegenerateMsg": "您的 WordPress 数据已导入。\n如果您已经选择了主题，则可能需要重新生成缩略图。"
        }
    },
    "toolsPlugin": {
        "pluginSettingsLoadError": "加载插件设置时出错",
        "pluginSettingsSaveSuccess": "插件设置保存成功",
        "pluginSettingsSaveError": "保存插件设置时出错",
        "tabsLabel": "插件设置",
        "thisPluginHasNoOptions": "这个插件没有额外的选项..."
    },
    "ui": {
        "aboutPublii": "关于 Publii",
        "alternativeText": "替代文字",
        "appConfiguration": "应用程序配置",
        "applyChanges": "应用更改",
        "authors": "作者",
        "backToTools": "返回工具",
        "backToPages": "页面",
        "backToPosts": "文章",
        "basicInformation": "基本信息",
        "beautifyCode": "代码美化",
        "blogIndexLink": "文章链接",
        "cancel": "徐骁",
        "cancelWarningMsg": "你将丢失所有未保存的更改-你要继续吗?",
        "canonicalURL": "Canonical URL",
        "caption": "标题",
        "checkDocumentation": "检查 Publii 文档",
        "close": "关闭",
        "copyToClipboard": "复制到剪贴板",
        "credits": "Credits",
        "customLink": "自定义链接",
        "customTemplate": "自定义模板",
        "delete": "删除",
        "description": "描述",
        "donate": "捐赠",
        "edit": "编辑",
        "enablePrettyURLs": "启用pretty URLs",
        "featuredImage": "精选图片",
        "fillAllRequiredFields": "请填写所有必填字段",
        "frontpageLink": "首页链接",
        "gdprBreakingChangesConfirmMsg": "我们已经对隐私设置(原为 GDPR)部分作了重大更改。我们建议您检查您的设置并再次保存。",
        "githubRepository": "Github 仓库",
        "goBack": "返回",
        "goToPluginCustomOptions": "隐藏额外选项",
        "goToPluginStandardOptions": "显示额外选项",
        "goToSettings": "前往隐私设置",
        "help": "帮助",
        "hide": "隐藏",
        "hideThisNotification": "隐藏此通知",
        "id": "ID",
        "ifCanonicalUrlIsSetMetaRobotsTagIsIgnored": "如果启用了 canonical URL，则 meta robots 标签将被忽略。",
        "indexFollow": "index, follow",
        "indexNofollow": "index, nofollow",
        "indexFollowNoArchive": "index, follow, noarchive",
        "indexNofollowNoArchive": "index, nofollow, noarchive",
        "iUnderstand": "好的，我明白了",
        "lastModified": "最后修改",
        "learnMore": "学习更多",
        "leaveBlankToUseDefaultPageTitle": "留空以使用默认页面标题",
        "linkTarget": "目标链接",
        "loading": "加载中...",
        "menus": "菜单",
        "metaDescription": "Meta 描述",
        "metaRobotsIndex": "Meta robots index",
        "minimize": "最小化",
        "more": "更多",
        "moreInformationOnPublii": "有关 Publii 的更多信息",
        "moreItems": "更多项目",
        "name": "Name",
        "newWindow": "新窗口",
        "noindexFollow": "noindex, follow",
        "noindexNofollow": "noindex, nofollow",
        "none": "None",
        "notAvailableInYourTheme": "在您的主题中不可用",
        "notSet": "未设置",
        "of": "of",
        "ok": "确定",
        "otherOptions": "其他选项",
        "pages": "页面",
        "pagesSupportNotEnabledMessage": "您当前的主题不支持页面。请选择具有内置页面支持的主题或更新现有主题以包含此功能。在您的主题中实现页面支持的详细信息可以通过点击下面的“了解更多”按钮找到。",
        "pageTitle": "页面标题",
        "pleaseFillAllRequiredFields": "请填写所有必填字段",
        "posts": "文章",
        "preview": "预览",
        "previewFrontPageOnly": "仅预览首页",
        "previewFullWebsite": "预览整个网站",
        "publiiOnGithub": "在 Github 上查看 Publii",
        "publishAndClose": "发布并关闭",
        "publishPost": "发布文章",
        "reloadFile": "重新加载文件",
        "renderFrontPageOnly": "仅渲染首页",
        "renderFullWebsite": "渲染完整的网站",
        "reportBugInSupportDesk": "通过我们的论坛报告错误",
        "reportIssue": "报告问题",
        "sameWindow": "本窗口",
        "save": "保存",
        "saveAndClose": "保存并关闭",
        "saveAndPreview": "保存并预览",
        "saveAndRender": "保存并生成",
        "saveAsDraft": "保存为草稿",
        "saveChanges": "保存更改",
        "saveDraft": "保存草稿",
        "saveDraftAndClose": "保存草稿并关闭",
        "search": "搜索...",
        "selectOption": "选择选项",
        "selectWebsite": "选择一个网站",
        "seo": "SEO",
        "server": "服务器",
        "show": "显示",
        "slug": "别名",
        "supportPublii": "支持 Publii 并立即捐赠！",
        "tags": "标签",
        "theme": "主题",
        "tools": "工具 & 插件",
        "unhide": "取消隐藏",
        "updateSlug": "更新 slug",
        "uploadInProgress": "上传中...",
        "whatsNew": "有什么新内容？"
    }
}
