{
    "Action": "عملیات",
    "Activity": "فعالیت",
    "Address": "نشانی",
    "Advanced": "پیشرفته",
    "Align": "تراز کردن",
    "Align center": "تراز وسط",
    "Align left": "تراز چپ",
    "Align right": "تراز راست",
    "Alignment": "ترازبندی",
    "All": "همه",
    "Alternative source": "منبع جایگزین",
    "Alternative source URL": "آدرس URL منبع جایگزین",
    "Anchor": "لنگر",
    "Anchor...": "لنگر...",
    "Anchors": "لنگرها",
    "Animals and Nature": "حیوانات و طبیعت",
    "Arrows": "فلش‌ها",
    "B": "B",
    "Background color": "رنگ پس‌زمینه",
    "Black": "سیاه",
    "Block": "بخش",
    "Blockquote": "نقل قول بلوکی",
    "Blue": "آبی",
    "Body": "بدنه",
    "Bold": "پررنگ",
    "Border": "مرز",
    "Border color": "رنگ مرز",
    "Border style": "سبک مرز",
    "Border width": "عرض مرز",
    "Bottom": "پایین",
    "Browse for an image": "برای یک تصویر جستجو کنید",
    "Bullet list": "فهرست نشانه‌دار",
    "Cancel": "لغو",
    "Capitalization": "حروف بزرگ",
    "Caption": "عنوان",
    "Cell": "سلول",
    "Cell padding": "فاصله داخلی سلول",
    "Cell properties": "خصوصیات سلول",
    "Cell spacing": "فاصله بین سلول‌ها",
    "Cell type": "نوع سلول",
    "Center": "مرکز",
    "Characters": "کاراکترها",
    "Characters (no spaces)": "کاراکترها (بدون فاصله)",
    "Circle": "دایره",
    "Class": "کلاس",
    "Clear formatting": "حذف فرمت",
    "Close": "بستن",
    "Code": "کد",
    "Code sample": "نمونه کد",
    "Color": "رنگ",
    "Color Picker": "انتخابگر رنگ",
    "Color swatch": "نمونه رنگ",
    "Cols": "ستون‌ها",
    "Column": "ستون",
    "Column group": "گروه ستون‌ها",
    "Constrain proportions": "محدود کردن نسبت‌ها",
    "Copy": "کپی",
    "Copy row": "کپی ردیف",
    "Could not find the specified string.": "نمی‌توان رشته مشخص شده را پیدا کرد.",
    "Could not load emoticons": "نمی‌توان شکلک‌ها را بارگذاری کرد.",
    "Count": "شمارش",
    "Currency": "واحد پولی",
    "Current window": "پنجره فعلی",
    "Custom color": "رنگ سفارشی",
    "Custom...": "سفارشی...",
    "Cut": "برش",
    "Cut row": "برش ردیف",
    "Dark Blue": "آبی تیره",
    "Dark Gray": "خاکستری تیره",
    "Dark Green": "سبز تیره",
    "Dark Orange": "نارنجی تیره",
    "Dark Purple": "بنفش تیره",
    "Dark Red": "قرمز تیره",
    "Dark Turquoise": "فیروزه‌ای تیره",
    "Dark Yellow": "زرد تیره",
    "Date/time": "تاریخ/زمان",
    "Decrease indent": "کاهش تورفتگی",
    "Default": "پیش‌فرض",
    "Delete column": "حذف ستون",
    "Delete row": "حذف ردیف",
    "Delete table": "حذف جدول",
    "Dimensions":  "ابعاد", 
    "Disc":"دیسک", 
    "Div":"Div", 
    "Document":"مدرک", 
    "Document properties":"خصوصیات سند", 
    "Drop an image here":"تصویر را در اینجا رها کنید", 
    "Edit":"ویرایش", 
    "Edit image":"ویرایش تصویر", 
    "Embed":"جاسازی", 
    "Emoticons":"شکلک‌ها", 
    "Emoticons...":"شکلک‌ها...", 
    "Error":"خطا", 
    "Extended Latin":"لاتین گسترش‌یافته", 
    "Failed to upload image: {0}":"بارگذاری تصویر ناموفق بود: {0}", 
    "Find":"پیدا کردن", 
    "Find and replace":"پیدا کردن و جایگزینی", 
    "Find and replace...":"پیدا کردن و جایگزینی...", 
    "Find whole words only":"فقط کلمات کامل را پیدا کنید", 
    "Finish":"پایان", 
    "Flags":"پرچم‌ها", 
    "Font":"فونت", 
    "Font Sizes":"اندازه‌های فونت", 
    "Fonts":"فونت‌ها", 
    "Food and Drink":"غذا و نوشیدنی", 
    "Footer":"پاورقی", 
    "Format":"فرمت", 
    "Format Painter":"ابزار فرمت", 
    "Formats":"فرمت‌ها", 
    "Fullscreen":"تمام صفحه", 
    "G":"G", 
    "General":"عمومی", 
    "Gray":"خاکستری", 
    "Green":"سبز", 
    "H Align":"تراز افقی", 
    "Header":"سرفصل", 
    "Header 1":"سرفصل H1", 
    "Header 2":"سرفصل H2", 
    "Header 3":"سرفصل H3",
    "Heading 4": "عنوان H4",
    "Heading 5": "عنوان H5",
    "Heading 6": "عنوان H6",
    "Headings": "عناوین",
    "Height": "ارتفاع",
    "Help": "راهنما",
    "Horizontal line": "خط افقی",
    "Horizontal space": "فضای افقی",
    "Id": "شناسه",
    "Id should start with a letter, followed only by letters, numbers, dashes, dots, colons or underscores.": "شناسه باید با یک حرف شروع شود و فقط شامل حروف، اعداد، خط تیره، نقطه، دو نقطه یا زیرخط باشد.",
    "Ignore": "نادیده گرفتن",
    "Ignore all": "نادیده گرفتن همه",
    "Image": "تصویر",
    "Image description": "توضیحات تصویر",
    "Image list": "فهرست تصاویر",
    "Image options": "گزینه‌های تصویر",
    "Image title": "عنوان تصویر",
    "Image...": "تصویر...",
    "Increase indent": "افزایش تورفتگی",
    "Inline": "درون‌خطی",
    "Insert": "درج",
    "Insert column after": "درج ستون بعد از",
    "Insert column before": "درج ستون قبل از",
    "Insert date/time": "درج تاریخ/زمان",
    "Insert image": "درج تصویر",
    "Insert link": "درج لینک",
    "Insert row after": "درج ردیف بعد از",
    "Insert row before": "درج ردیف قبل از",
    "Insert table": "درج جدول",
    "Insert video": "درج ویدئو",
    "Insert/Edit Link": "درج/ویرایش لینک",
    "Insert/edit iframe": "درج/ویرایش iframe",
    "Insert/edit image": "درج/ویرایش تصویر",
    "Insert/edit link": "درج/ویرایش لینک",
    "Insert/edit media": "درج/ویرایش رسانه",
    "Insert/edit video": "درج/ویرایش ویدئو",
    "Italic": "کج",
    "Justify": "تراز کردن",
    "Keyboard Navigation": "ناوبری با کیبورد",
    "Language": "زبان",
    "Left": "چپ",
    "Left to right": "چپ به راست",
    "Light Blue": "آبی روشن",
    "Light Gray": "خاکستری روشن",
    "Light Green": "سبز روشن",
    "Light Purple": "بنفش روشن",
    "Light Red": "قرمز روشن",
    "Light Yellow": "زرد روشن",
    "Link": "لینک",
    "Link list": "فهرست لینک‌ها",
    "Link...": "لینک...",
    "Loading emoticons...": "بارگذاری شکلک‌ها...",
    "Lower Alpha": "حروف الفبای کوچک",
    "Lower Greek": "حروف یونانی کوچک",
    "Lower Roman": "اعداد رومی کوچک",
    "Match case": "تطابق با حروف بزرگ و کوچک",
    "Mathematical": "ریاضیاتی",
    "Media": "رسانه",
    "Media poster (Image URL)": "پوستر رسانه (URL تصویر)",
    "Media...": "رسانه...",
    "Medium Blue": "آبی متوسط",
    "Medium Gray": "خاکستری متوسط",
    "Medium Purple": "بنفش متوسط",
    "Merge cells": "ادغام سلول‌ها",
    "Middle": "وسط",
    "Midnight Blue": "آبی نیمه‌شب",
    "More...": "بیشتر...",
    "Name": "نام",
    "Navy Blue": "آبی دریایی",
    "New window": "پنجره جدید",
    "Next": "بعدی",
    "No": "خیر",
    "No color": "بدون رنگ",
    "Nonbreaking space": "فضای غیرشکننده",
    "None": "هیچ‌کدام",
    "Numbered list": "فهرست شماره‌گذاری شده",
    "OR": "- یا -",
    "Objects": "اشیاء",
    "Ok": "باشه",
    "Open help dialog": "باز کردن دیالوگ کمک",
    "Open link in...": "باز کردن لینک در...",
    "Orange": "نارنجی",
    "Page break": "شکست صفحه",
    "Paragraph": "پارگراف",
    "Paste": "چسباندن",
    "Paste as text": "چسباندن به عنوان متن",
    "Paste or type a link": "چسباندن یا تایپ یک لینک",
    "Paste row after": "چسباندن ردیف بعد از",
    "Paste row before": "چسباندن ردیف قبل از",
    "Paste your embed code below:":  "کد جاسازی خود را در زیر چسبانید:",
    "People":  "افراد:",
    "Permanent Pen Properties":"خصوصیات قلم دائمی", 
    "Permanent pen properties...":"خصوصیات قلم دائمی...", 
    "Poster":"پوستر", 
    "Powered by {0}":"قدرت‌گرفته از {0}", 
    "Pre":"قبل", 
    "Preferences":"تنظیمات", 
    "Preformatted":"از پیش‌فرمت شده", 
    "Prev":"قبلی", 
    "Preview":"پیش‌نمایش", 
    "Previous":"قبلی", 
    "Print":"چاپ", 
    "Print...":"چاپ...", 
    "Purple":"بنفش", 
    "Quotations":"نقل قول‌ها", 
    "R":"R", 
    "Red":"قرمز", 
    "Redo":"انجام دوباره", 
    "Remove color":"حذف رنگ", 
    "Remove link":"حذف لینک", 
    "Replace":"جایگزینی", 
    "Replace all":"جایگزینی همه", 
    "Replace with":"جایگزینی با", 
    "Restore last draft":"بازگردانی آخرین پیش‌نویس", 
    "Rich Text Area. Press ALT-0 for help.":"منطقه متن غنی. برای کمک ALT-0 را فشار دهید.",
    "Rich Text Area. Press ALT-F9 for menu. Press ALT-F10 for toolbar. Press ALT-0 for help": "منطقه متن غنی. برای منو کلید ALT-F9 را فشار دهید. برای نوار ابزار کلید ALT-F10 را فشار دهید. برای کمک کلید ALT-0 را فشار دهید",
    "Right": "راست",
    "Right to left": "راست به چپ",
    "Row": "ردیف",
    "Row group": "گروه ردیف",
    "Row properties": "خصوصیات ردیف",
    "Row type": "نوع ردیف",
    "Rows": "ردیف‌ها",
    "Save": "ذخیره",
    "Scope": "دامنه",
    "Search": "جستجو",
    "Select all": "انتخاب همه",
    "Select...": "انتخاب...",
    "Selection": "انتخاب",
    "Shortcut": "میانبر",
    "Show caption": "نمایش عنوان",
    "Show invisible characters": "نمایش کاراکترهای نامرئی",
    "Size": "اندازه",
    "Source": "منبع",
    "Source code": "کد منبع",
    "Special character": "کاراکتر خاص",
    "Special character...": "کاراکتر خاص...",
    "Spellcheck": "بررسی املایی",
    "Split cell": "تقسیم سلول",
    "Square": "مربع",
    "Strikethrough": "خط خورده",
    "Style": "سبک",
    "Subscript": "زیرنویس",
    "Superscript": "بالا نویس",
    "Switch to or from fullscreen mode": "تغییر به حالت تمام صفحه یا برعکس",
    "Symbols": "نمادها",
    "System Font": "فونت سیستم",
    "Table": "جدول",
    "Table of Contents": "فهرست مطالب",
    "Table properties": "خصوصیات جدول",
    "Target": "هدف",
    "Text": "متن",
    "Text color": "رنگ متن",
    "Text to display": "متن برای نمایش",
    "The URL you entered seems to be an email address. Do you want to add the required mailto: prefix?": "آدرس URL که وارد کرده‌اید به نظر می‌رسد یک آدرس ایمیل باشد. آیا می‌خواهید پیشوند mailto: مورد نیاز را اضافه کنید؟",
    "The URL you entered seems to be an external link. Do you want to add the required http:// prefix?": "آدرس URL که وارد کرده‌اید به نظر می‌رسد یک لینک خارجی باشد. آیا می‌خواهید پیشوند http:// مورد نیاز را اضافه کنید؟",
    "Title Case": "حالت عنوان",
    "To open the popup, press Shift+Enter": "برای باز کردن پنجره پاپ آپ، کلید Shift+Enter را فشار دهید",
    "Tools": "ابزارها",
    "Top": "بالا",
    "Travel and Places": "سفر و مکان‌ها",
    "Turquoise": "فیروزه‌ای",
    "UPPERCASE": "حروف بزرگ",
    "Underline": "زیرخط دار کردن",
    "Undo": "بازگشت",
    "Update": "به‌روزرسانی",
    "Upload": "بارگذاری",
    "Upper Alpha": "حروف بزرگ الفبایی",
    "Upper Roman": "عدد رومی بزرگ",
    "Url": "آدرس اینترنتی",
    "User Defined": "تعریف شده توسط کاربر",
    "V Align": "تراز عمودی",
    "Valid": "معتبر",
    "Version": "نسخه",
    "Vertical space": "فضای عمودی",
    "View": "نمایش",
    "Warn": "هشدار",
    "White": "سفید",
    "Whole words": "کلمات کامل",
    "Width": "عرض",
    "Word count": "شمارش کلمات",
    "Words": "کلمات",
    "Words: {0}": "کلمات: {0}",
    "Yellow": "زرد",
    "Yes": "بله",
    "You have unsaved changes are you sure you want to navigate away?": "شما تغییرات ذخیره نشده دارید، آیا مطمئن هستید که می‌خواهید ناوبری کنید؟",
    "alignment": "ترازبندی",
    "comments": "نظرات",
    "example": "مثال",
    "formatting": "فرمت‌بندی",
    "history": "تاریخچه",
    "indentation": "تورفتگی",
    "lowercase": "حروف کوچک",
    "permanent pen": "قلم دائمی",
    "styles": "سبک‌ها",
    "{0} characters": "{0} کاراکتر",
    "{0} words": "{0} کلمه"
}
