{
    "Action": "操作",
    "Activity": "活动",
    "Address": "地址",
    "Advanced": "高级设置",
    "Align": "对齐",
    "Align center": "居中对齐",
    "Align left": "左对齐",
    "Align right": "右对齐",
    "Alignment": "对齐方式",
    "All": "全部",
    "Alternative source": "替代来源",
    "Alternative source URL": "替代来源网址",
    "Anchor": "锚",
    "Anchor...": "锚…",
    "Anchors": "锚点",
    "Animals and Nature": "动物与自然",
    "Arrows": "箭头",
    "B": "B",
    "Background color": "背景颜色",
    "Black": "黑色",
    "Block": "块",
    "Blockquote": "引用",
    "Blue": "蓝色",
    "Body": "主体",
    "Bold": "加粗",
    "Border": "边框",
    "Border color": "边框颜色",
    "Border style": "边框样式",
    "Border width": "边框宽度",
    "Bottom": "底部",
    "Browse for an image": "浏览图片",
    "Bullet list": "无序列表",
    "Cancel": "取消",
    "Capitalization": "大写",
    "Caption": "标题",
    "Cell": "单元格",
    "Cell padding": "单元格填充",
    "Cell properties": "单元格属性",
    "Cell spacing": "单元格间距",
    "Cell type": "单元格类型",
    "Center": "居中",
    "Characters": "字符",
    "Characters (no spaces)": "字符数(不包含空格)",
    "Circle": "空心圆",
    "Class": "类",
    "Clear formatting": "清除格式",
    "Close": "关闭",
    "Code": "代码",
    "Code sample": "代码示例",
    "Color": "颜色",
    "Color Picker": "拾色器",
    "Color swatch": "色彩色视图",
    "Cols": "列",
    "Column": "列",
    "Column group": "按列分组",
    "Constrain proportions": "保持宽高比",
    "Copy": "复制",
    "Copy row": "复制行",
    "Could not find the specified string.": "找不到指定字符串。",
    "Could not load emoticons": "无法加载表情",
    "Count": "总数",
    "Currency": "货币",
    "Current window": "当前窗口",
    "Custom color": "自定义颜色",
    "Custom...": "自定义…",
    "Cut": "剪切",
    "Cut row": "剪切行",
    "Dark Blue": "深蓝",
    "Dark Gray": "深灰",
    "Dark Green": "黛绿",
    "Dark Orange": "深橙",
    "Dark Purple": "暗紫",
    "Dark Red": "深红",
    "Dark Turquoise": "深绿松石",
    "Dark Yellow": "暗黄",
    "Date/time": "日期/时间",
    "Decrease indent": "减少缩进",
    "Default": "默认",
    "Delete column": "删除列",
    "Delete row": "删除行",
    "Delete table": "删除表",
    "Dimensions": "尺寸",
    "Disc": "实心圆",
    "Div": "Div",
    "Document": "文档",
    "Document properties": "文档属性",
    "Drop an image here": "图像拖至此处\n\n",
    "Edit": "编辑",
    "Edit image": "编辑图片",
    "Embed": "嵌入",
    "Emoticons": "表情符号",
    "Emoticons...": "表情…",
    "Error": "错误",
    "Extended Latin": "扩展拉丁字符",
    "Failed to upload image: {0}": "图片上传失败：{0}",
    "Find": "查找",
    "Find and replace": "查找和替换",
    "Find and replace...": "查找和替换…",
    "Find whole words only": "全字匹配查找",
    "Finish": "完成",
    "Flags": "标志",
    "Font": "字体",
    "Font Sizes": "字体大小",
    "Fonts": "字体",
    "Food and Drink": "饮食",
    "Footer": "页脚",
    "Format": "格式",
    "Format Painter": "格式刷",
    "Formats": "格式",
    "Fullscreen": "全屏",
    "G": "G",
    "General": "常规",
    "Gray": "灰色",
    "Green": "绿色",
    "H Align": "水平对齐",
    "Header": "标题",
    "Header 1": "标题 H1",
    "Header 2": "标题 H2",
    "Header 3": "标题 H3",
    "Header 4": "标题 H4",
    "Header 5": "标题 H5",
    "Header 6": "标题 H6",
    "Header cell": "标题单元格",
    "Headers": "标头",
    "Heading 1": "标题 H1",
    "Heading 2": "标题 H2",
    "Heading 3": "标题 H3",
    "Heading 4": "标题 H4",
    "Heading 5": "标题 H5",
    "Heading 6": "标题 H6",
    "Headings": "标题",
    "Height": "高度",
    "Help": "帮助",
    "Horizontal line": "水平线",
    "Horizontal space": "水平间距",
    "Id": "ID",
    "Id should start with a letter, followed only by letters, numbers, dashes, dots, colons or underscores.": "ID 应以字母开头，后面跟随英文破折号、点、冒号、字母、数字、或下划线。",
    "Ignore": "忽略",
    "Ignore all": "忽略全部",
    "Image": "图片",
    "Image description": "图片描述",
    "Image list": "图片列表",
    "Image options": "图片选项",
    "Image title": "图片标题",
    "Image...": "图片…",
    "Increase indent": "增加缩进",
    "Inline": "行内",
    "Insert": "插入",
    "Insert column after": "在右侧插入列",
    "Insert column before": "在左侧插入列",
    "Insert date/time": "插入日期/时间",
    "Insert image": "插入图片",
    "Insert link": "插入链接",
    "Insert row after": "在下方插入行",
    "Insert row before": "在上方插入行",
    "Insert table": "插入表格",
    "Insert video": "插入视频",
    "Insert/Edit Link": "插入/编辑链接",
    "Insert/edit iframe": "插入/编辑 iframe",
    "Insert/edit image": "插入/编辑图像",
    "Insert/edit link": "插入/编辑链接",
    "Insert/edit media": "插入/编辑媒体",
    "Insert/edit video": "插入/编辑视频",
    "Italic": "斜体",
    "Justify": "两端对齐",
    "Keyboard Navigation": "快捷键",
    "Language": "语言",
    "Left": "Left",
    "Left to right": "Left to right",
    "Light Blue": "浅蓝",
    "Light Gray": "浅灰",
    "Light Green": "浅绿",
    "Light Purple": "浅紫",
    "Light Red": "淡红",
    "Light Yellow": "淡黄",
    "Link": "关联",
    "Link list": "链接列表",
    "Link...": "关联...",
    "Loading emoticons...": "正在加载表情…",
    "Lower Alpha": "小写字母",
    "Lower Greek": "小写希腊字母",
    "Lower Roman": "小写罗马字母",
    "Match case": "区分大小写",
    "Mathematical": "数学",
    "Media": "媒体",
    "Media poster (Image URL)": "媒体海报（图片网址）",
    "Media...": "媒体…",
    "Medium Blue": "水蓝",
    "Medium Gray": "乳白",
    "Medium Purple": "暗紫",
    "Merge cells": "合并单元格",
    "Middle": "居中",
    "Midnight Blue": "深蓝",
    "More...": "更多…",
    "Name": "姓名",
    "Navy Blue": "藏青",
    "New window": "新窗口",
    "Next": "下一个",
    "No": "否",
    "No color": "无色",
    "Nonbreaking space": "不分行空格",
    "None": "无",
    "Numbered list": "有序列表",
    "OR": "或",
    "Objects": "对象",
    "Ok": "是",
    "Open help dialog": "打开帮助对话框",
    "Open link in...": "打开方式...",
    "Orange": "橙色",
    "Page break": "分页符",
    "Paragraph": "段落",
    "Paste": "粘贴",
    "Paste as text": "粘贴为文本",
    "Paste or type a link": "粘贴或键入链接",
    "Paste row after": "在下方粘贴行",
    "Paste row before": "在上方粘贴行",
    "Paste your embed code below:": "在下面粘贴您的嵌入代码：",
    "People": "用户",
    "Permanent Pen Properties": "永久笔属性",
    "Permanent pen properties...": "永久笔属性...",
    "Poster": "海报",
    "Powered by {0}": "Powered by {0}",
    "Pre": "Pre",
    "Preferences": "首选项",
    "Preformatted": "预格式化",
    "Prev": "上一页",
    "Preview": "预览",
    "Previous": "前一页",
    "Print": "打印",
    "Print...": "打印...",
    "Purple": "紫色",
    "Quotations": "多段引用",
    "R": "R",
    "Red": "红色",
    "Redo": "恢复",
    "Remove color": "去除颜色",
    "Remove link": "删除链接",
    "Replace": "替换",
    "Replace all": "全部替换",
    "Replace with": "替换为",
    "Restore last draft": "还原最近草稿",
    "Rich Text Area. Press ALT-0 for help.": "富文本区域。按 ALT-0 寻求帮助。",
    "Rich Text Area. Press ALT-F9 for menu. Press ALT-F10 for toolbar. Press ALT-0 for help": "富文本区域，按 ALT-F9 进入菜单，ALT-F10 进入工具栏， ALT-0 寻求帮助",
    "Right": "Right",
    "Right to left": "右至左",
    "Row": "行",
    "Row group": "按行分组",
    "Row properties": "行属性",
    "Row type": "行类型",
    "Rows": "行",
    "Save": "保存",
    "Scope": "范围",
    "Search": "搜索",
    "Select all": "全选",
    "Select...": "选择…",
    "Selection": "选择",
    "Shortcut": "快捷键",
    "Show caption": "显示标题",
    "Show invisible characters": "显示不可见字符",
    "Size": "尺寸",
    "Source": "来源",
    "Source code": "源代码",
    "Special character": "特殊字符",
    "Special character...": "特殊字符...",
    "Spellcheck": "拼写检查",
    "Split cell": "拆分单元格",
    "Square": "正方形",
    "Strikethrough": "删除线",
    "Style": "风格",
    "Subscript": "下标",
    "Superscript": "上标",
    "Switch to or from fullscreen mode": "全屏模式切换",
    "Symbols": "符号",
    "System Font": "系统字体",
    "Table": "表格",
    "Table of Contents": "目录",
    "Table properties": "表属性",
    "Target": "目标",
    "Text": "文本",
    "Text color": "文字颜色",
    "Text to display": "要显示的文本",
    "The URL you entered seems to be an email address. Do you want to add the required mailto: prefix?": "您输入的 URL 似乎是电子邮件地址。是否要添加所需的 mailto: 前缀？",
    "The URL you entered seems to be an external link. Do you want to add the required http:// prefix?": "您输入的 URL 似乎是外部链接。是否要添加所需的 http:// 前缀？",
    "Title Case": "首字母大写",
    "To open the popup, press Shift+Enter": "要打开弹出窗口，请按 Shift+Enter",
    "Tools": "工具",
    "Top": "顶部",
    "Travel and Places": "旅行 & 地点",
    "Turquoise": "绿松色",
    "UPPERCASE": "大写",
    "Underline": "下划线",
    "Undo": "撤消",
    "Update": "更新",
    "Upload": "上传",
    "Upper Alpha": "大写字母",
    "Upper Roman": "大写罗马数字",
    "Url": "路径",
    "User Defined": "用户自定义",
    "V Align": "垂直对齐",
    "Valid": "有效的",
    "Version": "版本",
    "Vertical space": "垂直间距",
    "View": "View",
    "Warn": "Warn",
    "White": "白色",
    "Whole words": "全字匹配",
    "Width": "宽度",
    "Word count": "字数统计",
    "Words": "字",
    "Words: {0}": "字数：{0}",
    "Yellow": "黄色",
    "Yes": "是",
    "You have unsaved changes are you sure you want to navigate away?": "您有未保存的更改，确定要离开吗？",
    "alignment": "对齐方式",
    "comments": "评论",
    "example": "示例",
    "formatting": "格式化",
    "history": "历史",
    "indentation": "缩进",
    "lowercase": "小写",
    "permanent pen": "永久笔",
    "styles": "样式",
    "{0} characters": "{0} 个字符",
    "{0} words": "{0} 个字"
}
