{
    "Action": "Åtgärd",
    "Activity": "Aktivitet",
    "Address": "Adress",
    "Advanced": "Avancerad",
    "Align": "Justera",
    "Align center": "Centrera",
    "Align left": "Vänsterjustera",
    "Align right": "Högerjustera",
    "Alignment": "Justering",
    "All": "Alla",
    "Alternative source": "Alternativ källa",
    "Alternative source URL": "Alternativ källa URL",
    "Anchor": "Ankare",
    "Anchor...": "Ankare...",
    "Anchors": "Ankare",
    "Animals and Nature": "Djur och natur",
    "Arrows": "Pilar",
    "B": "B",
    "Background color": "Bakgrundsfärg",
    "Black": "Svart",
    "Block": "Block",
    "Blockquote": "Blockcitat",
    "Blue": "Blå",
    "Body": "Kropp",
    "Bold": "Fet",
    "Border": "Kant",
    "Border color": "Kantfärg",
    "Border style": "Kantstil",
    "Border width": "Kantbredd",
    "Bottom": "Botten",
    "Browse for an image": "Bläddra efter en bild",
    "Bullet list": "Punktlista",
    "Cancel": "Avbryt",
    "Capitalization": "Versalisering",
    "Caption": "Bildtext",
    "Cell": "Cell",
    "Cell padding": "Cellutfyllnad",
    "Cell properties": "Cellegenskaper",
    "Cell spacing": "Cellavstånd",
    "Cell type": "Celltyp",
    "Center": "Centrera",
    "Characters": "Tecken",
    "Characters (no spaces)": "Tecken (inga mellanslag)",
    "Circle": "Cirkel",
    "Class": "Klass",
    "Clear formatting": "Rensa formatering",
    "Close": "Stäng",
    "Code": "Kod",
    "Code sample": "Kodexempel",
    "Color": "Färg",
    "Color Picker": "Färgväljare",
    "Color swatch": "Färgprov",
    "Cols": "Kolumner",
    "Column": "Kolumn",
    "Column group": "Kolumngrupp",
    "Constrain proportions": "Begränsa proportioner",
    "Copy": "Kopiera",
    "Copy row": "Kopiera rad",
    "Could not find the specified string.": "Kunde inte hitta den angivna strängen.",
    "Could not load emoticons": "Kunde inte ladda emoticons",
    "Count": "Räkna",
    "Currency": "Valuta",
    "Current window": "Aktuellt fönster",
    "Custom color": "Anpassad färg",
    "Custom...": "Anpassad...",
    "Cut": "Klipp ut",
    "Cut row": "Klipp ut rad",
    "Dark Blue": "Mörkblå",
    "Dark Gray": "Mörkgrå",
    "Dark Green": "Mörkgrön",
    "Dark Orange": "Mörkorange",
    "Dark Purple": "Mörklila",
    "Dark Red": "Mörkröd",
    "Dark Turquoise": "Mörkturkos",
    "Dark Yellow": "Mörkgul",
    "Date/time": "Datum/tid",
    "Decrease indent": "Minska indrag",
    "Default": "Standard",
    "Delete column": "Ta bort kolumn",
    "Delete row": "Ta bort rad",
    "Delete table": "Ta bort tabell",
    "Dimensions": "Dimensioner",
    "Disc": "Skiva",
    "Div": "Div",
    "Document": "Dokument",
    "Document properties": "Dokumentegenskaper",
    "Drop an image here": "Släpp en bild här",
    "Edit": "Redigera",
    "Edit image": "Redigera bild",
    "Embed": "Bädda in",
    "Emoticons": "Emoticons",
    "Emoticons...": "Emoticons...",
    "Error": "Fel",
    "Extended Latin": "Utökad latin",
    "Failed to upload image: {0}": "Misslyckades med att ladda upp bild: {0}",
    "Find": "Hitta",
    "Find and replace": "Hitta och ersätt",
    "Find and replace...": "Hitta och ersätt...",
    "Find whole words only": "Hitta endast hela ord",
    "Finish": "Avsluta",
    "Flags": "Flaggor",
    "Font": "Typsnitt",
    "Font Sizes": "Typsnittsstorlekar",
    "Fonts": "Typsnitt",
    "Food and Drink": "Mat och dryck",
    "Footer": "Sidfot",
    "Format": "Format",
    "Format Painter": "Formatmålare",
    "Formats": "Format",
    "Fullscreen": "Helskärm",
    "G": "G",
    "General": "Allmänt",
    "Gray": "Grå",
    "Green": "Grön",
    "H Align": "H Justering",
    "Header": "Rubrik",
    "Header 1": "Rubrik 1",
    "Header 2": "Rubrik 2",
    "Header 3": "Rubrik 3",
    "Header 4": "Rubrik 4",
    "Header 5": "Rubrik 5",
    "Header 6": "Rubrik 6",
    "Header cell": "Rubrikcell",
    "Headers": "Rubriker",
    "Heading 1": "Rubrik 1",
    "Heading 2": "Rubrik 2",
    "Heading 3": "Rubrik 3",
    "Heading 4": "Rubrik 4",
    "Heading 5": "Rubrik 5",
    "Heading 6": "Rubrik 6",
    "Headings": "Rubriker",
    "Height": "Höjd",
    "Help": "Hjälp",
    "Horizontal line": "Horisontell linje",
    "Horizontal space": "Horisontellt utrymme",
    "Id": "Id",
    "Id should start with a letter, followed only by letters, numbers, dashes, dots, colons or underscores.": "Id bör börja med en bokstav, följt endast av bokstäver, siffror, bindestreck, punkter, kolon eller understreck.",
    "Ignore": "Ignorera",
    "Ignore all": "Ignorera alla",
    "Image": "Bild",
    "Image description": "Bildbeskrivning",
    "Image list": "Bildlista",
    "Image options": "Bildalternativ",
    "Image title": "Bildtitel",
    "Image...": "Bild...",
    "Increase indent": "Öka indrag",
    "Inline": "Inline",
    "Insert": "Infoga",
    "Insert column after": "Infoga kolumn efter",
    "Insert column before": "Infoga kolumn före",
    "Insert date/time": "Infoga datum/tid",
    "Insert image": "Infoga bild",
    "Insert link": "Infoga länk",
    "Insert row after": "Infoga rad efter",
    "Insert row before": "Infoga rad före",
    "Insert table": "Infoga tabell",
    "Insert video": "Infoga video",
    "Insert/Edit Link": "Infoga/Redigera länk",
    "Insert/edit iframe": "Infoga/redigera iframe",
    "Insert/edit image": "Infoga/redigera bild",
    "Insert/edit link": "Infoga/redigera länk",
    "Insert/edit media": "Infoga/redigera media",
    "Insert/edit video": "Infoga/redigera video",
    "Italic": "Kursiv",
    "Justify": "Justera",
    "Keyboard Navigation": "Tangentbordsnavigering",
    "Language": "Språk",
    "Left": "Vänster",
    "Left to right": "Vänster till höger",
    "Light Blue": "Ljusblå",
    "Light Gray": "Ljusgrå",
    "Light Green": "Ljusgrön",
    "Light Purple": "Ljuslila",
    "Light Red": "Ljusröd",
    "Light Yellow": "Ljusgul",
    "Link": "Länk",
    "Link list": "Länklista",
    "Link...": "Länk...",
    "Loading emoticons...": "Laddar emoticons...",
    "Lower Alpha": "Små bokstäver",
    "Lower Greek": "Små grekiska borstäver",
    "Lower Roman": "Små romerska siffror",
    "Match case": "Matcha skiftläge",
    "Mathematical": "Matematisk",
    "Media": "Media",
    "Media poster (Image URL)": "Mediaposter (Bild-URL)",
    "Media...": "Media...",
    "Medium Blue": "Mellanblå",
    "Medium Gray": "Mellangrå",
    "Medium Purple": "Mellanlila",
    "Merge cells": "Sammanfoga celler",
    "Middle": "Mitten",
    "Midnight Blue": "Midnattsblå",
    "More...": "Mer...",
    "Name": "Namn",
    "Navy Blue": "Marinblå",
    "New window": "Nytt fönster",
    "Next": "Nästa",
    "No": "Nej",
    "No color": "Ingen färg",
    "Nonbreaking space": "Hårt mellanslag",
    "None": "Ingen",
    "Numbered list": "Numrerad lista",
    "OR": "ELLER",
    "Objects": "Objekt",
    "Ok": "Ok",
    "Open help dialog": "Öppna hjälpdialog",
    "Open link in...": "Öppna länk i...",
    "Orange": "Orange",
    "Page break": "Sidbrytning",
    "Paragraph": "Paragraf",
    "Paste": "Klistra in",
    "Paste as text": "Klistra in som text",
    "Paste or type a link": "Klistra in eller skriv en länk",
    "Paste row after": "Klistra in rad efter",
    "Paste row before": "Klistra in rad före",
    "Paste your embed code below:": "Klistra in din inbäddningskod nedan:",
    "People": "Människor",
    "Permanent Pen Properties": "Egenskaper för permanent penna",
    "Permanent pen properties...": "Egenskaper för permanent penna...",
    "Poster": "Poster",
    "Powered by {0}": "Drivs av {0}",
    "Pre": "Pre",
    "Preferences": "Preferenser",
    "Preformatted": "Förformaterad",
    "Prev": "Föregående",
    "Preview": "Förhandsgranska",
    "Previous": "Föregående",
    "Print": "Skriv ut",
    "Print...": "Skriv ut...",
    "Purple": "Lila",
    "Quotations": "Citat",
    "R": "R",
    "Red": "Röd",
    "Redo": "Gör om",
    "Remove color": "Ta bort färg",
    "Remove link": "Ta bort länk",
    "Replace": "Ersätt",
    "Replace all": "Ersätt alla",
    "Replace with": "Ersätt med",
    "Restore last draft": "Återställ senaste utkast",
    "Rich Text Area. Press ALT-0 for help.": "Rich Text Area. Tryck ALT-0 för hjälp.",
    "Rich Text Area. Press ALT-F9 for menu. Press ALT-F10 for toolbar. Press ALT-0 for help": "Rich Text Area. Tryck ALT-F9 för meny. Tryck ALT-F10 för verktygsfält. Tryck ALT-0 för hjälp",
    "Right": "Höger",
    "Right to left": "Höger till vänster",
    "Row": "Rad",
    "Row group": "Radgrupp",
    "Row properties": "Radegenskaper",
    "Row type": "Radtyp",
    "Rows": "Rader",
    "Save": "Spara",
    "Scope": "Omfattning",
    "Search": "Sök",
    "Select all": "Välj alla",
    "Select...": "Välj...",
    "Selection": "Urval",
    "Shortcut": "Genväg",
    "Show caption": "Visa bildtext",
    "Show invisible characters": "Visa osynliga tecken",
    "Size": "Storlek",
    "Source": "Källa",
    "Source code": "Källkod",
    "Special character": "Specialtecken",
    "Special character...": "Specialtecken...",
    "Spellcheck": "Stavningskontroll",
    "Split cell": "Dela cell",
    "Square": "Fyrkant",
    "Strikethrough": "Genomstrykning",
    "Style": "Stil",
    "Subscript": "Nedsänkt",
    "Superscript": "Upphöjd",
    "Switch to or from fullscreen mode": "Växla till eller från helskärmsläge",
    "Symbols": "Symboler",
    "System Font": "Systemtypsnitt",
    "Table": "Tabell",
    "Table of Contents": "Innehållsförteckning",
    "Table properties": "Tabellegenskaper",
    "Target": "Mål",
    "Text": "Text",
    "Text color": "Textfärg",
    "Text to display": "Text att visa",
    "The URL you entered seems to be an email address. Do you want to add the required mailto: prefix?": "URL:en du angav verkar vara en e-postadress. Vill du lägga till det nödvändiga mailto:-prefixet?",
    "The URL you entered seems to be an external link. Do you want to add the required http:// prefix?": "URL:en du angav verkar vara en extern länk. Vill du lägga till det nödvändiga http://-prefixet?",
    "Title Case": "Titelstil",
    "To open the popup, press Shift+Enter": "För att öppna popup-fönstret, tryck Shift+Enter",
    "Tools": "Verktyg",
    "Top": "Topp",
    "Travel and Places": "Resor och platser",
    "Turquoise": "Turkos",
    "UPPERCASE": "VERSALER",
    "Underline": "Understrykning",
    "Undo": "Ångra",
    "Update": "Uppdatera",
    "Upload": "Ladda upp",
    "Upper Alpha": "Stora boskstäver",
    "Upper Roman": "Stora romerska siffror",
    "Url": "Url",
    "User Defined": "Användardefinierad",
    "V Align": "V justering",
    "Valid": "Giltig",
    "Version": "Version",
    "Vertical space": "Vertikalt utrymme",
    "View": "Visa",
    "Warn": "Varning",
    "White": "Vit",
    "Whole words": "Hela ord",
    "Width": "Bredd",
    "Word count": "Ordräkning",
    "Words": "Ord",
    "Words: {0}": "Ord: {0}",
    "Yellow": "Gul",
    "Yes": "Ja",
    "You have unsaved changes are you sure you want to navigate away?": "Du har osparade ändringar, är du säker på att du vill navigera bort?",
    "alignment": "justering",
    "comments": "kommentarer",
    "example": "exempel",
    "formatting": "formatering",
    "history": "historik",
    "indentation": "indrag",
    "lowercase": "gemener",
    "permanent pen": "permanent penna",
    "styles": "stilar",
    "{0} characters": "{0} tecken",
    "{0} words": "{0} ord"
}
