{
    "Action": "Akcia",
    "Activity": "Aktivita",
    "Address": "Adresa",
    "Advanced": "Rozšírené",
    "Align": "Zarovnať",
    "Align center": "Zarovnať na stred",
    "Align left": "Zarovnať vľavo",
    "Align right": "Zarovnať vpravo",
    "Alignment": "Zarovnanie",
    "All": "Všetko",
    "Alternative source": "Alternatívny zdroj",
    "Alternative source URL": "URL alternatívneho zdroja",
    "Anchor": "Kotva",
    "Anchor...": "Kotva...",
    "Anchors": "Kotvy",
    "Animals and Nature": "Zvieratá a príroda",
    "Arrows": "Šípky",
    "B": "B",
    "Background color": "Farba pozadia",
    "Black": "Čierna",
    "Block": "Blok",
    "Blockquote": "Citácia",
    "Blue": "Modrá",
    "Body": "Telo",
    "Bold": "Tučné",
    "Border": "Ohraničenie",
    "Border color": "Farba ohraničenia",
    "Border style": "Štýl ohraničenia",
    "Border width": "Šírka ohraničenia",
    "Bottom": "Spodok",
    "Browse for an image": "Prehľadávať obrázky",
    "Bullet list": "Zoznam s odrážkami",
    "Cancel": "Zrušiť",
    "Capitalization": "Veľké písmená",
    "Caption": "Titulok",
    "Cell": "Bunka",
    "Cell padding": "Odsadenie v bunke",
    "Cell properties": "Vlastnosti bunky",
    "Cell spacing": "Rozostup buniek",
    "Cell type": "Typ bunky",
    "Center": "Stred",
    "Characters": "Znaky",
    "Characters (no spaces)": "Znaky (bez medzier)",
    "Circle": "Kruh",
    "Class": "Trieda",
    "Clear formatting": "Vymazať formátovanie",
    "Close": "Zatvoriť",
    "Code": "Kód",
    "Code sample": "Ukážka kódu",
    "Color": "Farba",
    "Color Picker": "Výber farby",
    "Color swatch": "Vzorkovník farieb",
    "Cols": "Stĺpce",
    "Column": "Stĺpec",
    "Column group": "Skupina stĺpcov",
    "Constrain proportions": "Zachovať pomery",
    "Copy": "Kopírovať",
    "Copy row": "Kopírovať riadok",
    "Could not find the specified string.": "Zadaný reťazec sa nenašiel.",
    "Could not load emoticons": "Nepodarilo sa načítať emotikony",
    "Count": "Počet",
    "Currency": "Mena",
    "Current window": "Aktuálne okno",
    "Custom color": "Vlastná farba",
    "Custom...": "Vlastné...",
    "Cut": "Vystrihnúť",
    "Cut row": "Vystrihnúť riadok",
    "Dark Blue": "Tmavomodrá",
    "Dark Gray": "Tmavosivá",
    "Dark Green": "Tmavozelená",
    "Dark Orange": "Tmavooranžová",
    "Dark Purple": "Tmavofialová",
    "Dark Red": "Tmavočervená",
    "Dark Turquoise": "Tmavotyrkysová",
    "Dark Yellow": "Tmavožltá",
    "Date/time": "Dátum/čas",
    "Decrease indent": "Zmenšiť odsadenie",
    "Default": "Predvolené",
    "Delete column": "Odstrániť stĺpec",
    "Delete row": "Odstrániť riadok",
    "Delete table": "Odstrániť tabuľku",
    "Dimensions": "Rozmery",
    "Disc": "Disk",
    "Div": "Div",
    "Document": "Dokument",
    "Document properties": "Vlastnosti dokumentu",
    "Drop an image here": "Sem presuňte obrázok",
    "Edit": "Upraviť",
    "Edit image": "Upraviť obrázok",
    "Embed": "Vložiť (embed)",
    "Emoticons": "Emotikony",
    "Emoticons...": "Emotikony...",
    "Error": "Chyba",
    "Extended Latin": "Rozšírená latinka",
    "Failed to upload image: {0}": "Nepodarilo sa nahrať obrázok: {0}",
    "Find": "Hľadať",
    "Find and replace": "Hľadať a nahradiť",
    "Find and replace...": "Hľadať a nahradiť...",
    "Find whole words only": "Hľadať len celé slová",
    "Finish": "Dokončiť",
    "Flags": "Vlajky",
    "Font": "Písmo",
    "Font Sizes": "Veľkosti písma",
    "Fonts": "Písma",
    "Food and Drink": "Jedlo a pitie",
    "Footer": "Päta",
    "Format": "Formát",
    "Format Painter": "Kopírovať formát",
    "Formats": "Formáty",
    "Fullscreen": "Na celú obrazovku",
    "G": "G",
    "General": "Všeobecné",
    "Gray": "Sivá",
    "Green": "Zelená",
    "H Align": "Horizontálne zarovnanie",
    "Header": "Hlavička",
    "Header 1": "Nadpis 1",
    "Header 2": "Nadpis 2",
    "Header 3": "Nadpis 3",
    "Header 4": "Nadpis 4",
    "Header 5": "Nadpis 5",
    "Header 6": "Nadpis 6",
    "Header cell": "Bunka hlavičky",
    "Headers": "Hlavičky",
    "Heading 1": "Nadpis 1",
    "Heading 2": "Nadpis 2",
    "Heading 3": "Nadpis 3",
    "Heading 4": "Nadpis 4",
    "Heading 5": "Nadpis 5",
    "Heading 6": "Nadpis 6",
    "Headings": "Nadpisy",
    "Height": "Výška",
    "Help": "Pomoc",
    "Horizontal line": "Horizontálna čiara",
    "Horizontal space": "Horizontálny priestor",
    "Id": "Id",
    "Id should start with a letter, followed only by letters, numbers, dashes, dots, colons or underscores.": "ID by malo začínať písmenom, po ktorom nasledujú iba písmená, čísla, pomlčky, bodky, dvojbodky alebo podčiarkovníky.",
    "Ignore": "Ignorovať",
    "Ignore all": "Ignorovať všetko",
    "Image": "Obrázok",
    "Image description": "Popis obrázka",
    "Image list": "Zoznam obrázkov",
    "Image options": "Možnosti obrázka",
    "Image title": "Názov obrázka",
    "Image...": "Obrázok...",
    "Increase indent": "Zväčšiť odsadenie",
    "Inline": "V riadku (inline)",
    "Insert": "Vložiť",
    "Insert column after": "Vložiť stĺpec za",
    "Insert column before": "Vložiť stĺpec pred",
    "Insert date/time": "Vložiť dátum/čas",
    "Insert image": "Vložiť obrázok",
    "Insert link": "Vložiť odkaz",
    "Insert row after": "Vložiť riadok za",
    "Insert row before": "Vložiť riadok pred",
    "Insert table": "Vložiť tabuľku",
    "Insert video": "Vložiť video",
    "Insert/Edit Link": "Vložiť/upraviť odkaz",
    "Insert/edit iframe": "Vložiť/upraviť iframe",
    "Insert/edit image": "Vložiť/upraviť obrázok",
    "Insert/edit link": "Vložiť/upraviť odkaz",
    "Insert/edit media": "Vložiť/upraviť médiá",
    "Insert/edit video": "Vložiť/upraviť video",
    "Italic": "Kurzíva",
    "Justify": "Zarovnať do bloku",
    "Keyboard Navigation": "Navigácia klávesnicou",
    "Language": "Jazyk",
    "Left": "Vľavo",
    "Left to right": "Zľava doprava",
    "Light Blue": "Svetlomodrá",
    "Light Gray": "Svetlosivá",
    "Light Green": "Svetlozelená",
    "Light Purple": "Svetlofialová",
    "Light Red": "Svetločervená",
    "Light Yellow": "Svetložltá",
    "Link": "Odkaz",
    "Link list": "Zoznam odkazov",
    "Link...": "Odkaz...",
    "Loading emoticons...": "Načítavam emotikony...",
    "Lower Alpha": "Malé písmená",
    "Lower Greek": "Malá gréčtina",
    "Lower Roman": "Malé rímske číslice",
    "Match case": "Rozlišovať veľké a malé písmená",
    "Mathematical": "Matematické",
    "Media": "Médiá",
    "Media poster (Image URL)": "Náhľad média (URL obrázka)",
    "Media...": "Médiá...",
    "Medium Blue": "Stredne modrá",
    "Medium Gray": "Stredne sivá",
    "Medium Purple": "Stredne fialová",
    "Merge cells": "Zlúčiť bunky",
    "Middle": "Stred",
    "Midnight Blue": "Polnočná modrá",
    "More...": "Viac...",
    "Name": "Meno",
    "Navy Blue": "Námornícka modrá",
    "New window": "Nové okno",
    "Next": "Nasledujúce",
    "No": "Nie",
    "No color": "Bez farby",
    "Nonbreaking space": "Nezalomiteľná medzera",
    "None": "Žiadne",
    "Numbered list": "Číslovaný zoznam",
    "OR": "ALEBO",
    "Objects": "Objekty",
    "Ok": "Ok",
    "Open help dialog": "Otvoriť dialóg nápovedy",
    "Open link in...": "Otvoriť odkaz v...",
    "Orange": "Oranžová",
    "Page break": "Zalom stránky",
    "Paragraph": "Paragraf",
    "Paste": "Vložiť",
    "Paste as text": "Vložiť ako text",
    "Paste or type a link": "Vložte alebo napíšte odkaz",
    "Paste row after": "Vložiť riadok za",
    "Paste row before": "Vložiť riadok pred",
    "Paste your embed code below:": "Vložte kód na vloženie nižšie:",
    "People": "Ľudia",
    "Permanent Pen Properties": "Vlastnosti permanentného pera",
    "Permanent pen properties...": "Vlastnosti permanentného pera...",
    "Poster": "Plagát",
    "Powered by {0}": "Beží na {0}",
    "Pre": "Pre",
    "Preferences": "Preferencie",
    "Preformatted": "Predformátované",
    "Prev": "Predchádzajúce",
    "Preview": "Ukážka",
    "Previous": "Predchádzajúce",
    "Print": "Tlačiť",
    "Print...": "Tlačiť...",
    "Purple": "Fialová",
    "Quotations": "Citácie",
    "R": "R",
    "Red": "Červená",
    "Redo": "Znovu",
    "Remove color": "Odstrániť farbu",
    "Remove link": "Odstrániť odkaz",
    "Replace": "Nahradiť",
    "Replace all": "Nahradiť všetko",
    "Replace with": "Nahradiť čím",
    "Restore last draft": "Obnoviť posledný koncept",
    "Rich Text Area. Press ALT-0 for help.": "Oblasť RTF. Stlačte ALT-0 pre nápovedu.",
    "Rich Text Area. Press ALT-F9 for menu. Press ALT-F10 for toolbar. Press ALT-0 for help": "Oblasť RTF. Menu: ALT-F9, Panel nástrojov: ALT-F10, Nápoveda: ALT-0",
    "Right": "Vpravo",
    "Right to left": "Sprava doľava",
    "Row": "Riadok",
    "Row group": "Skupina riadkov",
    "Row properties": "Vlastnosti riadka",
    "Row type": "Typ riadka",
    "Rows": "Riadky",
    "Save": "Uložiť",
    "Scope": "Rozsah",
    "Search": "Hľadať",
    "Select all": "Vybrať všetko",
    "Select...": "Vybrať...",
    "Selection": "Výber",
    "Shortcut": "Skratka",
    "Show caption": "Zobraziť titulok",
    "Show invisible characters": "Zobraziť neviditeľné znaky",
    "Size": "Veľkosť",
    "Source": "Zdroj",
    "Source code": "Zdrojový kód",
    "Special character": "Špeciálny znak",
    "Special character...": "Špeciálny znak...",
    "Spellcheck": "Kontrola pravopisu",
    "Split cell": "Rozdeliť bunku",
    "Square": "Štvorec",
    "Strikethrough": "Prečiarknuté",
    "Style": "Štýl",
    "Subscript": "Dolný index",
    "Superscript": "Horný index",
    "Switch to or from fullscreen mode": "Prepnúť režim na celú obrazovku",
    "Symbols": "Symboly",
    "System Font": "Systémové písmo",
    "Table": "Tabuľka",
    "Table of Contents": "Obsah",
    "Table properties": "Vlastnosti tabuľky",
    "Target": "Cieľ",
    "Text": "Text",
    "Text color": "Farba textu",
    "Text to display": "Text na zobrazenie",
    "The URL you entered seems to be an email address. Do you want to add the required mailto: prefix?": "Zadaná URL vyzerá ako e-mailová adresa. Chcete pridať povinný prefix mailto:?",
    "The URL you entered seems to be an external link. Do you want to add the required http:// prefix?": "Zadaná URL vyzerá ako externý odkaz. Chcete pridať povinný prefix http://?",
    "Title Case": "Veľké Počiatočné Písmená",
    "To open the popup, press Shift+Enter": "Pre otvorenie vyskakovacieho okna stlačte Shift+Enter",
    "Tools": "Nástroje",
    "Top": "Vrch",
    "Travel and Places": "Cestovanie a miesta",
    "Turquoise": "Tyrkysová",
    "UPPERCASE": "VEĽKÉ PÍSMENÁ",
    "Underline": "Podčiarknuté",
    "Undo": "Späť",
    "Update": "Aktualizovať",
    "Upload": "Nahrať",
    "Upper Alpha": "Veľké písmená",
    "Upper Roman": "Veľké rímske číslice",
    "Url": "Url",
    "User Defined": "Definované používateľom",
    "V Align": "Vertikálne zarovnanie",
    "Valid": "Platné",
    "Version": "Verzia",
    "Vertical space": "Vertikálny priestor",
    "View": "Zobraziť",
    "Warn": "Upozornenie",
    "White": "Biela",
    "Whole words": "Celé slová",
    "Width": "Šírka",
    "Word count": "Počet slov",
    "Words": "Slová",
    "Words: {0}": "Slová: {0}",
    "Yellow": "Žltá",
    "Yes": "Áno",
    "You have unsaved changes are you sure you want to navigate away?": "Máte neuložené zmeny, ste si istí, že chcete odísť?",
    "alignment": "zarovnanie",
    "comments": "komentáre",
    "example": "príklad",
    "formatting": "formátovanie",
    "history": "história",
    "indentation": "odsadenie",
    "lowercase": "malé písmená",
    "permanent pen": "permanentné pero",
    "styles": "štýly",
    "{0} characters": "{0} znakov",
    "{0} words": "{0} slov"
}
