{
    "Action": "Tevékenység",
    "Activity": "Tevékenység",
    "Address": "Cím",
    "Advanced": "Haladó",
    "Align": "Igazítás",
    "Align center": "Középre igazítás",
    "Align left": "Balra igazítás",
    "Align right": "Jobbra igazítás",
    "Alignment": "Igazítás",
    "All": "Minden",
    "Alternative source": "Alternatív forrás",
    "Alternative source URL": "Alternatív forrás URL",
    "Anchor": "Horgony",
    "Anchor...": "Horgony...",
    "Anchors": "Horgonyok",
    "Animals and Nature": "Állatok és természet",
    "Arrows": "Nyilak",
    "B": "B",
    "Background color": "Háttérszín",
    "Black": "Fekete",
    "Block": "Blokk",
    "Blockquote": "Idézetblokk",
    "Blue": "Kék",
    "Body": "Body",
    "Bold": "Félkövér",
    "Border": "Szegély",
    "Border color": "Szegély színe",
    "Border style": "Szegély stílus",
    "Border width": "Szegély szélessége",
    "Bottom": "Alul",
    "Browse for an image": "Kép keresése",
    "Bullet list": "Felsorolásos lista",
    "Cancel": "Mégsem",
    "Capitalization": "Nagybetűsítés",
    "Caption": "Felirat",
    "Cell": "Cella",
    "Cell padding": "Szöveg és cellakeret közötti távolság",
    "Cell properties": "Cella tulajdonságai",
    "Cell spacing": "Cellatávolság",
    "Cell type": "Cella típusa",
    "Center": "Középre",
    "Characters": "Karakter",
    "Characters (no spaces)": "Karakterek (szóközök nélkül)",
    "Circle": "Kör",
    "Class": "Osztály",
    "Clear formatting": "Formázás törlése",
    "Close": "Bezárás",
    "Code": "Kód",
    "Code sample": "Kódminta",
    "Color": "Szín",
    "Color Picker": "Színválasztó",
    "Color swatch": "Színminta",
    "Cols": "Cols",
    "Column": "Oszlop",
    "Column group": "Oszlopcsoport",
    "Constrain proportions": "Rögzített méretarány",
    "Copy": "Másolás",
    "Copy row": "Sor másolása",
    "Could not find the specified string.": "Nem találta a megadott karakterláncot.",
    "Could not load emoticons": "Nem sikerült betölteni a hangulatjeleket",
    "Count": "Count",
    "Currency": "Pénznem",
    "Current window": "Aktuális ablak",
    "Custom color": "Egyedi szín",
    "Custom...": "Egyedi...",
    "Cut": "Kivág",
    "Cut row": "Sor vágása",
    "Dark Blue": "Sötétkék",
    "Dark Gray": "Sötétszürke",
    "Dark Green": "Sötétzöld",
    "Dark Orange": "Sötét narancs",
    "Dark Purple": "Sötét lila",
    "Dark Red": "Sötétvörös",
    "Dark Turquoise": "Sötét türkiz",
    "Dark Yellow": "Sötét sárga",
    "Date/time": "Dátum/Idő",
    "Decrease indent": "Behúzás csökkentése",
    "Default": "Alapértelmezett",
    "Delete column": "Oszlop törlése",
    "Delete row": "Sor törlése",
    "Delete table": "Táblázat törlése",
    "Dimensions": "Méretek",
    "Disc": "Lemez",
    "Div": "Div",
    "Document": "Dokumentum",
    "Document properties": "Dokumentum tulajdonságai",
    "Drop an image here": "Dobj ide egy képet",
    "Edit": "Szerkesztés",
    "Edit image": "Kép szerkesztése",
    "Embed": "Beágyazás",
    "Emoticons": "Hangulatjelek",
    "Emoticons...": "Hangulatjelek...",
    "Error": "Hiba",
    "Extended Latin": "Kiterjesztett latin",
    "Failed to upload image: {0}": "Nem sikerült képet feltölteni: {0}",
    "Find": "Keresd meg a",
    "Find and replace": "Keresés és csere",
    "Find and replace...": "Keress és cserélj...",
    "Find whole words only": "Csak egész szavak keresése",
    "Finish": "Befejezés",
    "Flags": "Flags",
    "Font": "Betűtípus",
    "Font Sizes": "Betűméretek",
    "Fonts": "Betűtípusok",
    "Food and Drink": "Élelmiszer és ital",
    "Footer": "Lábléc",
    "Format": "Formátum",
    "Format Painter": "Formátumfestő",
    "Formats": "Formátumok",
    "Fullscreen": "Teljes képernyő",
    "G": "G",
    "General": "Általános",
    "Gray": "Gray",
    "Green": "Zöld",
    "H Align": "Vízszintes igazítás",
    "Header": "Header",
    "Header 1": "Header H1",
    "Header 2": "Header H2",
    "Header 3": "Header H3",
    "Header 4": "Header H4",
    "Header 5": "Header H5",
    "Header 6": "Header H6",
    "Header cell": "Header cell",
    "Headers": "Headers",
    "Heading 1": "Heading H1",
    "Heading 2": "Heading H2",
    "Heading 3": "Heading H3",
    "Heading 4": "Heading H4",
    "Heading 5": "Heading H5",
    "Heading 6": "Heading H6",
    "Headings": "Headings",
    "Height": "Magasság",
    "Help": "Segítség",
    "Horizontal line": "Vízszintes vonal",
    "Horizontal space": "Vízszintes tér",
    "Id": "Id",
    "Id should start with a letter, followed only by letters, numbers, dashes, dots, colons or underscores.": "Az azonosítónak betűvel kell kezdődnie, amelyet csak betűk, számok, kötőjelek, pontok, kettőspontok vagy aláhúzások követhetnek.",
    "Ignore": "Figyelmen kívül hagy",
    "Ignore all": "Mindent figyelmen kívül hagy",
    "Image": "Kép",
    "Image description": "Kép leírása",
    "Image list": "Képlista",
    "Image options": "Kép opciók",
    "Image title": "Image title",
    "Image...": "Kép...",
    "Increase indent": "Nagyobb behúzás",
    "Inline": "Beépített",
    "Insert": "Beszúrás",
    "Insert column after": "Oszlop beillesztése utána",
    "Insert column before": "Oszlop beillesztése elé",
    "Insert date/time": "Dátum/idő beillesztése",
    "Insert image": "Kép beszúrása",
    "Insert link": "Link beillesztése",
    "Insert row after": "Sor beszúrása utána",
    "Insert row before": "Sor beszúrása elé",
    "Insert table": "Táblázat beszúrása",
    "Insert video": "Videó beillesztése",
    "Insert/Edit Link": "Hivatkozás beszúrása/szerkesztése",
    "Insert/edit iframe": "Iframe beszúrása/szerkesztése",
    "Insert/edit image": "Kép beszúrása/szerkesztése",
    "Insert/edit link": "Link beszúrása/szerkesztése",
    "Insert/edit media": "Média beillesztése/szerkesztése",
    "Insert/edit video": "Videó beszúrása/szerkesztése",
    "Italic": "Dőlt",
    "Justify": "Sorkizárt",
    "Keyboard Navigation": "Billentyűzet navigáció",
    "Language": "Nyelv",
    "Left": "Bal",
    "Left to right": "Balról jobbra",
    "Light Blue": "Világoskék",
    "Light Gray": "Világosszürke",
    "Light Green": "Világoszöld",
    "Light Purple": "Világos lila",
    "Light Red": "Világosvörös",
    "Light Yellow": "Világossárga",
    "Link": "Link",
    "Link list": "Link lista",
    "Link...": "Link...",
    "Loading emoticons...": "Emotikonok betöltése...",
    "Lower Alpha": "Latin ábécé kisbetűi",
    "Lower Greek": "Görög számok (kisbetűs)",
    "Lower Roman": "Római számok (kisbetűs)",
    "Match case": "Kis- és nagybetűk különbözők",
    "Mathematical": "Matematikai",
    "Media": "Media",
    "Media poster (Image URL)": "Media poster (Image URL)",
    "Media...": "Media...",
    "Medium Blue": "Közepes kék",
    "Medium Gray": "Közepes szürke",
    "Medium Purple": "Közepes lila",
    "Merge cells": "Cellák egyesítése",
    "Middle": "Közép",
    "Midnight Blue": "Éjkék",
    "More...": "Bővebben...",
    "Name": "Név",
    "Navy Blue": "Sötétkék",
    "New window": "Új ablak",
    "Next": "Következő",
    "No": "Nem",
    "No color": "Nincs szín",
    "Nonbreaking space": "Nem törhető szóköz",
    "None": "Nincs",
    "Numbered list": "Számozott lista",
    "OR": "VAGY",
    "Objects": "Objektumok",
    "Ok": "Ok",
    "Open help dialog": "Súgó párbeszédpanel megnyitása",
    "Open link in...": "Link megnyitása itt...",
    "Orange": "Narancs",
    "Page break": "Oldaltörés",
    "Paragraph": "Bekezdés formázása",
    "Paste": "Beillesztés",
    "Paste as text": "Beillesztés szövegként",
    "Paste or type a link": "Link beillesztése vagy beírása",
    "Paste row after": "Beillesztés sor után",
    "Paste row before": "Beillesztés sor előtt",
    "Paste your embed code below:": "Illessze be a beágyazási kódot alább:",
    "People": "Emberek",
    "Permanent Pen Properties": "Állandó toll tulajdonságai",
    "Permanent pen properties...": "Állandó toll tulajdonságai...",
    "Poster": "Poszter",
    "Powered by {0}": "Fejlesztette {0}",
    "Pre": "Pre",
    "Preferences": "Beállítások",
    "Preformatted": "Előformázott",
    "Prev": "Előző",
    "Preview": "Előnézet",
    "Previous": "Előző",
    "Print": "Nyomtatás",
    "Print...": "Nyomtatás...",
    "Purple": "Lila",
    "Quotations": "Idézetek",
    "R": "R",
    "Red": "Piros",
    "Redo": "Újra",
    "Remove color": "Szín eltávolítása",
    "Remove link": "Link eltávolítása",
    "Replace": "Csere",
    "Replace all": "Cserélje ki az összeset",
    "Replace with": "Cserélje ki",
    "Restore last draft": "Az utolsó piszkozat visszaállítása",
    "Rich Text Area. Press ALT-0 for help.": "Rich Text terület. Nyomja meg az ALT-0 gombot segítségért.",
    "Rich Text Area. Press ALT-F9 for menu. Press ALT-F10 for toolbar. Press ALT-0 for help": "Rich Text terület. Nyomja meg az ALT-F9 gombot a menü megjelenítéséhez. Nyomja meg az ALT-F10 billentyűt az eszköztárhoz. Nyomja meg az ALT-0 gombot segítségért",
    "Right": "Jobb",
    "Right to left": "Jobbrlól balra",
    "Row": "Sor",
    "Row group": "Sorcsoport",
    "Row properties": "Sor tulajdonságai",
    "Row type": "Sor típusa",
    "Rows": "Sorok",
    "Save": "Mentés",
    "Scope": "Terjedelem",
    "Search": "Keresés",
    "Select all": "Mindet kiválaszt",
    "Select...": "Válassza ki...",
    "Selection": "Kiválasztás",
    "Shortcut": "Rövidítés",
    "Show caption": "Felirat megjelenítése",
    "Show invisible characters": "Láthatatlan karakterek megjelenítése",
    "Size": "Méret",
    "Source": "Forrás",
    "Source code": "Forráskód",
    "Special character": "Különleges karakter",
    "Special character...": "Különleges karakter...",
    "Spellcheck": "Helyesírás-ellenőrzés",
    "Split cell": "Osztott cella",
    "Square": "Négyzet",
    "Strikethrough": "Áthúzás",
    "Style": "Stílus",
    "Subscript": "Alsó index",
    "Superscript": "Felső index",
    "Switch to or from fullscreen mode": "Teljes képernyős módra váltás vagy teljes képernyős módból való váltás",
    "Symbols": "Szimbólumok",
    "System Font": "Rendszer betűtípus",
    "Table": "Táblázat",
    "Table of Contents": "Tartalomjegyzék",
    "Table properties": "A táblázat tulajdonságai",
    "Target": "Cél",
    "Text": "szöveg",
    "Text color": "Szöveg színe",
    "Text to display": "Megjelenítendő szöveg",
    "The URL you entered seems to be an email address. Do you want to add the required mailto: prefix?": "Az Ön által megadott URL-cím egy e-mail címnek tűnik. Szeretné hozzáadni a szükséges mailto: előtagot??",
    "The URL you entered seems to be an external link. Do you want to add the required http:// prefix?": "Úgy tűnik, hogy a megadott URL egy külső link. Szeretné hozzáadni a szükséges http:// előtagot?",
    "Title Case": "Minden Szó Nagybetűvel Kezdődik",
    "To open the popup, press Shift+Enter": "A felugró ablak megnyitásához nyomja meg a Shift+Enter billentyűkombinációt.",
    "Tools": "Eszközök",
    "Top": "Top",
    "Travel and Places": "Utazás és helyek",
    "Turquoise": "Türkiz",
    "UPPERCASE": "NAGYBETŰS",
    "Underline": "Aláhúzás",
    "Undo": "Visszavonás",
    "Update": "Frissítés",
    "Upload": "Feltöltés",
    "Upper Alpha": "Latin ábécé nagybetűi",
    "Upper Roman": "Római számok (nagybetűk)",
    "Url": "Url",
    "User Defined": "Felhasználó által meghatározott",
    "V Align": "Függőleges igazítás",
    "Valid": "Érvényes",
    "Version": "Verzió",
    "Vertical space": "Függőleges tér",
    "View": "Nézet",
    "Warn": "Figyelmeztetés",
    "White": "Fehér",
    "Whole words": "Egész szavak",
    "Width": "Szélesség",
    "Word count": "Szószám",
    "Words": "Szó",
    "Words: {0}": "Szó: {0}",
    "Yellow": "Sárga",
    "Yes": "Igen",
    "You have unsaved changes are you sure you want to navigate away?": "Nem mentett változtatásai vannak, biztos, hogy el akar navigálni?",
    "alignment": "igazítás",
    "comments": "megjegyzések",
    "example": "példa",
    "formatting": "formázás",
    "history": "history",
    "indentation": "behúzás",
    "lowercase": "kisbetűs",
    "permanent pen": "tartós toll",
    "styles": "stílusok",
    "{0} characters": "{0} karakter",
    "{0} words": "{0} szó"
}