{
    "author": {
        "addNewAuthor": "新增作者",
        "author": "作者",
        "authorDataParsingErrorMessage": "解析 ID 的作者數據時出錯： ",
        "authorHasBeenUpdated": "作者已更新",
        "authorLink": "作者連結",
        "authorName": "作者姓名",
        "authorNameCannotBeEmptyErrorMessage": "作者姓名不能為空。請輸入姓名",
        "authorNameInUseErrorMessage": "提供的作者姓名已被使用。請嘗試其他名稱。",
        "authorNameSimilarInUseErrorMessage": "提供的作者姓名正在使用中；作者姓名不區分大小寫。請嘗試其他名稱。",
        "authorPage": "作者頁面",
        "authorSlugCannotBeEmpty": "作者 slug 不能為空",
        "avatar": "頭像",
        "avatarAndFeaturedImage": "頭像和精選圖片",
        "cannotRemoveMainAuthor": "無法刪除主要作者。",
        "changePostAuthor": "更改文章作者",
        "editAuthor": "編輯作者",
        "eMail": "E-mail",
        "filterOrSearchAuthors": "過濾或搜索作者...",
        "gravatarEmailWarningMessage": "輸入您在 Gravatar 上註冊帳戶時使用的電子郵件地址。",
        "mainAuthor": "主要作者",
        "mainAuthorCannotBeRemoved": "這是本網站的主要作者，無法刪除。",
        "newAuthorHasBeenCreated": "新作者已創建",
        "noAuthorsMatchingYourCriteria": "沒有符合您條件的作者。",
        "removeAuthorsMessage": "您真的要刪除選定的作者嗎？",
        "removeAuthorsSuccessMessage": "選定的作者已被刪除",
        "selectAuthor": "選擇作者",
        "selectAuthorPage": "選擇作者頁面",
        "themeDoesNotSupportFeaturedImagesForAuthors": "您的主題不支持作者的精選圖片",
        "whenYouUseGravatarYourSiteVisitorsWillQueryAThirdPartyServer": "當您使用 Gravatar 服務時，請注意，您的網站訪問者需要查詢第三方伺服器以載入您的頭像。",
        "toUseThisOptionEnableIndexingAuthorPages": "要使用此選項，請首先在 SEO 設置中啟用作者頁面的索引。",
        "useGravatarMessage": "使用 <a href=\"https://gravatar.com/\" target=\"_blank\" rel=\"noopener noreferrer\">Gravatar</a> 提供您的作者頭像",
        "useGravatarServiceMessage": "為了使用 Gravatar 服務，請先提供作者的電子信箱。",
        "website": "網站"
    },
    "core": {
        "archive": {
            "destinationNotExists": "指定輸出目標不存在",
            "errorDuringCreatingTAR": "TAR 歸檔創建期間發生錯誤。\n請再試一次。",
            "errorDuringCreatingZIP": "ZIP 存檔創建期間發生錯誤。\n請再試一次。"
        },
        "backup": {
            "destinationDirectoryDoesNotExists": "目標目錄不存在",
            "errorDuringFileSaveProcess": "文件保存過程中發生錯誤",
            "errorDuringReadingBackupFile": "讀取備份文件時出錯",
            "fileDoesNotExists": "備份文件不存在",
            "fileIsCorrupted": "備份文件已損壞 —— 中止恢復過程。",
            "locationDoesNotExists": "備份位置不存在",
            "temporaryDirectoryDoesNotExists": "臨時目錄不存在"
        },
        "credits": {
            "errorLoadingLicenseMsg": "載入許可證時出錯。\n請再試一次。"
        },
        "images": {
            "responsiveImagesDisabled": "響應式圖像在站點設置下被禁用 —— 所有響應式圖像已被刪除。"
        },
        "rendering": {
            "renderingProcessCrashed": "渲染過程崩潰",
            "renderingProcessCrashedMsg": "有關更多訊息，請查看 工具 > 日誌查看器 下的 rendering-errors.log 和 rendering-process.log 文件。",
            "renderingProcessFailed": "渲染過程失敗"
        },
        "server": {
            "branchDoesNotExist": "所選分支不存在。",
            "creatingNewRemoteFilesTree": "正在創建新的遠程文件樹...",
            "finishingDeploymentProcess": "完成部署過程...",
            "getInfoAboutLatestCommit": "獲取有關最新提交的訊息...",
            "preparingFilesTreeToUpload": "正在準備上傳文件樹...",
            "repositoryDoesNotExist": "所選儲存庫不存在。",
            "requestLimitExceededInfo": "超出了您的 API 請求限制（剩餘 {remaining} 個請求）。\n請等到 {resetTime} UTC，然後重試。",
            "requestTimeout": "請求超時。",
            "retrievingHandlerOfRemoteFilesTree": "正在檢索遠程文件樹處理程序...",
            "retrievingRemoteFilesTree": "正在檢索遠程文件樹...",
            "tokenOrServerAddressInvalid": "提供的憑據或伺服器/倉庫地址無效。",
            "tooManyFilesInfo": "您的網站包含 4000 多個項目（{numberOfFiles} 個文件和目錄）。\n目前我們的 Github Pages 實現只支持最多 4000 個項目的網站。"
        },
        "site": {
            "noConfigurationForResponsiveImages": "沒有響應圖像的配置數據",
            "noImagesToRegenerate": "沒有要重新生成的圖像",
            "noThemeSelected": "未選擇主題"
        },
        "sureYouWantQuit": "你確定你要退出嗎？\n所有未保存的更改都將遺失。",
        "wpImport": {
            "authorsProgressInfo": "導入作者（{progress} / {total}）",
            "imageDownloadError": "下載圖片時出錯：{image}",
            "imagesProgressInfo": "下載圖像（{progress} / {total}）",
            "postsProgressInfo": "導入文章（{progress} / {total}）",
            "tagsProgressInfo": "導入標籤（{progress} / {total}）"
        }
    },
    "customHTML": {
        "tabs": {
            "head": "Head",
            "body": "Body",
            "comments": "評論",
            "searchInput": "搜索輸入欄",
            "searchContent": "搜索內容",
            "socialSharing": "社交分享",
            "footer": "Footer",
            "beforePost": "每篇文章之前",
            "afterPost": "每篇文章之後"
        }
    },
    "date": {
        "apr": "4 月",
        "aug": "8 月",
        "changePostPublicationDate": "更改發布日期",
        "dec": "12 月",
        "feb": "二月",
        "jan": "1 月",
        "jul": "7 月",
        "jun": "6 月",
        "mar": "3 月",
        "may": "5 月",
        "nov": "11 月",
        "oct": "10 月",
        "sep": "9 月"
    },
    "editor": {
        "addHeading": "添加標題",
        "addLabel": "添加標籤",
        "alignTextCenter": "居中對齊",
        "alignTextLeft": "左對齊",
        "alignTextRight": "右對齊",
        "blockEditorHelpPanelDesc": "您可以通過單擊新行上的 <span>+</span> 或 <span>TAB</span> 按鈕或在新行上鍵入以下捷徑或 Markdown 語法來插入塊：",
        "blocks": {
            "code": {
                "idTooltip": "此值將用作代碼 ID"
            },
            "cssClassesLabel": "CSS 類",
            "cssClassesTooltip": "這些 CSS 類將被添加到欄位的 class 屬性中",
            "embed": {
                "idTooltip": "該值將用作嵌入 ID"
            },
            "gallery": {
                "idTooltip": "此值將用作圖庫 ID"
            },
            "header": {
                "customIdLabel": "使用自訂 ID",
                "customIdTooltip": "如果您想使用自己的 ID，而不是自動生成的 ID，請啟用此選項",
                "idTooltip": "此值將用作 header ID"
            },
            "html": {
                "idTooltip": "該值將用作 HTML ID"
            },
            "idLabel": "ID",
            "image": {
                "idTooltip": "該值將用作圖像 ID"
            },
            "list": {
                "idTooltip": "此值將用作列表 ID"
            },
            "paragraph": {
                "idTooltip": "此值將用作段落 ID",
                "styleLabel": "段落樣式",
                "styles": {
                    "highlight": "高亮",
                    "info": "訊息",
                    "success": "成功",
                    "warning": "警告"
                },
                "styleTooltip": "為段落塊選擇其他樣式"
            },
            "quote": {
                "idTooltip": "此值將用作報價 ID"
            },
            "separator": {
                "idTooltip": "該值將用作分隔符 ID"
            },
            "toc": {
                "idTooltip": "該值將用作目錄的 ID"
            }
        },
        "cantSavePostWithEmptyTitle": "您無法保存標題為空的文章。",
        "changesSaved": "更改已保存",
        "clearFormatting": "清除格式",
        "clickToConfirm": "點擊確認",
        "code": "代碼",
        "conversions": {
            "toCode": "代碼",
            "toHeader": "標題",
            "toHTML": "HTML",
            "toList": "列表",
            "toParagraph": "段落",
            "toQuote": "引用"
        },
        "convertTo": "轉換成：",
        "custom": "自訂",
        "defaultSelect": "- 選擇 -",
        "deleteBlock": "刪除塊",
        "dot": "Dot",
        "dots": "Dots",
        "dragAndDropImgToEditor": "將圖像拖放到編輯器上",
        "dropToUploadYourPhotoOr": "拖放以上傳您的照片或",
        "dropToUploadYourPhotosOr": "拖放以上傳您的照片或",
        "element": "元素",
        "emptyGalleryBlock": "空相冊塊",
        "emptyImageBlock": "空圖像塊",
        "enterAltText": "輸入替代文字",
        "enterCaption": "輸入標題",
        "enterUrlOrEmbedCode": "輸入網址或嵌入代碼...",
        "errorOccurred": "發生錯誤，請重試。",
        "gallery": "相冊",
        "header": "標題",
        "heading1": "標題 1",
        "heading2": "標題 2",
        "heading3": "標題 3",
        "heading4": "標題 4",
        "heading5": "標題 5",
        "heading6": "標題 6",
        "hideBulkEdit": "隱藏批次編輯",
        "hideHelp": "隱藏幫助",
        "hideStats": "隱藏統計",
        "html": "HTML",
        "insertGallery": "插入相冊",
        "list": "列表",
        "markdown": "Markdown",
        "markdownHelpPanelDesc": "您可以使用以下鍵盤快捷鍵或 Markdown 語法輕鬆管理標題、文本樣式或創建其他 HTML 元素：",
        "newDraftCreated": "已創建新草稿",
        "newPostCreated": "新文章已創建",
        "nothingFound": "未找到塊",
        "paragraph": "段落",
        "quote": "引用",
        "quoteAuthor": "引用作者",
        "quoteText": "引用文本",
        "readMore": "Read more",
        "readMoreBlockName": "Readmore",
        "selectFiles": "選擇文件",
        "separator": "分隔符",
        "shortcuts": "捷徑",
        "sourceCode": "原始碼",
        "searchForABlock": "搜索塊...",
        "startWriting": "動筆...",
        "startWritingOrPressTabToChooseBlock": "開始寫入或按 TAB 鍵選擇一個塊。",
        "toc": "目錄",
        "tocAutoGenerationInfo": "目錄是根據內容的標題 (H1-H6) 自動生成的。",
        "togglePostStatsPanel": "切換文章統計面板",
        "unableToSetSpellCheckerForLanguage": "(!) 無法將拼寫檢查器設置為使用所選語言 —— ",
        "useOrderedList": "使用有序列表",
        "useUnorderedList": "使用無序列表",
        "viewBulkEdit": "批次編輯",
        "viewHelp": "查看幫助",
        "viewStats": "查看統計",
        "wideLine": "Wide line"
    },
    "file": {
        "addNewFile": "添加新文件",
        "backups": "備份",
        "createBackup": "創建備份",
        "createBackupConfirmMsg": "為您的備份選擇一個名稱 —— 檔案名只能包含字母數字字元、短劃線和下劃線：",
        "createBackupErrorMsg": "創建備份時出錯。\n請再試一次。",
        "createBackupNameEmptyMsg": "提供的檔案名不能為空。\n請輸入名稱。",
        "createBackupNameInUseMsg": "提供的檔案名 (<strong>{filename}</strong>) 已被現有備份使用。\n請使用其他名稱重試。",
        "createBackupSuccessMsg": "已創建備份。",
        "createFirstBackupMsg": "您還沒有任何備份。\n讓我們創建第一個！",
        "creatingBackup": "創建備份",
        "creationDate": "創建日期",
        "deleteBackupsConfirmMsg": "您真的要刪除選定的備份嗎？\n此操作無法撤消。",
        "deleteBackupsErrorMsg": "刪除所選備份時出錯。\n請再試一次。",
        "deleteBackupsSuccessMsg": "已刪除選定的備份",
        "dragAndDropBackupFile": "將備份文件拖放到此處或",
        "dropYourFileHere": "把你的文件放在這裡",
        "file": "文件",
        "fileFromFileManager": "檔案管理器中的文件",
        "fileManager": "檔案管理器",
        "filename": "檔案名",
        "files": "文件",
        "fileSemicolon": "文件：",
        "fileSize": "檔案大小",
        "filterOrSearchFiles": "過濾或搜尋文件...",
        "mediaFiles": "媒體/文件",
        "noBackupsAvailable": "沒有可用的備份",
        "noFileInMediaFilesDirInfo": "media/files 目錄中沒有文件...",
        "noFileInRootDirInfo": "根目錄下沒有文件...",
        "noFileMatchingCriteriaInfo": "沒有符合您條件的文件。",
        "operations": "操作",
        "preparingFilesInOutputDir": "準備輸出目錄中的文件",
        "provideNameForNewFile": "請提供新文件的名稱",
        "removeFilesConfirmMsg": "您真的要刪除選定的文件嗎？\n此操作無法撤消。",
        "removeFilesSuccessMsg": "選定的文件已被刪除",
        "rename": "重命名",
        "renameBackupConfirmLabel": "重命名文件",
        "renameBackupConfirmMsg": "請指定新的備份檔案名：",
        "renameBackupErrorMsg": "重命名所選備份文件時出錯。\n請再試一次。",
        "renameBackupNameEmptyMsg": "備份檔案名不能為空。\n請再試一次。",
        "renameBackupNameInUseMsg": "指定的名稱正被另一個備份文件使用。\n請再試一次。",
        "renameBackupSameNameMsg": "指定的名稱與舊名稱相同。\n請再試一次。",
        "renameBackupSuccessMsg": "備份已成功重命名。",
        "restore": "恢復",
        "restoreBackupConfirmLabel": "恢復備份",
        "restoreBackupConfirmMsg": "您真的要恢復選定的備份嗎？\n現有文件將被覆蓋。",
        "restoreBackupErrorMsg": "還原所選備份文件時出錯： ",
        "restoreBackupSuccessMsg": "網站已成功恢復。",
        "rootDirectory": "根目錄",
        "selectedFileExistsMsg": "以下文件無法複製，因為它們已存在於所選目錄中： ",
        "selectedFilenameInUseMsg": "所選檔案名正在使用中。\n請使用不同的檔案名。",
        "selectFile": "選擇文件",
        "selectFileFromFileManager": "從檔案管理器中選擇一個文件",
        "uploadFiles": "上傳文件"
    },
    "gdpr": {
        "addGroup": "添加組",
        "embedConsents": {
            "addRule": "添加規則",
            "groupButtonLabel": "按鈕標籤",
            "groupCookieGroup": "Cookie 組",
            "groupRule": "URL 包含",
            "groupRulePlaceholder": "youtube.com",
            "groupTextPlaceholder": "許可文本"
        },
        "groupDescriptionPlaceholder": "在此處輸入 cookie 組描述",
        "groupID": "組 ID",
        "groupName": "組名稱",
        "state": "狀態"
    },
    "image": {
        "addImages": "添加圖片",
        "align": "對齊",
        "centeredImage": "居中圖像",
        "columns": "列：",
        "dropFeaturedImageOr": "將精選圖像拖放到此處或",
        "dropToUploadPhotoOr": "拖放以上傳您的照片或",
        "eightColumns": "8 列",
        "enterAltText": "輸入替代文字",
        "enterCaption": "輸入標題",
        "fiveColumns": "5 列",
        "fourColumns": "4 列",
        "fullWidth": "完整寬度",
        "fullWidthImage": "全寬圖像",
        "image": "圖片",
        "imageAlternativeText": "圖像替代文本",
        "imageCaption": "圖片說明",
        "images": "圖片",
        "insertEditGallery": "插入/編輯相冊",
        "layout": "布局",
        "loadingImage": "正在載入圖片...",
        "none": "None",
        "oneColumn": "1 列",
        "pictures": "圖片",
        "removeImage": "移除圖片",
        "sevenColumns": "7 列",
        "sixColumns": "6 列",
        "threeColumns": "3 列",
        "twoColumns": "2 列",
        "uploading": "上傳中",
        "wide": "寬",
        "wideImage": "寬幅圖像",
        "yourGalleryIsEmpty": "你的相冊是空的"
    },
    "langs": {
        "addLanguageSuccessMessage": "已添加語言",
        "deleteLanguage": "刪除語言",
        "getMoreLanguages": "獲取更多語言",
        "goToLanguagesManager": "轉到語言管理器",
        "installLanguage": "安裝語言",
        "isOutdated": "已過時",
        "isOutdatedTitle": "此語言支持最高 v.{supportedVersion} 的 Publii，而您正在使用 Publii v.{currentVersion} —— 請更新 Publii 以使用此語言。",
        "language": "語言：",
        "languageChangedMsg": "應用程式語言已更改",
        "languageChangeError": "發生語言更改錯誤 - 請重試。",
        "languageLoadingError": "載入應用語言時出錯。\n將改為使用預設語言（英語）。\n請轉到語言設定以選擇其他語言。",
        "languages": "語言",
        "removeLanguageMessage": "確實要刪除 {languageName} 語言嗎？",
        "removeLanguageSuccessMessage": "所選語言已被刪除",
        "updatedLanguageSuccessMessage": "所選語言已更新",
        "uploadLanguageErrorMessage": "安裝過程中發生錯誤。\n請再試一次。"
    },
    "link": {
        "addDownloadAttr": "添加“下載”屬性",
        "addLink": "添加連結",
        "addNofollow": "添加 rel=\"nofollow\"",
        "downloadAttribute": "屬性'download'：",
        "insertEditLink": "插入/編輯連結",
        "linkInvalidMsg": "對不起！\n此連結似乎無效。",
        "linkRelAttribute": "連結“rel”屬性",
        "linkTitleAttribute": "連結“title”屬性",
        "openInNewTab": "在新標籤頁中打開",
        "previewLinkInBrowser": "在瀏覽器中預覽此連結",
        "previewOnlyExternalLinksMsg": "您只能在文章編輯器中預覽外部連結",
        "removeLink": "刪除連結",
        "selectLinkType": "選擇連結類型"
    },
    "menu": {
        "addMenuItem": "添加菜單項",
        "addNewMenu": "添加新菜單",
        "addNewMenuItem": "添加新菜單項",
        "addSubmenu": "添加子菜單",
        "addSubmenuItem": "添加子菜單項",
        "assignedMenu": "指定菜單",
        "classCSS": "CSS 類",
        "createNewMenu": "創建新菜單",
        "deleteThisMenuItem": "刪除此菜單項",
        "duplicateThisMenuItem": "複製此菜單項",
        "editMenuItem": "編輯菜單項",
        "editMenuName": "編輯菜單名稱",
        "editThisMenuItem": "編輯此菜單項",
        "externalLink": "外部連結",
        "externalURL": "外部網址",
        "hideThisMenuItem": "隱藏此菜單項",
        "insertActions": "插入所選項目：",
        "insertAfter": "after",
        "insertAsChild": "作為子菜單",
        "insertBefore": "before",
        "internalLink": "內部連結",
        "items": "項目",
        "label": "標籤",
        "likedItemError": "連結的項目尚未呈現（空標籤/作者頁面）、不存在或已被刪除",
        "likedItemIsADraft": "連結的項目是草稿",
        "menu": "菜單",
        "menuItemsRemoveMessage": "您真的要刪除選定的菜單項嗎？",
        "menuItemIsHidden": "此菜單項已隱藏",
        "menuNameCannotBeEmptyCreateNewMenuErrorMessage": "菜單名稱欄位不能為空。\n請輸入菜單名稱。",
        "menuNameCannotBeEmptyErrorMessage": "菜單名稱欄位不能為空。\n請輸入新的菜單名稱。",
        "menuNameExistsErrorMessage": "指定的菜單名稱已存在。\n請使用其他名稱。",
        "menuNameHasBeenEdited": "菜單名稱已修改",
        "menuNameInUseErrorMessage": "指定的菜單名稱正在使用中。\n請輸入新的菜單名稱。",
        "menusRemoveMessage": "您真的要刪除選定的菜單嗎？",
        "menusRemoveSuccessMessage": "選定的菜單已被刪除",
        "moveItem": "移動",
        "newMenuCreated": "新菜單已創建",
        "noMenusAvailable": "沒有可用的菜單",
        "noMenusCreateNewOne": "您還沒有任何菜單。\n讓我們創建第一個！",
        "noMenusMessage": "沒有菜單項；\n透過上面的“添加菜單項”按鈕創建新的。",
        "provideNameForNewMenu": "為您的新菜單命名：",
        "provideNewNameForMenu": "為所選菜單提供一個新名稱：",
        "selectItemType": "選擇項目類型",
        "selectLinkTarget": "選擇連結目標",
        "showThisMenuItem": "顯示此菜單項",
        "textSeparator": "文本分隔符",
        "type": "類型",
        "unassigned": "未分配",
        "unselectItem": "取消選擇"
    },
    "menuPositionPopup": {
        "invalidValue": "無效值：輸入的值不能為 0 並超過主題的默認最大限制。輸入 -1 設為不受限。",
        "maxLevels": "最大值:",
        "themeDefaultValue": "主題預設值:",
        "title": "配置菜單位置",
        "usedBy": "其他菜單使用:"
    },
    "plugins": {
        "addPluginSuccessMessage": "插件已添加",
        "deletePlugin": "刪除插件",
        "getMorePlugins": "獲取更多插件",
        "goToPluginsManager": "返回插件管理器",
        "installPlugin": "安裝插件",
        "isIncompatible": "已過時",
        "isIncompatibleTitle": "此插件支持 v.{supportedVersion} 的 Publii，而您正在使用 Publii v.{currentVersion} - 請更新 Publii 以使用此插件。",
        "plugin": "插件：",
        "plugins": "插件",
        "removePluginMessage": "您真的要刪除 {pluginName} 插件嗎？",
        "removePluginSuccessMessage": "所選插件已被刪除",
        "updatedPluginSuccessMessage": "所選插件已更新",
        "uploadPluginErrorMessage": "安裝過程中發生錯誤。\n請再試一次。"
    },
    "post": {
        "addNewPost": "添加新文章",
        "addPostTitle": "添加文章標題",
        "all": "全部",
        "changePostDate": "更改發布日期",
        "characters": "字元",
        "configureThemeBeforeGeneratingPreview": "在生成這篇文章的預覽之前，必須為此網站選擇和配置一個主題。",
        "currentDefaultTemplate": "當前默認模板",
        "customPostTypes": "自訂文章類型",
        "drafts": "草稿",
        "duplicate": "複製",
        "duplicatePostErrorMessage": "複製所選文章時出錯。\n請再試一次。",
        "duplicatePostSuccessMessage": "所選文章已重複",
        "editorBlock": "塊編輯器",
        "editorBlockInfo": "一個現代且直觀的編輯器，具有快捷鍵和Markdown支持，使部落格變得容易，無需擔心 HTML 或其他代碼元素。",
        "editorBlockNotSupportedEditPostInfo": "當前主題不支持本文中使用的塊編輯器。\n這篇文章可能會錯誤地呈現到輸出文件中。",
        "editorBlockNotSupportedNewPostInfo": "當前主題不支持本文中使用的塊編輯器。\n這篇文章可能會錯誤地呈現到輸出文件中。",
        "editorBlockUse": "使用塊編輯器",
        "editorMarkdown": "Markdown 編輯器",
        "editorMarkdownInfo": "該編輯器支持 Markdown 語法作為快速生成內容的簡寫；\n非常適合大量的、基本的項目，例如文件。",
        "editorMarkdownUse": "使用 Markdown 編輯器",
        "editorWYSIWYG": "所見即所得編輯器",
        "editorWYSIWYGInfo": "該編輯器提供了熟悉的文字處理體驗，並為想要控制其頁面內容的各個方面的用戶提供了額外的工具。",
        "editorWYSIWYGUse": "使用所見即所得編輯器",
        "editPostAnyway": "仍然編輯文章",
        "excluded": "排除在外",
        "excludeFromHomepage": "從首頁中排除",
        "featured": "精選",
        "filterOrSearchPosts": "過濾或搜尋文章...",
        "hidden": "隱藏",
        "hidePost": "隱藏文章",
        "includeInHomepage": "包含在首頁中",
        "markAsDraft": "標記為草稿",
        "markAsFeatured": "標記為精選",
        "markAsUnfeatured": "標記為未精選",
        "min": "min",
        "modificationDate": "修改日期",
        "moveToTrash": "移至回收站",
        "noPostsMatchingYourCriteria": "沒有符合條件的文章。",
        "openEditorAnyway": "還是打開編輯器",
        "paragraphs": "段落",
        "post": "文章",
        "postAuthor": "文章作者",
        "postLink": "文章連結",
        "postName": "文章名稱",
        "postPage": "發布頁面",
        "posts": "文章",
        "postSettings": "文章設置",
        "postSlug": "文章別名",
        "postSlugLengthWarning": "超過 250 個字元的文章別名可能會導致在網站渲染中創建損壞的文件。",
        "postSlugTooLong": "文章 slug 太長了",
        "postSlugUpdateButton": "更新",
        "postState": "發布狀態",
        "postStatusChangeSuccessMessage": "所選文章的狀態已更改",
        "postTemplate": "文章模板",
        "postWillNotAppearOnHomepageListMsg": "文章不會出現在首頁列表中",
        "postWillNotAppearOnListMsg": "文章不會出現在任何生成的文章列表中，例如標籤或作者頁面",
        "publicationDate": "發布日期",
        "publish": "發布",
        "published": "已發布",
        "readingTime": "閱讀時長",
        "removePostMessage": "您真的要刪除選定的文章嗎？\n這不能被撤消。",
        "removePostSuccessMessage": "選定的文章已被刪除",
        "selectPostPage": "選擇文章頁面",
        "sentences": "句子",
        "setCustomPostDate": "設置自訂發布日期",
        "status": "狀態：",
        "thisPostIsADraft": "這篇文章是草稿",
        "thisPostIsExcludedFromHomepage": "這篇文章被排除在首頁之外",
        "thisPostIsFeatured": "該文章已精選",
        "thisPostIsHidden": "此文章已隱藏",
        "title": "標題",
        "trashed": "已回收",
        "uniqueWords": "獨特的詞",
        "updatedOn": "更新於",
        "url": "網址",
        "words": "字"
    },
    "publii": {
        "aboutPublii": "關於Publii",
        "currentPubliiVersion": "版本",
        "accept": "接受",
        "copyright": "版權所有 2024 <a href=\"https://tidycustoms.net\" target=\"_blank\" rel=\"noopener noreferrer\">TidyCustoms</a>保留所有權利.<br>Publii 是由核心團隊設計和維護的<a href=\"https://electronjs.org\" target=\"_blank\" rel=\"noopener noreferrer\">Electron</a> 開源項目和其他項目使其成為可能.中文包能幫到你我很高興 By Dyxang ",
        "creditsIntro": "Publii 使用以下第三方開源軟體：",
        "dataCollectionInfo": "我們不會在您使用 Publii 應用時<strong>收集任何</strong>個人數據；\n我們不會儲存、跟蹤或允許第三方收集有關您的個人身份訊息。 ",
        "homepage": "首頁",
        "license": "許可協議",
        "licensingInformation": "授權訊息",
        "openSourceSoftware": "開源軟體",
        "publiiLicenseAgreement": "Publii 許可協議。",
        "publiiLicenseAgreementInfo": "該軟體在 GNU GPL 版本 3 下獲得許可。<br>單擊“接受”即表示您同意"
    },
    "rendering": {
        "errorDuringPreviewCreatingMsg": "創建預覽時出錯。",
        "rendering": "正在渲染...",
        "renderingErrorText": "網站渲染過程中出現錯誤。",
        "renderingPleaseWait": "渲染過程完成，請稍候。",
        "selectThemeBeforeCreatingPreviewMsg": "在嘗試創建網站預覽之前，您必須選擇一個主題。\n請轉到網站設置部分並選擇一個主題。"
    },
    "repeater": {
        "addItem": "新增項目",
        "duplicateItem": "複製項目",
        "emptyState": "點擊按鈕添加第一個元素",
        "removeItem": "移除項目"
    },
    "settings": {
        "addGDPRCookieBanner": "添加 GDPR Cookie 橫幅",
        "additionalValidElementsInWYSIWYGEditor": "所見即所得編輯器中的其他有效元素",
        "additionalValidElementsInWYSIWYGEditorInfo": "如果 WYSIWYG 編輯器自動從您的 HTML 代碼中刪除一些標籤，您可以在此處將它們添加為允許的元素。<br> 例如：<strong>v-select[*],v-dropdown[*]</strong> 將允許\n具有任何屬性的自訂 v-select 和 v-dropdown 標籤。",
        "advancedOptions": "高級選項",
        "advancedPreviewDesc": "高級預覽允許您在不打開瀏覽器的情況下呈現網站",
        "alwaysAddIndexHTMLInURLs": "始終在 URL 中添加 index.html",
        "alwaysSaveSearchState": "始終保存搜索狀態",
        "anchorLink": "錨連結",
        "appSettings": "應用設定",
        "appSettingsSavedMsg": "應用設定已成功保存。",
        "appSettingsSaveErrorMsg": "保存應用程式設定時出錯。\n請再試一次。",
        "appUIZoomLevel": "介面顯示比例",
        "appUIZoomLevelInfo": "調整界面縮放以提高您的可見性和舒適性，同時管理您的內容。 此選項允許您將用戶界面縮放到您的首選大小 確保文本、圖示和其他界面元素易於讀取和檢索。",
        "ascending": "升序",
        "authorPage": "作者頁面",
        "authorPages": "作者頁面",
        "authorPageTitleVariables": "在作者頁面標題中可以使用以下變數：%authorname, %sitename。",
        "authorPrefix": "作者前綴：",
        "authorPrefixInfo": "定義出現在 URL 中作者 slug 之前的前綴，例如\n<strong>https://example.com/AUTHOR_PREFIX/author-slug</strong>。<br>",
        "authorsPrefixCannotBeEmpty": "作者前綴不能為空。",
        "authorsPrefixCannotEqualTagsPrefix": "作者前綴不能與標籤前綴相同。",
        "backupLocation": "備份位置",
        "backupLocationChangedConfirmMsg": "備份儲存位置已更改。\n所有新備份都將儲存在此目錄中。\n如果您需要訪問較早的備份，可以手動將它們移動到新目錄。",
        "badge": "徽章",
        "badgeAndCustomLink": "徽章自訂連結",
        "badgeLabel": "徽章標籤",
        "bannerPosition": "橫幅位置",
        "basicSettings": "基本設置",
        "byIDAscending": "按 ID 升序",
        "byIDDescending": "按 ID 降序",
        "cannotAddIndexHTMLInURLsInfo": "如果您無法在伺服器上打開文件夾時預設啟用載入 index.html 文件，請啟用此選項。",
        "cardTypes": "卡片類型",
        "changeSitesLocationWithoutCopyingFiles": "更改站點位置而不將現有站點移動到新目錄",
        "closePostEditorOnSave": "保存時關閉文章編輯器",
        "codeEditor": "代碼編輯器 (CodeMirror)",
        "colorTheme": "主題顏色",
        "content": "內容",
        "convertToWebp": "轉換為 WebP 格式",
        "convertToWebpInfo": "如果您想要將所有 JPG、JPEG 和 PNG 圖像轉換為 WebP 格式，請啟用此選項。 一旦啟用，您的圖像縮略圖將需要重新生成。 注意，這個功能只有在您使用 Sharp 庫生成縮略圖時才能起作用。",
        "convertToWebpJimpWarning": "此選項不適用於當前使用的圖像調整引擎Jimp，請在應用程序的設置中切換到Sharp。",
        "cookieGroups": "Cookie 組",
        "cookieBanner": "Google 橫幅",
        "cookieBasic": "基礎",
        "cookieBasicDescription": "此部分包含負責在您的網站上顯示 cookie 橫幅的設置，讓訪客知道網站是否使用 cookie 。",
        "cookieAdvanced": "進階設定",
        "cookieAdvancedDescription": "此部分包含顯示高級的 cookie 設置的彈出模式的選項，這樣訪客可以管理特定組的 cookie 的許可。",
        "createXMLSitemap": "創建 XML 站點地圖",
        "currentTheme": "當前主題：",
        "customElementsInWYSIWYGEditor": "所見即所得編輯器中可用的自訂元素",
        "customElementsInWYSIWYGEditorInfo": "如果所見即所得編輯器自動從HTML代碼中刪除一些標記，您可以將它們作為自訂元素添加到這裡。<br>例如:<strong>v-select,v-dropdown</strong>",
        "customFeedTitle": "自訂 Feed 標題",
        "customLanguageCode": "自訂語言代碼：",
        "darkMode": "深色模式",
        "defaultAuthorsOrdering": "默認作者排序：",
        "defaultOrderingOnLists": "默認列表排序：",
        "defaultPostsOrdering": "默認文章排序：",
        "defaultTagsOrdering": "默認標籤排序：",
        "descending": "降序",
        "disableAuthorsPagination": "禁用作者分頁",
        "disableAuthorsPaginationIndexing": "禁用作者分頁索引",
        "disableAuthorsPaginationIndexingInfo": "如果啟用此選項，您的作者分頁文件將從站點地圖中排除，並將添加 <strong>noindex, follow</strong> 機器人元標記。",
        "disableAuthorsPaginationInfo": "如果啟用此選項，您的作者分頁將不會生成。",
        "disableHomepagePagination": "禁用首頁分頁",
        "disableHomepagePaginationInfo": "如果啟用，首頁分頁將不生成。",
        "disableHomepagePaginationIndexing": "禁用首頁分頁索引",
        "disableTagsPagination": "禁用標籤分頁",
        "disableTagsPaginationIndexing": "禁用標籤分頁索引",
        "disableTagsPaginationIndexingInfo": "如果啟用此選項，您的標籤分頁文件將從站點地圖中排除，並將添加 <strong>noindex, follow</strong> 機器人元標籤。",
        "disableTagsPaginationInfo": "如果啟用此選項，您的標籤分頁將不會生成。",
        "displayEmptyAuthors": "顯示不帶文章的作者",
        "displayEmptyAuthorsInfo": "如果啟用此選項，未分配文章的作者仍將創建其子頁面並顯示在作者列表中。",
        "displayEmptyTags": "顯示不帶文章的標籤",
        "displayEmptyTagsInfo": "如果啟用此選項，未分配文章的標籤仍將創建其子頁面並顯示在標籤列表中。",
        "dontIndexThisPage": "要求搜尋引擎不要抓取整個網站。",
        "editorFontFamily": "Font family",
        "editorFontFamilySansSerif": "無襯線字體",
        "editorFontFamilySerif": "襯線",
        "editorFontSize": "字體大小 (px)",
        "editors": "Editors",
        "embedConsents": "嵌入內容許可",
        "embedConsentsDescription": "本節允許您阻止從可能設置cookie的第三方內容提供商載入到iFrame中的內容。通過提供iframe URL的域，例如<strong>youtube.com</strong>，填寫所需的元素，如消息、接受按鈕，並將其分配給現有的cookie組，iframe將被替換為占位符，通知訪問者由於其同意設置而阻止了內容（即訪問者未同意iframe在cookie橫幅中使用的cookie類型）。",
        "embedVideos": "嵌入影片",
        "enableAdvancedPreview": "啟用高級預覽",
        "enableAutoIndent": "啟用自動縮進",
        "enableCSSCompression": "啟用 CSS 壓縮",
        "enableHTMLCompression": "啟用 HTML 壓縮",
        "enableJSONFeed": "啟用 JSON feed",
        "enableMediaLazyLoad": "啟用媒體懶載入",
        "enableMediaLazyLoadInfo": "如果您想要使用本地懶載入的圖像、影片和iframes，請啟用此選項。",
        "enableResponsiveImages": "啟用響應式圖像",
        "enableResponsiveImagesInfo": "如果您想根據通過主題文件夾中的 config.json 文件定義的斷點以不同的螢幕解析度提供不同大小的圖像，請啟用此選項。",
        "enableRSSFeed": "啟用 RSS feed",
        "enableSharingButtons": "啟用分享按鈕",
        "enableSpellchecker": "啟用拼寫檢查器",
        "errorPage": "錯誤頁面：",
        "errorPageFilenameCannotBeEmpty": "錯誤頁面檔案名不能為空。",
        "errorPageFilenameCannotEqualSearchPageFilename": "錯誤頁面檔案名不能與搜索頁面檔案名相同。，",
        "errorPageTitleVariables": "錯誤頁面標題中可以使用以下變數：%sitename。",
        "excludedFiles": "排除的文件",
        "excludeFeaturedPosts": "排除精選文章",
        "excludeFilesFromSitemapInfo": "鍵入要從站點地圖中排除的 HTML 文件或文件夾的逗號分隔列表。<br>例如：<strong>avoid-this-file.html,avoid-this-catalog-too</strong>。",
        "experimentalFeaturesWarning": "我們一直在尋找改進應用程式的方法。\n本節包含旨在擴展 Publii 功能的實驗性功能。\n由於它們是實驗性的，我們不能保證它們會正常工作；\n啟動它們需要您自擔風險。",
        "experimentalFeatureAppAutoBeautifySourceCode": "在所見即所得編輯器中自動美化原始碼",
        "experimentalFeatureAppAutoBeautifySourceCodeDesc": "該功能可以在所見即所得編輯器中對原始碼進行自動美化",
        "experimentalFeatureAppFtpAlt": "使用備選 FTP 庫部署",
        "experimentalFeatureAppFtpAltDesc": "嘗試這個，特別是如果您的主機使用IPv6作為伺服器地址",
        "externalImages": "外部圖像",
        "externalPage": "外部頁面",
        "facebook": "Facebook",
        "facebookAppID": "臉書應用編號",
        "facebookAppIDInfo": "閱讀如何獲取 <a href=\"https://developers.facebook.com/docs/apps/\" target=\"_blank\" rel=\"noopener noreferrer\">Facebook App ID</a>。",
        "fallbackImage": "後備圖片",
        "fallbackLogoImage": "後備 Logo 圖片",
        "fallbackLogoImageInfo": "The logo must fit in a 60 &times; 600 pixel box.",
        "featuredPostsOrderBy": "精選文章按以下順序排列：",
        "featuredPostsOrdering": "精選文章排序：",
        "feedsRelativeUrlsInfo": "若要查看 RSS/JSON Feed設置，請在伺服器設置中禁用“使用相對URL”選項；否則不會為您的網站生成Feed。",
        "feedTitle": "Feed 標題：",
        "feedUpdatedDateType": "文章更新日期設定為：",
        "filesLocation": "檔案位置",
        "footerText": "頁尾文字",
        "frontpage": "首頁",
        "gConsentModeDefaultState": "默認狀態",
        "gConsentModeEnabled": "啟用Google同意模式",
        "gConsentMode": {
            "addGroup": "添加 cookie 組設置",
            "cookieGroup": "Cookie 組",
            "description": "此部分允許您指定Google同意模式的默認狀態，並指定用戶接受指定的 cookie 組時將發送的信號。 如果您需要與 Google 同意模式相容，請使用這些選項。 如果您不使用 Google Analytics, Google Ads 或類似的工具，您很可能不需要啟用此功能。",
            "title": "Google同意模式"
        },
        "GDPR": "GDPR",
        "gdprBannerPosition": {
            "centered": "居中對齊",
            "left": "左對齊",
            "right": "右對齊",
            "bar": "Bar"
        },
        "gdprAllowAdvancedConfiguration": "啟用高級的 Cookie 配置",
        "gdprAdvancedConfigurationLinkLabel": "按鈕標籤進階設定",
        "gdprAdvancedConfigurationLinkPlaceholder": "管理偏好設定",
        "gdprAdvancedConfigurationAcceptButtonLabel": "接受按鈕標籤",
        "gdprAdvancedConfigurationRejectButtonLabel": "拒絕按鈕標籤",
        "gdprAdvancedConfigurationSaveButtonLabel": "保存按鈕標籤",
        "gdprAdvancedConfigurationTitle": "彈出標題",
        "gdprAdvancedConfigurationDescription": "彈出消息",
        "gdprAdvancedConfigurationPrivacyLink": "隱私政策連結",
        "gdprAdvancedConfigurationPrivacyLinkDescription": "在彈出消息中顯示隱私策略頁面的連結。 如果基本部分中的“顯示隱私政策連結”選項被禁用，該連結也不會在彈出窗口中顯示。",
        "gdprBehaviourInfo": "記住在你的網站導航或網站內容中放置一個帶有上述錨的連結（例如<a href=“#cookie settings”>Cookie首選項</a>）。否則，您網站的用戶可能無法更改其個人 cookie 首選項。",
        "gdprCookieSettingsRevision": "設置版本",
        "gdprCookieSettingsTTL": "在 X 天內保存訪客同意設置",
        "gdprDebugMode": "啟用除錯模式",
        "gdprShowRejectButton": "顯示拒絕按鈕",
        "gdprRejectButtonLabel": "拒絕按鈕標籤",
        "gdprBannerTitle": "橫幅標題",
        "gdprBannerMessage": "橫幅消息",
        "generateOpenGraphTags": "生成 Open Graph 標籤",
        "generateTwitterCards": "生成 Twitter 卡片",
        "googleAnalyticsTrackingID": "Google Analytics Tracking ID",
        "hiddenPostsOrderBy": "隱藏文章的順序：",
        "hiddenPostsOrdering": "隱藏文章排序：",
        "hideCustomExcerptsOnPostPages": "在文章頁面上隱藏自訂摘錄",
        "hideCustomExcerptsOnPostPagesInfo": "如果啟用此選項，您的文章頁面將不會顯示位於文章編輯器中“閱讀更多”元素上方的文本。",
        "homepageNoIndexPagination": "如果啟用此選項，您的首頁分頁文件將從站點地圖中排除，並將添加 <strong>noindex, follow</strong> 機器人元標記。",
        "homepagePagination": "首頁分頁",
        "howToPrepareYourThemeForGDPRInfo": "啟用 GDPR Cookie 彈出窗口需要對您的主題進行一些額外的更改，尤其是在您使用第三方腳本的情況下。 \n<a href=\"https://getpublii.com/dev/prepare-theme-gdpr-compliant/\" target=\"_blank\" rel=\"noopener noreferrer\">閱讀如何為 GDPR 準備主題</a>。",
        "howYtNoCookiesWorks": "啟用時，嵌入網址的YouTube域名例如“www.youtube.com”將自動更改為“www.youtube-nocookie.com”，防止嵌入式播放器個性化遊客的YouTube瀏覽體驗，並確保沒有訊息用於自訂顯示給您站點外遊客的廣告。通過訪問<a href=\"https://support.google.com/youtube/answer/171780?hl=en#zippy=%2Cturn-on-privacy-enhanced-mode\">YouTube 幫助頁面</a>了解更多關於增強隱私模式的訊息。",
        "howVimeoNoTrackWorks": "啟用時，額外的<code>dnt=1</code>參數將被添加到Vimeo 嵌入的連結(player.vimeo.com/video)防止嵌入式播放器跟蹤任何會話數據，包括所有 cookie 和分析。訪問<a href=\"https://vimeo.zendesk.com/hc/en-us/articles/360001494447-Player-parameters-overview\">Vimeo 幫助頁面</a>了解更多 Vimeo 播放器的參數。",
        "imageResizeEngineInfo": "Sharp 調整大小引擎比 Jimp 快得多，但可能會導致某些圖像出現問題。\n如果您在創建或重新生成縮圖時遇到問題，請嘗試切換到 Jimp 調整大小引擎。\n如果您希望使用 WebP 圖像，則需要使用 Sharp 調整大小引擎。",
        "imagesResizeEngine": "圖片大小調整引擎：",
        "imageResizeEngineWarning": "Jimp調整引擎和將圖像轉換為WebP格式的選項不能正常工作。確保你所有的網站都禁用了“網站速度/轉換為WebP格式”，並確保重新生成縮略圖以保持一致性。",
        "indentSize": "縮進大小（空格）",
        "internalPage": "內部頁面",
        "leaveBlankForDefaultBackupsDir": "留空以使用默認備份目錄",
        "leaveBlankForDefaultPreviewDirectory": "留空以使用默認預覽目錄",
        "leaveBlankToUseDefaultPageTitle": "留空以使用默認頁面標題",
        "leaveBlankToUseDefaultSitesDir": "留空以使用默認站點目錄",
        "lightMode": "淺色模式",
        "linkedIn": "領英",
        "linkLabel": "連結標籤",
        "loadAtStart": "啟動時載入",
        "metaDescription": "網站簡介：",
        "metaRobots": "Meta Robots:",
        "noIndexForChatGPTBot": "阻止 GPTBot 機器人",
        "noIndexForChatGPTUser": "阻止 ChatGPT-User 機器人",
        "noIndexForChatGPTBotInfo": "啟用後，將防止您的站點內容被GPTBot bot 索引(<a href=\"https://platform.openai.com/docs/gptbot\" target=\"_blank\">用於crawling</a>)。 請注意，只有不使用自己的 robots.txt 文件時它才會生效。",
        "noIndexForChatGPTUserInfo": "啟用後，將防止您的站點內容被ChatGPT-User bot 索引(<a href=\"https://platform.openai.com/docs/plugins/bot\" target=\"_blank\">用於ChatGPT 插件</a>)。 請注意，只有不使用自己的 robots.txt 文件時它才會生效。",
        "noIndexForCommonCrawlBots": "阻止通用爬蟲機器人",
        "noIndexForCommonCrawlBotsInfo": "啟用後，將防止您的站點內容被通用機器人索引。 請注意，只有不使用自己的 robots.txt 文件時，它才會生效。",
        "noIndexWebsite": "無索引網站",
        "notSelected": "未選擇",
        "numberOfPostsInFeed": "Feed 中的文章數",
        "openDevtoolsInMainW": "在主窗口中自動打開 DevTools",
        "openGraph": "Open Graph",
        "openLastUsedWebsite": "打開上次使用的網站",
        "openPopupWindowBy": "透過以下方式打開彈出窗口",
        "optionsForDevelopers": "開發人員的選項",
        "optionsForEditors": "編輯器選項",
        "optionsForExperimentalFeatures": "實驗功能",
        "ordering": {
            "authorASC": "按作者（升序）",
            "authorDESC": "按作者（降序）",
            "createdASC": "按創建日期（升序）",
            "createdDESC": "按創建日期（降序）",
            "idASC": "按 ID（升序）",
            "idDESC": "按 ID（降序）",
            "modifiedASC": "按修改日期（升序）",
            "modifiedDESC": "按修改日期（降序）",
            "nameASC": "按名稱（升序）",
            "nameDESC": "按名稱（降序）",
            "postsCounterASC": "按文章數（升序）",
            "postsCounterDESC": "按文章數（降序）",
            "titleASC": "按標題（升序）",
            "titleDESC": "按標題（降序）"
        },
        "pageName": "頁面名稱",
        "pageTitle": "頁面標題",
        "pageTitleVariables": "可以在頁面標題中使用以下變數：%posttitle, %sitename, %authorname",
        "paginationPhrase": "分頁短語：",
        "paginationPhraseCannotBeEmpty": "分頁短語不能為空。",
        "paginationPhraseInfo": "定義 URL 中頁碼之前使用的短語，例如<strong>https://example.com/tags/tag-slug/page/2</strong>。<br>",
        "password": {
            "alwaysAskForPassword": "總是要求輸入密碼",
            "password": "密碼",
            "passwordFieldCantBeEmpty": "密碼欄位不能為空。"
        },
        "pinterest": "Pinterest",
        "postCreationDate": "文章創建日期",
        "postID": "文章 ID",
        "postModificationDate": "最後修改日期",
        "postPageTitleVariables": "可以在文章頁面標題中使用以下變數：%posttitle, %sitename, %authorname。",
        "postsListing": "Posts Listing",
        "postsOrderBy": "文章排序：",
        "postsOrdering": "文章排序：",
        "postTile": "文章標題",
        "previewLocation": "預覽位置",
        "previewLocationChangedConfirmMsg": "預覽儲存位置已更改。\n請注意，創建網站預覽時，此文件夾中的現有文件將被刪除。",
        "privacyPolicyLinkLabel": "隱私政策連結標籤",
        "privacyPolicyPage": "隱私政策頁面",
        "privacyPolicyPageURL": "隱私政策頁面 URL",
        "privacyPolicyURL": "隱私政策網址",
        "provideFacebookAppID": "請提供 <a href=\"https://developers.facebook.com/docs/apps/\" target=\"_blank\" rel=\"noopener noreferrer\">Facebook App ID</a>",
        "random": "隨機",
        "readAboutOurRecommendedServerSettings": "想要了解更多關於推薦伺服器配置的訊息嗎？請參考以下文件 <a href=\"https://getpublii.com/docs/recommended-server-settings.html\" target=\"_blank\">文章</a>。",
        "relatedPostsOptions": "相關文章選項",
        "relatedPostsOptionsInfo": "啟用後，將從所有標籤中獲取相關文章。\n禁用後，將僅從與當前文章相同的標籤生成相關文章。",
        "relatedPostsOrdering": "相關文章排序：",
        "relatedPostsSelectionMechanism": "相關文章選擇機制：",
        "removeHTMLComments": "刪除 HTML 注釋",
        "responsiveImagesQuality": "響應式圖像質量",
        "responsiveImagesAlphaQuality": "響應性圖像 Alpha 質量(僅限WebP)",
        "RSSJSONFeed": "RSS/JSON Feed",
        "saveButtonLabel": "保存按鈕標籤",
        "saveSearchStateInfo": "啟用後，即使在創建新文章時，Publii 也會保存當前的搜索結果，讓您返回列表。\n默認情況下，Publii 僅在打開文章進行編輯時保存搜尋結果。",
        "requiresRestartingApp": "需要重新啟動 Publii 應用程式",
        "saveSettings": "保存設置",
        "searchPage": "搜索頁面：",
        "searchPageFilenameCannotBeEmpty": "搜索頁面檔案名不能為空。",
        "searchPageTitleVariables": "在搜索頁面標題中可以使用以下變數：%sitename。",
        "selectedDirInvalid": "所選目錄不存在。",
        "selectPage": "選擇頁面",
        "showFeaturedImage": "顯示精選圖片",
        "showFeaturedImageInfo": "在 Feed 中顯示文章的精選圖片。",
        "showFullText": "顯示全文",
        "showFullTextInFeedInfo": "在提要中顯示文章的全文。",
        "showModificationDate": "顯示修改日期",
        "showModificationDateAsColumn": "將修改日期顯示為列",
        "showOnlyFeaturedPosts": "僅顯示精選文章",
        "showPostTagsOnTheListing": "在列表中顯示文章標籤",
        "showPostSlugsOnTheListing": "在列表中顯示文章別名",
        "showPrivacyPolicyLink": "顯示隱私政策連結",
        "sitemap": "Sitemap",
        "sitemapLinkInfo": "您可以在此處找到 XML 站點地圖：<a href=\"{sitemapLink}\" class=\"sitemap-external-link\" target=\"_blank\" rel=\"noopener noreferrer\">sitemap.xml</a>",
        "sitemapRelativeUrlsInfo": "若要查看站點地圖設定，請在伺服器設置中禁用“使用相對URL”選項；否則您的網站將不會生成網站地圖。",
        "siteSettings": "網站設置",
        "siteSettingsSaveDuplicateNameErrorMessage": "提供的站點名稱正在使用中。\n請嘗試其他網站名稱。",
        "siteSettingsSaveEmptyNameErrorMessage": "站點名稱不能為空。\n請輸入站點名稱。",
        "siteSettingsSaveNoKeyringErrorMessage": "由於安全密碼儲存軟體的問題，Publii 無法保存設置。\n重新啟動應用程式並重試。\n如果問題仍然存在，請通過社區論壇向我們的團隊報告。",
        "siteSettingsSaveNoKeyringErrorMessageLinux": "由於未安裝安全密碼儲存軟體，Publii 無法保存設置。\n通過 https://github.com/atom/node-keytar/ 按照 Node Keytar 的安裝說明進行操作，然後重試。\n您的系統很可能缺少 libsecret-1-dev 和 gnome-keyring 套裝軟體。",
        "siteSettingsSaveSiteNotExistsErrorMessage": "網站不存在。\n請重新啟動應用程式。",
        "siteSettingsSaveSuccessMessage": "站點設置已成功保存。",
        "sitesLocation": "站點位置",
        "sitesLocationChangedConfirmMsg": "站點位置已更改。\n在您的站點文件移到那裡之前，新目標文件夾中的現有文件將被刪除；\n你要繼續嗎？",
        "spellcheckerDoesNotSupportLanguage": "拼寫檢查器不支持您選擇的網站語言。\n我們建議禁用此功能。",
        "system": "系統",
        "systemColors": "使用系統配色方案",
        "tagPages": "標籤頁",
        "tagPageTitleVariables": "可以在標籤頁標題中使用以下變數：%tagname、%sitename。",
        "tagPrefix": "標籤前綴：",
        "tagPrefixInfo": "此處輸入的前綴將添加到 URL 中的標記段之前，例如\n<strong>https://example.com/TAG_PREFIX/tag-slug</strong><br>此前綴還用於生成標籤列表頁面（如果您的主題支持），例如\n<strong>https://example.com/TAG_PREFIX/index.html</strong>",
        "tagsListPage": "標籤列表頁面",
        "tagsListPageTitleVariables": "在標籤列表頁面標題中可以使用以下變數：%sitename。",
        "tagsPrefixCannotBeEmpty": "如果啟用 pretty URL，則標籤前綴不能為空。",
        "themeDoesNotHaveSupportedFeaturesList": "<p>您的主題的 <strong>config.json</strong> 文件不包含 <strong>supportedFeatures</strong> 部分。\n請更新或修改您的主題，以包含有關您當前使用的主題不支持的功能的準確消息。 \n<a href=\"https://getpublii.com/dev/theme-supported-features\" target=\"_blank\" rel=\"noopener noreferrer\">詳細了解支持的功能</a>。</p>",
        "themeDoesNotSupport404ErrorPage": "您的主題不支持 404 錯誤頁面。",
        "themeDoesNotSupportAuthorPages": "您的主題不支持作者頁面。",
        "themeDoesNotSupportErrorPages": "您的主題不支持錯誤頁面",
        "themeDoesNotSupportSearchPages": "您的主題不支持搜索頁面",
        "themeDoesNotSupportTagPages": "您的主題不支持標籤頁。",
        "themeDoesNotSupportTagsListPage": "您的主題不支持標籤列表頁面。",
        "themeDoesNotSupportEmbedConsents": "您的主題不支持內嵌內容許可。",
        "themePrimaryColor": "主題主顏色",
        "timeFormat": "時間格式：",
        "toViewSitemapEnableIndexingInfo": "要查看站點地圖設定，請在 SEO 設置選項卡中禁用“要求搜尋引擎不索引此網站”選項；\n否則不會為您的網站生成站點地圖。",
        "tumblr": "Tumblr",
        "twitter": "推特",
        "twitterCards": "Twitter Cards",
        "twitterUsername": "推特使用者名稱",
        "twitterSummaryCard": "摘要卡",
        "twitterSummaryCardLargeImage": "帶有大圖的摘要卡",
        "urls": "URLs",
        "useAsTitlePageTitle": "用作標題頁的標題",
        "useAsTitlePageTitleInfo": "啟用此選項後，og:title 和 twitter:title 元標記將包含頁面標題，而不是文章標題、標籤名稱或作者姓名。",
        "useGlobalConfiguration": "使用全局配置",
        "useOnlyTags": "僅使用標籤",
        "useOnlyTitles": "僅使用標題",
        "usePrettyURLs": "使用 pretty URL",
        "usePrettyURLsInfo": "如果啟用此選項，您的文章 URL 將不包含 .html 後綴，例如\n它會將 URL 從 <strong>https://example.com/post.html</strong> 更改為 <strong>https://example.com/post/</strong>。",
        "useSiteGlobalSettings": "使用全局站點設置",
        "useTitlesAndTags": "使用標題和標籤",
        "useWideScrollbars": "使用更寬的滾動條",
        "versionParameter": "版本參數",
        "versionParameterInfo": "在 CSS/JS URL 中添加版本參數以跳過瀏覽器快取。\n此選項可能會導致在部署期間同步比平常更多的文件。",
        "vimeoNoTrack": "為 Vimeo 影片開啟“Do Not Track”模式",
        "webpLossless": "啟用響應WebP圖像的無損壓縮",
        "websiteSpeed": "Website Speed",
        "whatsApp": "WhatsApp",
        "youMustReviewGdprSettings": "請務必檢查和審查您的隱私設定，特別是由於 Publii v.0.40 中的一些重大更改Cookie Banner 設置。<a href=\"https://getpublii.com/blog/release-040.html#cookie-banner\" target=\"_blank\">閱讀更多...</a>",
        "ytNoCookies": "為 YouTube 影片啟用 Privacy-Enhanced 模式"
    },
    "site": {
        "addNewWebsite": "添加新網站",
        "cloneWebsite": "複製網站",
        "cloneWebsiteSuccessMsg": "網站已被複製。\n切換到： ",
        "createNewWebsite": "創建新網站",
        "createWebsite": "創建網站",
        "createYourFirstWebsite": "創建您的第一個網站",
        "creationInProgress": "正在創建...",
        "deleteWebsite": "刪除網站",
        "deleteWebsiteConfirmMsg": "您真的要刪除此網站嗎？\n此操作無法撤消。",
        "deleteWebsiteCSuccessMsg": "網站已被刪除。",
        "deleteWebsiteSuccessMsg": "網站已被刪除。\n切換到： ",
        "duplicateWebsite": "複製網站",
        "erroOcurredDuringSiteDatabaseCreationInfo": "創建站點資料庫期間發生錯誤。\n請檢查您的防毒軟體，然後重試。\n您還可能需要從 Publii 站點目錄中刪除無效網站的文件夾。",
        "installFromBackup": "從備份安裝",
        "removeWebsite": "刪除網站",
        "restoreFromBackup": {
            "createWebsite": "創建網站",
            "invalidBackupContent": "上傳的文件不是有效的備份。",
            "invalidSiteData": "上傳的備份已損壞。",
            "iWantChangeName": "更改網站名稱",
            "restoreFailed": "從備份創建網站時發生錯誤。請重試。",
            "selectSiteName": "請指定網站名稱",
            "siteExistsWantOverride": "某些網站存在於所選目錄名稱中。 您想要繼續並可能丟失所有以前的網站數據嗎？ 來自備份的網站將用相同的名稱覆蓋現有網站。",
            "siteNameCannotBeEmpty": "網站名稱不能為空",
            "unsupportedFormat": "不支持的格式 - 請使用 TAR 備份文件。",
            "unpackError": "解包備份時發生錯誤，請重試。",
            "yesPleaseOverride": "確認覆蓋"
        },
        "selectedBackupFile": "選擇的備份文件： ",
        "siteLoadingErrorMsg": "載入所選網站時出錯。\n請檢查網站文件並重試。",
        "siteName": "網站名稱：",
        "siteSettingsSaveSuccessMsg": "站點設置已成功保存。",
        "siteWithThisNameExists": "已存在使用此名稱的網站！",
        "specifyNameForWebsiteDuplicate": "請指定複製網站的新名稱：",
        "websiteAuthorRequired": "作者姓名為必填項且應包含字母",
        "websiteName": "網站名稱",
        "websiteNameAlreadyInUseMsg": "所選名稱正在被另一個網站使用。\n請再試一次。",
        "websiteNameCantBeEmpty": "網站名稱不能為空。\n請再試一次。",
        "websiteNameRequired": "必須提供網站名稱",
        "websiteNotFound": "未找到網站"
    },
    "supportedFeatures": {
        "featureNames": {
            "authorImages": "作者精選圖片",
            "authorPages": "作者子頁",
            "blockEditor": "塊編輯器",
            "customComments": "自訂評論",
            "customSearch": "自訂搜索",
            "errorPage": "錯誤子頁",
            "searchPage": "搜索子頁",
            "tagImages": "標籤精選圖像",
            "tagsList": "標籤列表子頁",
            "tagPages": "標籤子頁面"
        },
        "yourThemeDoNotSupport": "您當前的主題不支持所需功能： {featureName}"
    },
    "sync": {
        "accessID": "訪問 ID",
        "accessIDFieldCantBeEmpty": "訪問 ID 欄位不能為空",
        "acl": "訪問控制列表(ACL)",
        "afterInitialSyncSiteWillBeAvailableOnline": "初始同步後，您的網站將在線可用",
        "allFilesUploadedPart1": "所有文件都已成功上傳到您的伺服器。 ",
        "allFilesUploadedPart2": "單擊下面的按鈕訪問您的網站。",
        "apiRateLimiting": "API 速率限制",
        "apiRateLimitingNote": "僅當您使用禁用 API 速率限制的 Github Enterprise 時才禁用此選項。\n否則禁用此選項可能會導致部署錯誤。",
        "apiServer": "API 伺服器",
        "apiServerNote": "僅當您使用自己的 GitHub 實例（企業版）時才更改此值。 ",
        "authenticationMethod": "身份驗證方法",
        "branch": "分支",
        "branchExampleGitNote": "範例: <strong>main</strong>, <strong>gh-pages</strong> 或 <strong>docs</strong>.",
        "branchExampleGitHubNote": "範例：<strong>gh-pages</strong>、<strong>docs</strong> 或 <strong>ma​​in</strong>。",
        "branchExampleGitLabeNote": "範例：<strong>ma​​in</strong>",
        "branchFieldCantBeEmpty": "分支欄位不能為空",
        "bucket": "Bucket",
        "bucketFieldCantBeEmpty": "Bucket field 不能為空",
        "certificates": "證書",
        "changeServerType": "更改伺服器類型",
        "checkingConnection": "正在檢查連接...",
        "clickToChangeDeploymentMethod": "點擊更改當前使用的部署方式",
        "commitAuthor": "提交作者",
        "commitAuthorFieldCantBeEmpty": "提交作者欄位不能為空",
        "commitEmail": "提交作者信箱",
        "commitMessage": "提交訊息",
        "commitMessageFieldCantBeEmpty": "提交訊息欄位不能為空",
        "configureServer": "配置伺服器",
        "connectedToServer": "連線到伺服器",
        "connectingToServer": "正在連接伺服器...",
        "connectionToServerErrorAdditionalMessage": "連接伺服器時出錯： ",
        "connectionToServerErrorMessage": "連線到伺服器時出錯。\n請檢查您的伺服器設置或重試。",
        "connectionToServerErrorText": "連接伺服器時出錯...",
        "connectToServerCantStoreFilesErrorMsg": "錯誤！\n應用程式能夠與您的伺服器連接，但無法儲存文件。\n請檢查您伺服器上的文件權限",
        "connectToServerErrorMsg": "錯誤！\n應用程式無法連接到您的伺服器。",
        "connectToServerSuccessMsg": "成功！\n該應用程式能夠連接到您的伺服器。",
        "deploymentMethodFtpMsg": "FTP 協議使用未加密傳輸，這意味著通過它發送的任何數據，包括您的使用者名稱和密碼，都可能被任何能攔截您傳輸的人讀取。\n如果可能，我們強烈建議使用 FTPS 或 SFTP 協議。",
        "deploymentMethodGitMsg": "有關如何使用Git配置網站，請查看Publii的<a href=\"https://getpublii.com/docs/host-static-website-git-repository.html\" target=\"_blank\" rel=\"noopener noreferrer\">線上文件</a>.",
        "deploymentMethodGithubPagesDeprecated": "Github Pages 同步方法已廢棄並將在 Publii v.0.47 中刪除。 我們強烈建議將您的伺服器設置遷移到 Git 倉庫方法",
        "deploymentMethodGithubPagesMsg": "有關如何使用 Github Pages 配置網站的詳細訊息，請查看 Publii 的在線上 <a href=\"https://getpublii.com/docs/host-static-website-github-pages.html\" target=\"_blank\" rel= \n\"noopener noreferrer\">文件</a>。",
        "deploymentMethodGitNote": "請記住，如果您正在使用自訂域名，您必須將CNAME文件置於根檔案管理器下",
        "deploymentMethodGithubPagesNote": "這將是您的 Github 儲存庫路徑，應使用以下格式：<strong>YOUR_USERNAME.github.io/YOUR_REPOSITORY_NAME</strong>。<br>如果您使用自訂域名，請將此欄位設置為自訂域名。",
        "deploymentMethodGitlabPagesDeprecated": "Github Pages 同步方法已廢棄並將在 Publii v.0.47 中刪除。 我們強烈建議將您的伺服器設置遷移到 Git 倉庫方法",
        "deploymentMethodGitlabPagesMsg": "有關如何使用 GitLab 頁面配置網站的詳細訊息，請查看 Publii 的在線上 <a href=\"https://getpublii.com/docs/host-static-website-gitlab-pages.html\" target=\"_blank\" rel= \n\"noopener noreferrer\">文件</a>。",
        "deploymentMethodGoogleCloudMsg": "有關如何使用 Google Cloud 配置網站的詳細訊息，請查看 Publii 的在線上 <a href=\"https://getpublii.com/docs/make-static-website-google-cloud.html\" target=\"_blank\" rel= \n\"noopener noreferrer\">文件</a>。",
        "deploymentMethodNetlifyMsg": "有關如何使用 Netlify 配置網站的詳細訊息，請查看 Publii 的在線上 <a href=\"https://getpublii.com/docs/build-a-static-website-with-netlify.html\" target=\"_blank\" rel \n=\"noopener noreferrer\">文件</a>。",
        "deploymentMethodS3Msg": "有關如何使用 S3 配置網站的詳細訊息，請查看 Publii 的在線上 <a href=\"https://getpublii.com/docs/setup-static-website-hosting-amazon-s3.html\" target=\"_blank\" rel \n=\"noopener noreferrer\">文件</a>。",
        "deploymentSettingDatHyperIpfsProtocolNote": "協議 \"dat://\", \"hyper://\", \"dweb://\" 和 \"ipfs://\" 協議只有在您計劃在 P2P 網路上使用您的網站時才有用。了解更多 <a href=\"https://datproject.org/\" target=\"_blank\" rel=\"noopener noreferrer\">dat://</a>, <a href=\"https://hypercore-protocol.org/\" target=\"_blank\" rel=\"noopener noreferrer\">hyper://</a>, <a href=\"https://dwebx.org/\" target=\"_blank\" rel=\"noopener noreferrer\">dweb://</a> 和 <a href=\"https://ipfs.io/\" target=\"_blank\" rel=\"noopener noreferrer\">IPFS</a>",
        "deploymentSettingDoubleSlashProtocolNote": "注意：使用“//”作為協議時，某些功能，如 Open Graph 標籤、分享按鈕等將無法正常工作。",
        "deploymentSettingFileProtocolNote": "\"file://\" 協議只有在您使用手動部署方法用於內網網站時才有用。",
        "deploymentSettingRelativeUrlsNote": "注意：在使用相對 URL 時，某些功能（如 Open Graph 標籤、站點地圖、RSS Feed、JSON Feed 等）將被禁用。",
        "deprecated": "已棄用",
        "destinationServerNotConfiguredErrorMessage": "由於目標伺服器未正確配置，您的網站當前無法同步。 \n<br>檢查您的伺服器設置以確保輸入了正確的訊息。",
        "destinationServerNotConfiguredErrorText": "確保目標伺服器配置正確。",
        "domainNameNotSetErrorMessage": "您的網站目前無法同步，因為設置似乎缺少域名。 \n<br>檢查您的伺服器設置以確保已輸入域名。",
        "domainNameNotSetErrorText": "確保域名已設置。",
        "duringSyncYouCantChangeFilesLocation": "在同步過程中不能更改檔案位置。",
        "fieldIsCaseSensitive": "此欄位區分大小寫。",
        "filesNotSyncedErrorMessage": "請使用工具 -&gt; 日誌瀏覽工具.檢查 hard-upload-errors-log.txt 文件。",
        "filesNotSyncedErrorText": "某些文件未正確同步。",
        "ftp": "FTP",
        "ftps": "FTPS",
        "ftpWithSSLTLS": "使用 SSL/TLS 的 FTP",
        "generatePreviewFiles": "生成預覽文件",
        "getWebsiteFiles": "獲取網站文件",
        "git": "Git",
        "github": "GitHub",
        "githubPages": "Github Pages",
        "githubSyncedPart1": "完成部署後幾分鐘內可能暫時看不到 Github 頁面上的更改，",
        "githubSyncedPart2": "所以請耐心等待。",
        "gitlabPages": "Gitlab Pages",
        "gitlabSyncedPart1": "完成部署後幾分鐘內可能看不到 Gitlab 頁面上的更改，",
        "gitlabSyncedPart2": "所以請耐心等待。",
        "gitPassword": "密碼 / 令牌",
        "gitPasswordNote": "如果您使用2FA來保護您的帳戶，而不是密碼，您必須使用先前生成的訪問令牌",
        "googleCloud": "Google Cloud",
        "googleCloudPrefixNote": "您的網站可能位於子目錄中。\n請避免在前綴名稱（即 <strong>/blog/</strong>）的開頭使用斜槓 - 因為它會創建一個空名稱的附加目錄。\n正確的前綴範例：<strong>blog</strong>。",
        "goToAppSettings": "轉到應用設定",
        "goToSettings": "轉到設置",
        "keyFile": "金鑰文件",
        "lastRendered": "上次渲染",
        "lastSync": "上次同步",
        "leaveBlankToUseDefaultOutputDirectory": "留空以使用默認輸出目錄",
        "manualDeployment": "手動部署",
        "manualOutputFieldCantBeEmpty": "手動輸出選擇不能為空",
        "ManualUpload": "手動上傳",
        "netlify": "Netlify",
        "netlifyToken": "Netlify 令牌",
        "nonCompressedCatalog": "非壓縮目錄",
        "note": "筆記：",
        "operationsDone": "操作完成",
        "outputDirectory": "輸出目錄",
        "outputDirectoryNote": "Publii 將在所選目錄中創建目錄/文件 {siteName}-文件。\n如果存在 - 它將被新文件替換。",
        "outputType": "輸出類型",
        "outputTypeNote": "Publii 將生成您網站的目錄或 ZIP/TAR 存檔。\n然後您可以手動將這些文件上傳到任何目標伺服器。",
        "parallelUploads": "並行上傳",
        "parallelUploadsNote": "由於 API 速率限制，更多並行操作可能會導致慢速網路上的上傳錯誤或遇到錯誤 403。",
        "passphraseForKey": "金鑰密碼",
        "passphraseForKeyNote": "僅當您的金鑰需要密碼時才使用此欄位",
        "port": "埠",
        "portFormatNote": "埠欄位不能為空，必須是 1 到 65535 之間的正整數。",
        "prefix": "前綴",
        "preparationError": "準備錯誤",
        "preparedToUpload": "準備上傳",
        "preparingFiles": "準備文件",
        "previewCatalogDoesNotExistInfo": "預覽目錄不存在。\n請先進入應用設定並選擇正確的預覽目錄。",
        "previewChanges": "預覽您的更改",
        "provideAccessData": "提供訪問數據",
        "provideFTPPasswordFor": "請提供 FTP 密碼 ",
        "provideFTPPasswordForServer": "請提供以下伺服器的 FTP 密碼： ",
        "region": "地區",
        "regionFieldCantBeEmpty": "地區選擇不能為空",
        "remotePath": "遠程路徑",
        "remotePathMatchServerOrRootPathNote": "路徑應與您的伺服器路徑匹配，例如 public_html/, public_html/blog/ 或根路徑，例如 /home/username/public_html/。",
        "remotePathMatchServerRootPathNote": "路徑應與您的伺服器根路徑匹配，例如 /public_html/, /public_html/blog/。",
        "repository": "Repository",
        "repositoryFieldCantBeEmpty": "Repository 欄位不能為空",
        "repositoryUrl": "儲存庫 URL",
        "repositoryUrlFieldCantBeEmpty": "儲存庫 URL 不能為空",
        "repositoryUrlNote": "用於儲存您網站文件的 Git 倉庫的 URL",
        "requireCertificateForConnection": "需要有效的連接證書",
        "requireFTPPassAlwaysOnSync": "每次同步站點時都需要 FTP 密碼",
        "s3CompatibleStorage": "S3 compatible storage",
        "s3PrefixNote": "您的網站可能位於子目錄中。\n請避免在前綴名稱（即 <strong>/blog/</strong>）的開頭使用斜槓 - 因為它會創建一個空名稱的附加目錄。\n正確的前綴範例：<strong>blog/</strong>。",
        "s3ProviderEndpoint": "S3 Provider endpoint",
        "s3ProviderEndpointNote": "當“使用自訂 S3 provider”設置為 true 時，自訂endpoint不能為空",
        "secretKey": "金鑰",
        "secretKeyFieldCantBeEmpty": "金鑰欄位不能為空",
        "selectServerType": "選擇伺服器類型：",
        "serverFieldCantBeEmpty": "伺服器欄位不能為空。",
        "serverGitLabNote": "僅當您使用自己的 GitLab 實例時才更改此值。",
        "serverSettingsSaveErrorMsg": "由於安全密碼儲存軟體的問題，Publii 無法保存設置。重新啟動應用程式並重試。如果問題仍然存在，請通過社區論壇向我們的團隊報告。",
        "serverSettingsSaveLinuxErrorMsg": "由於未安裝安全密碼儲存軟體，Publii 無法保存設置。\n通過 https://github.com/atom/node-keytar/ 按照 Node Keytar 的安裝說明進行操作，然後重試。\n您的系統很可能缺少 libsecret-1-dev 和 gnome-keyring 套裝軟體。",
        "serverSettingsSaveSuccessMsg": "伺服器設置已成功保存。",
        "settings": "設置",
        "sftp": "SFTP",
        "sftpKeyNote": "請選擇金鑰文件",
        "sftpWithKey": "SFTP（帶金鑰）",
        "sftpWithPassword": "SFTP（帶密碼）",
        "siteFieldCantBeEmpty": "站點 ID 欄位不能為空",
        "siteID": "站點 ID",
        "siteIsInSync": "站點正在同步",
        "syncFTPNoPasswordMsg": "如果沒有密碼，您的網站將無法同步。\n請再試一次",
        "syncInProgress": "同步進行中",
        "syncInProgressMessage": "在同步過程中，您不能更改站點名稱。",
        "syncYourWebsite": "同步您的網站",
        "tarArchive": "TAR 存檔",
        "testConnection": "測試連接",
        "testConnectionNoPasswordMsg": "沒有密碼就無法測試連接。\n請再試一次",
        "token": "令牌",
        "tokenFieldCantBeEmpty": "令牌欄位不能為空",
        "uploadingWebsite": "上傳網站",
        "useCustomS3Provider": "使用自訂 S3 提供程序",
        "useCustomS3ProviderNote": "注意：AWS 是默認的 S3 提供商。\n使用替代提供者時，您需要填寫“S3 提供者端點”欄位。",
        "useFtps": "使用帶有 SSL/TLS 的 FTP",
        "useRelativeURLs": "使用相對 URL",
        "username": "使用者名稱",
        "usernameFieldCantBeEmpty": "使用者名稱欄位不能為空。",
        "usernameOrganization": "使用者名稱/組織",
        "visitWebsite": "訪問網站",
        "visitYourWebsite": "訪問您的網站",
        "websiteFilesPreparedInfo": "您的網站文件已準備好。\n使用<br>下方的“獲取網站文件”按鈕獲取您的文件，以便手動部署它們。",
        "websiteLinkInvalidMsg": "對不起！\n網站連結似乎無效。",
        "websiteSynchronization": "網站同步",
        "websiteSynchronizationInfo": "與 Publii 生成的文件匹配的目標位置 <br>中已存在的任何重複文件或檔案名都將被覆蓋。",
        "websiteURL": "網址",
        "youHaventSelectedAnyThemeInfo": "您尚未選擇任何主題。\n請先進入設置並選擇主題。",
        "yourJSONKey": "您的 JSON 金鑰",
        "yourJSONKeyFieldCantBeEmpty": "JSON 金鑰文件選擇不能為空",
        "yourPrivateKey": "你的私鑰",
        "yourWebsiteIsInSync": "您的網站現已同步",
        "zipArchive": "ZIP 存檔"
    },
    "tag": {
        "addNewTag": "添加新標籤",
        "addThisAsNewTag": "將此添加為新標籤",
        "createFirstTag": "您還沒有任何標籤。\n讓我們創造第一個！",
        "editTag": "編輯標籤",
        "filterOrSearchTags": "過濾或搜索標籤...",
        "hideTag": "隱藏標籤",
        "leaveBlankToUseDefaultTagPageURL": "留空以使用默認標籤頁 URL",
        "mainTag": "主要標籤",
        "newTagHasBeenCreated": "新標籤已創建",
        "noMainTagForPostMsg": "如果文章有標籤但未設置主標籤，則預設使用按字母順序排列的第一個標籤。",
        "noSupportFoFeaturedImagesForTags": "您的主題不支持標籤的精選圖片。",
        "noTagsAvailable": "沒有可用的標籤",
        "noTagsMatchingYourCriteria": "沒有符合您條件的標籤。",
        "removeTagMessage": "您真的要刪除選定的標籤嗎？",
        "removeTagSuccessMessage": "選定的標籤已被刪除",
        "themeDoesNotSupportForTagPagesInTheme": "“保存與預覽”選項不可用，因為您的主題不支持標籤頁。",
        "selectTag": "選擇標籤",
        "selectTagPage": "選擇標籤頁",
        "tag": "標籤",
        "tagDataParsingErrorMessage": "解析 ID 的標籤數據時出錯： ",
        "tagHasBeenEdited": "標籤已編輯",
        "tagIsNotAllowed": "不允許使用此標籤",
        "tagLink": "標籤連結",
        "tagName": "標籤名稱：",
        "tagNameCannotBeEmptyErrorMessage": "標籤名稱不能為空。\n請輸入標籤名稱。",
        "tagNameInUseErrorMessage": "提供的標籤名稱正在使用中。\n請嘗試其他標籤名稱。",
        "tagNameNotAllowedErrorMessage": "不允許選擇的標籤名稱/別名。",
        "tagNameSimilarInUseErrorMessage": "提供的標籤名稱正在使用中；\n標籤名稱不區分大小寫。\n請嘗試其他標籤名稱。",
        "tagPage": "標籤頁",
        "tagsListLink": "標籤列表連結",
        "tagStatusChangeSuccessMessage": "所選標籤的狀態已更改",
        "tagWillNotAppearInGeneratedTagLists": "標籤不會出現在任何生成的標籤列表中，例如文章或標籤頁。",
        "thisTagIsHidden": "此標籤已隱藏",
        "toUseThisOptionEnableIndexingTagPages": "要使用此選項，請首先在 SEO 設置中啟用標籤頁索引。"
    },
    "theme": {
        "addThemeSuccessMessage": "主題已成功添加。",
        "authorOptions": "作者選項",
        "authorOptionsInfo": "作者選項部分允許您為作者中應該包含的額外訊息設定全局選項。在此部分中所做的更改將影響站點上的所有作者，但如果有必要，您也可以在作者編輯螢幕上覆蓋每個作者的主題設置。",
        "authorsPostsPerPage": "作者每頁的文章：",
        "authorsPostsPerPageInfo": "如果您需要在頁面上顯示所有作者的文章，請使用 -1 作為值。",
        "changeAppTheme": "更改應用程式主題",
        "customSettings": "自訂設置",
        "defaultPostTemplate": "默認文章模板",
        "defaultTemplate": "默認模板",
        "deleteTheme": "刪除主題",
        "dropYourThemeHere": "把你的主題放在這裡",
        "excerptLength": "摘錄長度：",
        "getMoreThemes": "獲取更多主題",
        "goToThemesManager": "轉到主題管理器",
        "installTheme": "安裝主題",
        "leaveBlankToUseDefault": "留空以使用預設值",
        "postOptions": "發布選項",
        "postOptionsInfo": "文章選項部分允許您為文章中應包含哪些額外訊息設定全局選項。\n在此部分中所做的更改將影響您網站上的所有文章，但如有必要，您也可以在每個文章的文章編輯界面上覆蓋應用程式設定。",
        "postsPerPage": "每頁文章：",
        "postsPerPageInfo": "如果您需要在頁面上顯示所有文章，請使用 -1 作為值。",
        "removeThemeMessage": "您真的要刪除 {themeName} 主題嗎？",
        "removeThemeSuccessMessage": "主題已成功刪除。",
        "resetThemeSettings": "重設主題設置",
        "saveSettingsSuccessMessage": "主題設置已成功保存。",
        "selectTheme": "選擇主題",
        "settingsResetMessage": "您真的要重設主題設置嗎？",
        "settingsResetSuccessMessage": "主題設置已重設。",
        "tagOptions": "標籤選項",
        "tagOptionsInfo": "標籤選項部分允許您設置標記中應該包含哪些額外訊息的全局選項。在本節中所做的更改將影響您網站上的所有標籤，但如果有必要，您也可以在標籤編輯螢幕上覆蓋每個單獨標籤的主題設置。",
        "tagsPostsPerPage": "每頁標籤文章：",
        "tagsPostsPerPageInfo": "如果您需要在頁面上顯示所有標籤文章，請使用 -1 作為值。",
        "themes": "主題",
        "themeSettings": "主題設置",
        "translations": "翻譯",
        "translationsInfo": "如果您需要將主題短語翻譯成英語以外的語言 —— 請查看我們針對 <a href=\"https://getpublii.com/dev/translations-api/\" target=\"_blank\" rel=\"noopener noreferrer\" >翻譯 API</a>的文件<br><br>",
        "updateThemeSuccessMessage": "主題已成功更新。",
        "uploadThemeErrorMessage": "上傳的文件不正確。\n請上傳主題目錄或主題 ZIP 文件。",
        "websiteLogo": "網站標誌："
    },
    "tools": {
        "css": {
            "customCSS": "自訂 CSS",
            "customCSSSaveSuccessMsg": "自訂 CSS 已成功保存。",
            "normal": "普通的",
            "putCustomCSSComment": "將您的自訂 CSS 代碼放在這裡"
        },
        "customHTML": "自訂 HTML",
        "find": "尋找：",
        "findAndReplace": "查找和替換：",
        "findAndReplaceShortcut": "Ctrl Alt F",
        "findAndReplaceShortcutMac": "Cmd Alt F",
        "findShortcut": "Ctrl F",
        "findShortcutMac": "命令 F",
        "goToTools": "轉到工具",
        "logFileEmpty": "日誌檔案為空...",
        "logViewer": "日誌查看器",
        "pluginActivationError": "無法啟動插件 - 請重試",
        "pluginDeactivationError": "無法停用插件 - 請重試",
        "selectFileToLoad": "選擇要載入的文件",
        "thumbnails": {
            "listRegeneratedFiles": "重新生成的文件列表：",
            "processingRegenerateThumbnailsInfo": "按重新生成縮圖按鈕將開始生成新主題定義的新圖像大小。",
            "progress": "進步：",
            "regenerateThumbnails": "重新生成縮圖",
            "regenerateThumbnailsInfo": "如果您更改了主題或響應式圖像有問題，您可以使用下面的按鈕重新生成它們。\n如果您的網站有大量圖片，這可能需要一段時間，所以請耐心等待。",
            "regenerateThumbnailsNotNecessaryInfo": "目前您沒有為該網站選擇的主題。\n不需要重新生成縮圖。",
            "regeneratingThumbnails": "正在重新生成縮圖...",
            "skipRegeneration": "跳過再生",
            "themeOrThumbnailsSettingsChanged": "您的主題或縮圖設置已更改。",
            "thumbnailsCreated": "所有縮圖都已創建。",
            "thumbnailsRegenerationCancelled": "縮圖再生已取消。"
        },
        "wpImport": {
            "addTagsToContentAutomatically": "自動將 <p> 和 <br> 標籤添加到文章內容",
            "categories": "類別",
            "checkingWXRFile": "檢查選定的 WXR 文件",
            "contentFormatting": "內容格式：",
            "duringWXRAnalyzeWeHaveFound": "在 WXR 分析中，我們發現",
            "importAuthors": "導入作者",
            "importData": "導入數據",
            "importingData": "導入數據",
            "importNote": "文章將以與所見即所得編輯器相容的格式導入。",
            "importSelectedTypesOfPosts": "導入選定的文章類型：",
            "pages": "頁面",
            "postAuthors": "文章作者",
            "selectWXRFileLabel": "請選擇 WXR 文件：",
            "selectWXRFilePlaceholder": "選擇要導入的 WXR 文件",
            "usedTaxonomyForPosts": "文章使用的分類法：",
            "useMainAuthor": "使用來自 Publii 的主要作者",
            "wpImporter": "WP 導入器",
            "wpImportGoToRegenerateMsg": "您的 WordPress 數據已導入。\n如果您已經選擇了主題，則可能需要重新生成縮圖。"
        }
    },
    "toolsPlugin": {
        "pluginSettingsLoadError": "載入插件設置時出錯",
        "pluginSettingsSaveSuccess": "插件設置保存成功",
        "pluginSettingsSaveError": "保存插件設置時出錯",
        "tabsLabel": "插件設置",
        "thisPluginHasNoOptions": "這個插件沒有額外的選項..."
    },
    "ui": {
        "aboutPublii": "關於 Publii",
        "alternativeText": "替代文字",
        "appConfiguration": "應用程式配置",
        "applyChanges": "應用更改",
        "authors": "作者",
        "backToTools": "返回工具",
        "backToPosts": "文章",
        "basicInformation": "基本訊息",
        "beautifyCode": "美化程式碼",
        "cancel": "取消",
        "cancelPostWarningMsg": "您將遺失所有未保存的更改 - 您要繼續嗎？",
        "canonicalURL": "Canonical URL",
        "caption": "標題",
        "checkDocumentation": "檢查 Publii 文件",
        "close": "關閉",
        "copyToClipboard": "複製到剪貼板",
        "credits": "Credits",
        "customLink": "自訂連結",
        "customTemplate": "自訂模板",
        "delete": "刪除",
        "description": "描述",
        "donate": "捐贈",
        "edit": "編輯",
        "featuredImage": "精選圖片",
        "fillAllRequiredFields": "請填寫所有必填欄位",
        "frontpageLink": "首頁連結",
        "gdprBreakingChangesConfirmMsg": "我們已經對隱私設定(原為 GDPR)部分作了重大更改。我們建議您檢查您的設置並再次保存。",
        "githubRepository": "Github 倉庫",
        "goBack": "返回",
        "goToPluginCustomOptions": "隱藏額外選項",
        "goToPluginStandardOptions": "顯示額外選項",
        "goToSettings": "前往隱私設定",
        "help": "幫助",
        "hide": "隱藏",
        "hideThisNotification": "隱藏此通知",
        "id": "ID",
        "ifCanonicalUrlIsSetMetaRobotsTagIsIgnored": "如果啟用了 canonical URL，則 meta robots 標籤將被忽略。",
        "indexFollow": "index, follow",
        "indexNofollow": "index, nofollow",
        "indexFollowNoArchive": "index, follow, noarchive",
        "indexNofollowNoArchive": "index, nofollow, noarchive",
        "iUnderstand": "好的，我明白了",
        "lastModified": "最後修改",
        "leaveBlankToUseDefaultPageTitle": "留空以使用默認頁面標題",
        "linkTarget": "連結目標",
        "loading": "正在載入...",
        "menus": "菜單",
        "metaDescription": "元描述",
        "metaRobotsIndex": "Meta robots index",
        "minimize": "最小化",
        "more": "更多",
        "moreInformationOnPublii": "有關 Publii 的更多訊息",
        "moreItems": "更多項目",
        "name": "Name",
        "newWindow": "新窗口",
        "noindexFollow": "noindex, follow",
        "noindexNofollow": "noindex, nofollow",
        "none": "None",
        "notAvailableInYourTheme": "在您的主題中不可用",
        "notSet": "未設置",
        "of": "of",
        "ok": "確定",
        "otherOptions": "其他選項",
        "pages": "頁面",
        "pageTitle": "頁面標題",
        "pleaseFillAllRequiredFields": "請填寫所有必填欄位",
        "posts": "文章",
        "preview": "預覽",
        "previewFrontPageOnly": "僅預覽首頁",
        "previewFullWebsite": "預覽整個網站",
        "publiiOnGithub": "在 Github 上查看 Publii",
        "publishAndClose": "發布並關閉",
        "publishPost": "發布文章",
        "reloadFile": "重新載入文件",
        "renderFrontPageOnly": "僅渲染首頁",
        "renderFullWebsite": "渲染完整的網站",
        "reportBugInSupportDesk": "通過我們的論壇報告錯誤",
        "reportIssue": "報告問題",
        "sameWindow": "本窗口",
        "save": "保存",
        "saveAndClose": "保存並關閉",
        "saveAndPreview": "保存並預覽",
        "saveAndRender": "保存並生成",
        "saveAsDraft": "保存為草稿",
        "saveChanges": "保存更改",
        "saveDraft": "保存草稿",
        "saveDraftAndClose": "保存草稿並關閉",
        "search": "搜索...",
        "selectOption": "選擇選項",
        "selectWebsite": "選擇一個網站",
        "seo": "SEO",
        "server": "伺服器",
        "show": "顯示",
        "slug": "別名",
        "supportPublii": "支持 Publii 並立即捐贈！",
        "tags": "標籤",
        "theme": "主題",
        "tools": "工具 & 插件",
        "unhide": "取消隱藏",
        "updateSlug": "更新 slug",
        "uploadInProgress": "上傳中...",
        "whatsNew": "有什麼新東西？"
    }
}
