{
    "Action": "操作",
    "Activity": "活動",
    "Address": "地址",
    "Advanced": "進階設定",
    "Align": "對齊",
    "Align center": "居中對齊",
    "Align left": "左對齊",
    "Align right": "右對齊",
    "Alignment": "對齊方式",
    "All": "全部",
    "Alternative source": "替代來源",
    "Alternative source URL": "替代來源網址",
    "Anchor": "錨",
    "Anchor...": "錨…",
    "Anchors": "錨點",
    "Animals and Nature": "動物與自然",
    "Arrows": "箭頭",
    "B": "B",
    "Background color": "背景顏色",
    "Black": "黑色",
    "Block": "塊",
    "Blockquote": "引用",
    "Blue": "藍色",
    "Body": "主體",
    "Bold": "加粗",
    "Border": "邊框",
    "Border color": "邊框顏色",
    "Border style": "邊框樣式",
    "Border width": "邊框寬度",
    "Bottom": "底部",
    "Browse for an image": "瀏覽圖片",
    "Bullet list": "無序列表",
    "Cancel": "取消",
    "Capitalization": "大寫",
    "Caption": "標題",
    "Cell": "單元格",
    "Cell padding": "單元格填充",
    "Cell properties": "單元格屬性",
    "Cell spacing": "單元格間距",
    "Cell type": "單元格類型",
    "Center": "居中",
    "Characters": "字元",
    "Characters (no spaces)": "字元數(不包含空格)",
    "Circle": "空心圓",
    "Class": "類",
    "Clear formatting": "清除格式",
    "Close": "關閉",
    "Code": "代碼",
    "Code sample": "代碼範例",
    "Color": "顏色",
    "Color Picker": "拾色器",
    "Color swatch": "色彩色視圖",
    "Cols": "列",
    "Column": "列",
    "Column group": "按列分組",
    "Constrain proportions": "保持寬高比",
    "Copy": "複製",
    "Copy row": "複製行",
    "Could not find the specified string.": "找不到指定字串。",
    "Could not load emoticons": "無法載入表情",
    "Count": "總數",
    "Currency": "貨幣",
    "Current window": "當前窗口",
    "Custom color": "自訂顏色",
    "Custom...": "自訂…",
    "Cut": "剪切",
    "Cut row": "剪切行",
    "Dark Blue": "深藍",
    "Dark Gray": "深灰",
    "Dark Green": "黛綠",
    "Dark Orange": "深橙",
    "Dark Purple": "暗紫",
    "Dark Red": "深紅",
    "Dark Turquoise": "深綠松石",
    "Dark Yellow": "暗黃",
    "Date/time": "日期/時間",
    "Decrease indent": "減少縮進",
    "Default": "默認",
    "Delete column": "刪除列",
    "Delete row": "刪除行",
    "Delete table": "刪除表",
    "Dimensions": "尺寸",
    "Disc": "實心圓",
    "Div": "Div",
    "Document": "文件",
    "Document properties": "文件屬性",
    "Drop an image here": "圖像拖至此處\n\n",
    "Edit": "編輯",
    "Edit image": "編輯圖片",
    "Embed": "嵌入",
    "Emoticons": "表情符號",
    "Emoticons...": "表情…",
    "Error": "錯誤",
    "Extended Latin": "擴展拉丁字元",
    "Failed to upload image: {0}": "圖片上傳失敗：{0}",
    "Find": "查找",
    "Find and replace": "查找和替換",
    "Find and replace...": "查找和替換…",
    "Find whole words only": "全字匹配查找",
    "Finish": "完成",
    "Flags": "標誌",
    "Font": "字體",
    "Font Sizes": "字體大小",
    "Fonts": "字體",
    "Food and Drink": "飲食",
    "Footer": "頁尾",
    "Format": "格式",
    "Format Painter": "格式刷",
    "Formats": "格式",
    "Fullscreen": "全螢幕",
    "G": "G",
    "General": "常規",
    "Gray": "灰色",
    "Green": "綠色",
    "H Align": "水平對齊",
    "Header": "標題",
    "Header 1": "標題 H1",
    "Header 2": "標題 H2",
    "Header 3": "標題 H3",
    "Header 4": "標題 H4",
    "Header 5": "標題 H5",
    "Header 6": "標題 H6",
    "Header cell": "標題單元格",
    "Headers": "標頭",
    "Heading 1": "標題 H1",
    "Heading 2": "標題 H2",
    "Heading 3": "標題 H3",
    "Heading 4": "標題 H4",
    "Heading 5": "標題 H5",
    "Heading 6": "標題 H6",
    "Headings": "標題",
    "Height": "高度",
    "Help": "幫助",
    "Horizontal line": "水平線",
    "Horizontal space": "水平間距",
    "Id": "ID",
    "Id should start with a letter, followed only by letters, numbers, dashes, dots, colons or underscores.": "ID 應以字母開頭，後面跟隨英文破折號、點、冒號、字母、數字、或下劃線。",
    "Ignore": "忽略",
    "Ignore all": "忽略全部",
    "Image": "圖片",
    "Image description": "圖片描述",
    "Image list": "圖片列表",
    "Image options": "圖片選項",
    "Image title": "圖片標題",
    "Image...": "圖片…",
    "Increase indent": "增加縮進",
    "Inline": "行內",
    "Insert": "插入",
    "Insert column after": "在右側插入列",
    "Insert column before": "在左側插入列",
    "Insert date/time": "插入日期/時間",
    "Insert image": "插入圖片",
    "Insert link": "插入連結",
    "Insert row after": "在下方插入行",
    "Insert row before": "在上方插入行",
    "Insert table": "插入表格",
    "Insert video": "插入影片",
    "Insert/Edit Link": "插入/編輯連結",
    "Insert/edit iframe": "插入/編輯 iframe",
    "Insert/edit image": "插入/編輯圖像",
    "Insert/edit link": "插入/編輯連結",
    "Insert/edit media": "插入/編輯媒體",
    "Insert/edit video": "插入/編輯影片",
    "Italic": "斜體",
    "Justify": "兩端對齊",
    "Keyboard Navigation": "快捷鍵",
    "Language": "語言",
    "Left": "Left",
    "Left to right": "從左到右",
    "Light Blue": "淺藍",
    "Light Gray": "淺灰",
    "Light Green": "淺綠",
    "Light Purple": "淺紫",
    "Light Red": "淡紅",
    "Light Yellow": "淡黃",
    "Link": "關聯",
    "Link list": "連結列表",
    "Link...": "關聯...",
    "Loading emoticons...": "正在載入表情…",
    "Lower Alpha": "小寫字母",
    "Lower Greek": "小寫希臘字母",
    "Lower Roman": "小寫羅馬字母",
    "Match case": "區分大小寫",
    "Mathematical": "數學",
    "Media": "媒體",
    "Media poster (Image URL)": "媒體海報（圖片網址）",
    "Media...": "媒體…",
    "Medium Blue": "水藍",
    "Medium Gray": "乳白",
    "Medium Purple": "暗紫",
    "Merge cells": "合併單元格",
    "Middle": "居中",
    "Midnight Blue": "深藍",
    "More...": "更多…",
    "Name": "姓名",
    "Navy Blue": "藏青",
    "New window": "新窗口",
    "Next": "下一個",
    "No": "否",
    "No color": "無色",
    "Nonbreaking space": "不分行空格",
    "None": "無",
    "Numbered list": "有序列表",
    "OR": "或",
    "Objects": "對象",
    "Ok": "是",
    "Open help dialog": "打開幫助對話框",
    "Open link in...": "打開方式...",
    "Orange": "橙色",
    "Page break": "分頁符",
    "Paragraph": "段落",
    "Paste": "黏貼",
    "Paste as text": "黏貼為文本",
    "Paste or type a link": "黏貼或鍵入連結",
    "Paste row after": "在下方黏貼行",
    "Paste row before": "在上方黏貼行",
    "Paste your embed code below:": "在下面黏貼您的嵌入代碼：",
    "People": "用戶",
    "Permanent Pen Properties": "永久筆屬性",
    "Permanent pen properties...": "永久筆屬性...",
    "Poster": "海報",
    "Powered by {0}": "Powered by {0}",
    "Pre": "Pre",
    "Preferences": "首選項",
    "Preformatted": "預格式化",
    "Prev": "上一頁",
    "Preview": "預覽",
    "Previous": "前一頁",
    "Print": "列印",
    "Print...": "列印...",
    "Purple": "紫色",
    "Quotations": "多段引用",
    "R": "R",
    "Red": "紅色",
    "Redo": "恢復",
    "Remove color": "去除顏色",
    "Remove link": "刪除連結",
    "Replace": "替換",
    "Replace all": "全部替換",
    "Replace with": "替換為",
    "Restore last draft": "還原最近草稿",
    "Rich Text Area. Press ALT-0 for help.": "富文本區域。按 ALT-0 尋求幫助。",
    "Rich Text Area. Press ALT-F9 for menu. Press ALT-F10 for toolbar. Press ALT-0 for help": "富文本區域，按 ALT-F9 進入菜單，ALT-F10 進入工具欄， ALT-0 尋求幫助",
    "Right": "Right",
    "Right to left": "由右至左",
    "Row": "行",
    "Row group": "按行分組",
    "Row properties": "行屬性",
    "Row type": "行類型",
    "Rows": "行",
    "Save": "保存",
    "Scope": "範圍",
    "Search": "搜索",
    "Select all": "全選",
    "Select...": "選擇…",
    "Selection": "選擇",
    "Shortcut": "快捷鍵",
    "Show caption": "顯示標題",
    "Show invisible characters": "顯示不可見字元",
    "Size": "尺寸",
    "Source": "來源",
    "Source code": "原始碼",
    "Special character": "特殊字元",
    "Special character...": "特殊字元...",
    "Spellcheck": "拼寫檢查",
    "Split cell": "拆分單元格",
    "Square": "正方形",
    "Strikethrough": "刪除線",
    "Style": "風格",
    "Subscript": "下標",
    "Superscript": "上標",
    "Switch to or from fullscreen mode": "全螢幕模式切換",
    "Symbols": "符號",
    "System Font": "系統字體",
    "Table": "表格",
    "Table of Contents": "目錄",
    "Table properties": "表屬性",
    "Target": "目標",
    "Text": "文本",
    "Text color": "文字顏色",
    "Text to display": "要顯示的文本",
    "The URL you entered seems to be an email address. Do you want to add the required mailto: prefix?": "您輸入的 URL 似乎是電子郵件地址。是否要添加所需的 mailto: 前綴？",
    "The URL you entered seems to be an external link. Do you want to add the required http:// prefix?": "您輸入的 URL 似乎是外部連結。是否要添加所需的 http:// 前綴？",
    "Title Case": "首字母大寫",
    "To open the popup, press Shift+Enter": "要打開彈出窗口，請按 Shift+Enter",
    "Tools": "工具",
    "Top": "頂部",
    "Travel and Places": "旅行 & 地點",
    "Turquoise": "綠松色",
    "UPPERCASE": "大寫",
    "Underline": "下劃線",
    "Undo": "撤消",
    "Update": "更新",
    "Upload": "上傳",
    "Upper Alpha": "大寫字母",
    "Upper Roman": "大寫羅馬數字",
    "Url": "路徑",
    "User Defined": "用戶自訂",
    "V Align": "垂直對齊",
    "Valid": "有效的",
    "Version": "版本",
    "Vertical space": "垂直間距",
    "View": "View",
    "Warn": "Warn",
    "White": "白色",
    "Whole words": "全字匹配",
    "Width": "寬度",
    "Word count": "字數統計",
    "Words": "字",
    "Words: {0}": "字數：{0}",
    "Yellow": "黃色",
    "Yes": "是",
    "You have unsaved changes are you sure you want to navigate away?": "您有未保存的更改，確定要離開嗎？",
    "alignment": "對齊方式",
    "comments": "評論",
    "example": "範例",
    "formatting": "格式化",
    "history": "歷史",
    "indentation": "縮進",
    "lowercase": "小寫",
    "permanent pen": "永久筆",
    "styles": "樣式",
    "{0} characters": "{0} 個字元",
    "{0} words": "{0} 個字"
}
