{
    "Action": "Azione",
    "Activity": "Attività",
    "Address": "Indirizzo",
    "Advanced": "Avanzate",
    "Align": "Allineare",
    "Align center": "Allinea al centro",
    "Align left": "Allinea a sinistra",
    "Align right": "Allinea a destra",
    "Alignment": "Allineamento",
    "All": "Tutto",
    "Alternative source": "Origine alternativa",
    "Alternative source URL": "URL di origine alternativo",
    "Anchor": "Àncora",
    "Anchor...": "Àncora...",
    "Anchors": "Ancore",
    "Animals and Nature": "Animali e Natura",
    "Arrows": "Frecce",
    "B": "B",
    "Background color": "Colore di sfondo",
    "Black": "Nero",
    "Block": "Blocco",
    "Blockquote": "Citazione",
    "Blue": "Blu",
    "Body": "Corpo",
    "Bold": "Grassetto",
    "Border": "Bordo",
    "Border color": "Colore del bordo",
    "Border style": "Stile del bordo",
    "Border width": "Larghezza del bordo",
    "Bottom": "Basso",
    "Browse for an image": "Cerca un'immagine",
    "Bullet list": "Elenco puntato",
    "Cancel": "Annulla",
    "Capitalization": "Capitalizzazione",
    "Caption": "Didascalia",
    "Cell": "Cella",
    "Cell padding": "Padding cella",
    "Cell properties": "Proprietà cella",
    "Cell spacing": "Spaziatura celle",
    "Cell type": "Tipo di cella",
    "Center": "Centra",
    "Characters": "Caratteri",
    "Characters (no spaces)": "Caratteri (senza spazi)",
    "Circle": "Cerchio",
    "Class": "Classe",
    "Clear formatting": "Cancella formattazione",
    "Close": "Chiudi",
    "Code": "Codice",
    "Code sample": "Esempio di codice",
    "Color": "Colore",
    "Color Picker": "Selettore di colore",
    "Color swatch": "Campione di colore",
    "Cols": "Colonne",
    "Column": "Colonna",
    "Column group": "Gruppo di colonne",
    "Constrain proportions": "Mantieni le proporzioni",
    "Copy": "Copia",
    "Copy row": "Copia riga",
    "Could not find the specified string.": "Impossibile trovare la stringa specificata.",
    "Could not load emoticons": "Impossibile caricare le emoticon",
    "Count": "Conta elementi",
    "Currency": "Valuta",
    "Current window": "Finestra corrente",
    "Custom color": "Colore personalizzato",
    "Custom...": "Personalizza...",
    "Cut": "Taglia",
    "Cut row": "Taglia riga",
    "Dark Blue": "Blu scuro",
    "Dark Gray": "Grigio scuro",
    "Dark Green": "Verde scuro",
    "Dark Orange": "Arancione scuro",
    "Dark Purple": "Viola scuro",
    "Dark Red": "Rosso scuro",
    "Dark Turquoise": "Turchese scuro",
    "Dark Yellow": "Giallo scuro",
    "Date/time": "Data/ora",
    "Decrease indent": "Riduci rientro",
    "Default": "Predefinito",
    "Delete column": "Elimina colonna",
    "Delete row": "Elimina riga",
    "Delete table": "Elimina tabella",
    "Dimensions": "Dimensioni",
    "Disc": "Disco",
    "Div": "Div",
    "Document": "Documento",
    "Document properties": "Proprietà del documento",
    "Drop an image here": "Rilascia un'immagine qui",
    "Edit": "Modifica",
    "Edit image": "Modifica immagine",
    "Embed": "Incorpora",
    "Emoticons": "Emoticon",
    "Emoticons...": "Emoticon...",
    "Error": "Errore",
    "Extended Latin": "Latino esteso",
    "Failed to upload image: {0}": "Impossibile caricare l'immagine: {0}",
    "Find": "Trova",
    "Find and replace": "Trova e sostituisci",
    "Find and replace...": "Trova e sostituisci...",
    "Find whole words only": "Trova solo parole intere",
    "Finish": "Fine",
    "Flags": "Bandiere",
    "Font": "Font",
    "Font Sizes": "Dimensione font",
    "Fonts": "Font",
    "Food and Drink": "Cibo e bevande",
    "Footer": "Piè di pagina",
    "Format": "Formato",
    "Format Painter": "Copia formato",
    "Formats": "Formati",
    "Fullscreen": "A schermo intero",
    "G": "G",
    "General": "Generale",
    "Gray": "Grigio",
    "Green": "Verde",
    "H Align": "Allineamento orizzontale",
    "Header": "Intestazione",
    "Header 1": "Titolo 1",
    "Header 2": "Titolo 2",
    "Header 3": "Titolo 3",
    "Header 4": "Titolo 4",
    "Header 5": "Titolo 5",
    "Header 6": "Titolo 6",
    "Header cell": "Cella di intestazione",
    "Headers": "Intestazioni",
    "Heading 1": "Titolo 1",
    "Heading 2": "Titolo 2",
    "Heading 3": "Titolo 3",
    "Heading 4": "Titolo 4",
    "Heading 5": "Titolo 5",
    "Heading 6": "Titolo 6",
    "Headings": "Intestazioni",
    "Height": "Altezza",
    "Help": "Aiuto",
    "Horizontal line": "Linea orizzontale",
    "Horizontal space": "Spazio orizzontale",
    "Id": "ID",
    "Id should start with a letter, followed only by letters, numbers, dashes, dots, colons or underscores.": "L'ID dovrebbe iniziare con una lettera, seguita solo da lettere, numeri, trattini, punti, due punti o trattini bassi.",
    "Ignore": "Ignora",
    "Ignore all": "Ignora tutto",
    "Image": "Immagine",
    "Image description": "Descrizione dell'immagine",
    "Image list": "Elenco immagini",
    "Image options": "Opzioni immagine",
    "Image title": "Titolo immagine",
    "Image...": "Immagine...",
    "Increase indent": "Aumenta il rientro",
    "Inline": "In linea",
    "Insert": "Inserire",
    "Insert column after": "Inserisci una colonna dopo",
    "Insert column before": "Inserisci una colonna prima",
    "Insert date/time": "Inserisci data/ora",
    "Insert image": "Inserisci immagine",
    "Insert link": "Inserisci collegamento",
    "Insert row after": "Inserisci una riga dopo",
    "Insert row before": "Inserisci una riga prima",
    "Insert table": "Inserisci tabella",
    "Insert video": "Inserisci video",
    "Insert/Edit Link": "Inserisci/Modifica collegamento",
    "Insert/edit iframe": "Inserisci/modifica iframe",
    "Insert/edit image": "Inserisci/modifica immagine",
    "Insert/edit link": "Inserisci/modifica collegamento",
    "Insert/edit media": "Inserisci/modifica file multimediali",
    "Insert/edit video": "Inserisci/modifica video",
    "Italic": "Corsivo",
    "Justify": "Giustificato",
    "Keyboard Navigation": "Navigazione da tastiera",
    "Language": "Lingua",
    "Left": "Sinistra",
    "Left to right": "Da sinistra a destra",
    "Light Blue": "Azzurro",
    "Light Gray": "Grigio chiaro",
    "Light Green": "Verde chiaro",
    "Light Purple": "Viola chiaro",
    "Light Red": "Rosso chiaro",
    "Light Yellow": "Giallo chiaro",
    "Link": "Collegamento",
    "Link list": "Elenco collegamenti",
    "Link...": "Collegamento...",
    "Loading emoticons...": "Caricamento emoticon...",
    "Lower Alpha": "Lettere minuscole",
    "Lower Greek": "Lettere greche minuscole",
    "Lower Roman": "Numeri romani minuscoli",
    "Match case": "Mantieni maiuscolo/minuscolo",
    "Find in selection": "Trova nella selezione",
    "Mathematical": "Matematico",
    "Media": "Media",
    "Media poster (Image URL)": "Poster (URL immagine)",
    "Media...": "Media...",
    "Medium Blue": "Blu medio",
    "Medium Gray": "Grigio medio",
    "Medium Purple": "Viola medio",
    "Merge cells": "Unisci celle",
    "Middle": "Mezzo",
    "Midnight Blue": "Blu notte",
    "More...": "Altro...",
    "Name": "Nome",
    "Navy Blue": "Blu navy",
    "New window": "Nuova finestra",
    "Next": "Successivo",
    "No": "No",
    "No color": "Nessun colore",
    "Nonbreaking space": "Spazio unificatore '&nbsp;'",
    "None": "Nessuno",
    "Numbered list": "Elenco numerato",
    "OR": "O",
    "Objects": "Oggetti",
    "Ok": "Ok",
    "Open help dialog": "Apri la finestra di dialogo della guida",
    "Open link in...": "Apri link in...",
    "Orange": "Arancione",
    "Page break": "Interruzione di pagina",
    "Paragraph": "Paragrafo",
    "Paste": "Incolla",
    "Paste as text": "Incolla come testo",
    "Paste or type a link": "Incolla o digita un collegamento",
    "Paste row after": "Incolla la riga dopo",
    "Paste row before": "Incolla la riga prima",
    "Paste your embed code below:": "Incolla qui il codice da incorporare:",
    "People": "Persone",
    "Permanent Pen Properties": "Proprietà penna permanenti",
    "Permanent pen properties...": "Proprietà penna permanenti...",
    "Poster": "Poster",
    "Powered by {0}": "Realizzato da {0}",
    "Pre": "Pre",
    "Preferences": "Preferenze",
    "Preformatted": "Preformattato",
    "Prev": "Prec",
    "Preview": "Anteprima",
    "Previous": "Precedente",
    "Print": "Stampa",
    "Print...": "Stampa...",
    "Purple": "Viola",
    "Quotations": "Citazioni",
    "R": "R",
    "Red": "Rosso",
    "Redo": "Ripristina",
    "Remove color": "Rimuovi colore",
    "Remove link": "Rimuovi collegamento",
    "Replace": "Sostituisci",
    "Replace all": "Sostituisci tutto",
    "Replace with": "Sostituisci con",
    "Restore last draft": "Ripristina l'ultima bozza",
    "Rich Text Area. Press ALT-0 for help.": "Area di rich text. Premi ALT-0 per aiuto.",
    "Rich Text Area. Press ALT-F9 for menu. Press ALT-F10 for toolbar. Press ALT-0 for help": "Area di  rich text. Premere ALT-F9 per il menu. Premi ALT-F10 per la barra degli strumenti. Premi ALT-0 per aiuto",
    "Right": "Destra",
    "Right to left": "Da destra a sinistra",
    "Row": "Riga",
    "Row group": "Gruppo di righe",
    "Row properties": "Proprietà riga",
    "Row type": "Tipo di riga",
    "Rows": "Righe",
    "Save": "Salva",
    "Scope": "Scope",
    "Search": "Cerca",
    "Select all": "Seleziona tutto",
    "Select...": "Seleziona...",
    "Selection": "Selezione",
    "Shortcut": "Scorciatoia",
    "Show caption": "Mostra la didascalia",
    "Show invisible characters": "Mostra caratteri invisibili",
    "Size": "Dimensione",
    "Source": "URL di origine",
    "Source code": "Codice sorgente",
    "Special character": "Carattere speciale",
    "Special character...": "Carattere speciale...",
    "Spellcheck": "Controllo ortografico",
    "Split cell": "Dividi cella",
    "Square": "Quadrato",
    "Strikethrough": "Barrato",
    "Style": "Stile",
    "Subscript": "Pedice",
    "Superscript": "Apice",
    "Switch to or from fullscreen mode": "Attiva/disattiva a schermo intero",
    "Symbols": "Simboli",
    "System Font": "Carattere di sistema",
    "Table": "Tabella",
    "Table of Contents": "Sommario",
    "Table properties": "Proprietà tabella",
    "Target": "Target",
    "Text": "Testo",
    "Text color": "Colore del testo",
    "Text to display": "Testo da visualizzare",
    "The URL you entered seems to be an email address. Do you want to add the required mailto: prefix?": "L'URL che hai inserito sembra essere un indirizzo email. Vuoi aggiungere il prefisso mailto:?",
    "The URL you entered seems to be an external link. Do you want to add the required http:// prefix?": "L'URL che hai inserito sembra essere un link esterno. Vuoi aggiungere il prefisso http://?",
    "Title Case": "Stile titolo",
    "To open the popup, press Shift+Enter": "Per aprire il popup, premi Maiusc+Invio",
    "Tools": "Tools",
    "Top": "Top",
    "Travel and Places": "Viaggi e luoghi",
    "Turquoise": "Turchese",
    "UPPERCASE": "MAIUSCOLO",
    "Underline": "Sottolineato",
    "Undo": "Annulla",
    "Update": "Aggiorna",
    "Upload": "Caricamento",
    "Upper Alpha": "Lettere maiuscole",
    "Upper Roman": "Numeri romani maiuscoli",
    "Url": "URL",
    "User Defined": "Definito dall'utente",
    "V Align": "Allinea verticalmente",
    "Valid": "Valido",
    "Version": "Versione",
    "Vertical space": "Spaziatura verticale",
    "View": "Visualizza",
    "Warn": "Avviso",
    "White": "Bianco",
    "Whole words": "Parole intere",
    "Width": "Larghezza",
    "Word count": "Conteggio parole",
    "Words": "Parole",
    "Words: {0}": "Parole: {0}",
    "Yellow": "Giallo",
    "Yes": "Sì",
    "You have unsaved changes are you sure you want to navigate away?": "Hai modifiche non salvate, sei sicuro di voler uscire?",
    "alignment": "Allineamento testo",
    "comments": "commenti",
    "example": "esempio",
    "formatting": "formattazione",
    "history": "storico",
    "indentation": "rientro",
    "lowercase": "minuscolo",
    "permanent pen": "penna permanente",
    "styles": "stili",
    "{0} characters": "{0} caratteri",
    "{0} words": "{0} parole",

    "⬇⬇⬇⬇⬇⬇⬇⬇⬇⬇": "⬇ New strigs added here ⬇:",
    
    "Cut column": "Taglia colonna",
    "Copy column": "Copia colonna",
    "Paste column before": "Incolla la colonna prima",
    "Paste column afer": "Incolla la colonna dopo",
    "grinning": "sorridente",
    "Blocks": "Blocchi",
    "Insert template": "Inserisci template",
    "Full image": "Molto larga (full)",
    "Wide image": "Larga (wide)",
    "Left-aligned image": "Allineata a Sinistra",
    "Right-aligned image": "Allineata a Destra",
    "Centered image": "Allineata al Centro",
    "Alternative description": "Descrizione alternativa"
}