{
    "author": {
        "addNewAuthor": "Adicionar novo autor",
        "author": "Autor",
        "authorDataParsingErrorMessage": "Ocorreu um erro durante a análise dos dados do autor para o ID:",
        "authorHasBeenUpdated": "O autor foi atualizado",
        "authorLink": "Link do autor",
        "authorName": "Nome do autor",
        "authorNameCannotBeEmptyErrorMessage": "O nome do autor não pode permanecer vazio. Digite um nome",
        "authorNameInUseErrorMessage": "O nome do autor fornecido já está em uso. Tente outro nome.",
        "authorNameSimilarInUseErrorMessage": "O nome do autor fornecido está em uso; nomes de autores não diferenciam maiúsculas de minúsculas. Tente outro nome.",
        "authorPage": "Página do autor",
        "authorSlugCannotBeEmpty": "O slug do autor não pode permanecer vazio",
        "avatar": "Avatar",
        "avatarAndFeaturedImage": "Avatar e imagem em destaque",
        "cannotRemoveMainAuthor": "O autor principal não pode ser removido.",
        "changePostAuthor": "Alterar autor do post",
        "editAuthor": "Editar autor",
        "eMail": "E-mail",
        "filterOrSearchAuthors": "Filtrar ou pesquisar autores...",
        "gravatarEmailWarningMessage": "Digite o endereço de e-mail que você utilizou para registrar sua conta no Gravatar.",
        "mainAuthor": "Autor principal",
        "mainAuthorCannotBeRemoved": "Este é o autor principal deste site. Ele não pode ser removido.",
        "newAuthorHasBeenCreated": "Um novo autor foi criado",
        "noAuthorsMatchingYourCriteria": "Não há autores que correspondam aos seus critérios.",
        "removeAuthorsMessage": "Você realmente deseja remover os autores selecionados?",
        "removeAuthorsSuccessMessage": "Os autores selecionados foram removidos",
        "whenYouUseGravatarYourSiteVisitorsWillQueryAThirdPartyServer": "Observe que, quando você utiliza o serviço Gravatar, os visitantes de seu site realizarão uma solicitação automática a um servidor de terceiros para carregar sua imagem de avatar.",
        "selectAuthor": "Selecionar o autor",
        "selectAuthorPage": "Selecione a página do autor",
        "themeDoesNotSupportFeaturedImagesForAuthors": "Seu tema não suporta imagens em destaque para autores.",
        "toUseThisOptionEnableIndexingAuthorPages": "Para utilizar essa opção, primeiro ative a indexação de páginas de autor nas configurações de SEO.",
        "useGravatarMessage": "Utilize o <a href=\"https://gravatar.com/\" target=\"_blank\" rel=\"noopener noreferrer\">Gravatar</a> para fornecer seu avatar de autor",
        "useGravatarServiceMessage": "Para utilizar o serviço Gravatar, forneça primeiro o endereço de e-mail do autor.",
        "website": "Site"
    },
    "core": {
        "archive": {
        "destinationNotExists": "O destino de saída especificado não existe",
        "errorDuringCreatingTAR": "Ocorreu um erro durante a criação do arquivo TAR. Tente novamente.",
        "errorDuringCreatingZIP": "Ocorreu um erro durante a criação do arquivo ZIP. Tente novamente."
        },
        "backup": {
        "destinationDirectoryDoesNotExists": "O diretório de destino não existe.",
        "errorDuringFileSaveProcess": "Ocorreu um erro durante o processo de salvamento do arquivo.",
        "errorDuringReadingBackupFile": "Ocorreu um erro durante a leitura do arquivo de backup.",
        "fileDoesNotExists": "O arquivo de backup não existe.",
        "fileIsCorrupted": "O arquivo de backup está corrompido. Abortando o processo de restauração.",
        "locationDoesNotExists": "O local de backup não existe.",
        "temporaryDirectoryDoesNotExists": "O diretório temporário não existe."
        },
        "credits": {
        "errorLoadingLicenseMsg": "Ocorreu um erro durante o carregamento da licença. Tente novamente."
        },
        "images": {
        "responsiveImagesDisabled": "As imagens responsivas foram desativadas nas configurações do site. Todas as imagens responsivas foram removidas."
        },
        "rendering": {
        "renderingProcessCrashed": "O processo de renderização falhou.",
        "renderingProcessCrashedMsg": "Para obter mais informações, verifique os arquivos rendering-errors.log e rendering-process.log em Ferramentas &gt; Visualizador de arquivos de log.",
        "renderingProcessFailed": "Falha no processo de renderização."
        },
        "server": {
        "branchDoesNotExist": "O branch selecionado não existe.",
        "creatingNewRemoteFilesTree": "Criando uma nova árvore de arquivos remotos...",
        "finishingDeploymentProcess": "Finalizando o processo de implantação...",
        "getInfoAboutLatestCommit": "Obtendo informações sobre o último commit...",
        "preparingFilesTreeToUpload": "Preparando árvore de arquivos para upload...",
        "repositoryDoesNotExist": "O repositório selecionado não existe.",
        "requestLimitExceededInfo": "Seu limite de solicitações à API foi excedido ({remaining} solicitações restantes). Aguarde até {resetTime} UTC e tente novamente.",
        "requestTimeout": "Solicitar tempo limite.",
        "retrievingHandlerOfRemoteFilesTree": "Recuperando o manipulador da árvore de arquivos remota...",
        "retrievingRemoteFilesTree": "Recuperando a árvore de arquivos remota...",
        "tokenOrServerAddressInvalid": "O token ou o endereço do servidor fornecido é inválido.",
        "tooManyFilesInfo": "Seu site contém mais de 4.000 itens ({numberOfFiles} arquivos e diretórios). Atualmente, nossa implementação do Github Pages suporta apenas sites com até 4.000 itens."
        },
        "site": {
            "noConfigurationForResponsiveImages": "Não há dados de configuração para imagens responsivas.",
            "noImagesToRegenerate": "Não há imagens para recriar",
            "noThemeSelected": "Nenhum tema selecionado"
        },
        "sureYouWantQuit": "Você tem certeza que quer sair?\nTodas as alterações não salvas serão perdidas.",
        "wpImport": {
            "authorsProgressInfo": "Importando autores ({progress} / {total})",
            "imageDownloadError": "Ocorreu um erro durante o download da imagem: {image}",
            "imagesProgressInfo": "Fazendo download de imagens ({progress} / {total})",
            "postsProgressInfo": "Importando posts ({progress} / {total})",
            "tagsProgressInfo": "Importando tags ({progress} / {total})"
        }
    },
    "customHTML": {
        "tabs": {
            "head": "Cabeçalho",
            "body": "Corpo",
            "comments": "Commentários",
            "searchInput": "Campo de busca",
            "searchContent": "Conteúdo da busca",
            "footer": "Rodapé",
            "ampHead": "Cabeçalho AMP",
            "ampFooter": "Rodapé AMP",
            "beforePost": "Antes de cada post",
            "afterPost": "Após cada post"
        }
    },    
    "date": {
        "apr": "abr",
        "aug": "ago",
        "changePostPublicationDate": "Alterar a data de publicação do post.",
        "dec": "dez",
        "feb": "fev",
        "jan": "jan",
        "jul": "jul",
        "jun": "jun",
        "mar": "mar",
        "may": "mai",
        "nov": "nov",
        "oct": "out",
        "sep": "set"
    },
    "editor": {
        "addHeading": "Adicionar título",
        "addLabel": "Adicionar marcador",
        "alignTextCenter": "Alinhar ao centro",
        "alignTextLeft": "Alinhar à esquerda",
        "alignTextRight": "Alinhar à direita",
        "blockEditorHelpPanelDesc": "Você pode inserir um bloco pressionando no botão <span>+</span> ou <span>TAB</span> em uma nova linha ou digitando os seguintes atalhos – ou sintaxe de markdown – em uma nova linha:",
        "blocks": {
        "code": {
            "idTooltip": "Este valor será utilizado como o ID do código."
        },
        "cssClassesLabel": "Classe CSS",
        "cssClassesTooltip": "Essas classes CSS serão adicionadas ao atributo “class” do campo.",
        "embed": {
            "idTooltip": "Este valor será utilizado como o ID da incorporação."
        },
        "gallery": {
            "idTooltip": "Este valor será utilizado como o ID da galeria."
        },
        "header": {
            "customIdLabel": "Utilizar ID personalizado",
            "customIdTooltip": "Ative esta opção se quiser utilizar seu próprio ID, em vez do ID gerado automaticamente",
            "idTooltip": "Este valor será utilizado como o ID do cabeçalho."
        },
        "html": {
            "idTooltip": "Este valor será utilizado como o ID do HTML."
        },
        "idLabel": "ID",
        "image": {
            "idTooltip": "Este valor será utilizado como o ID da imagem."
        },
        "list": {
            "idTooltip": "Este valor será utilizado como o ID da lista."
        },
        "paragraph": {
            "idTooltip": "Este valor será utilizado como o ID do parágrafo.",
            "styleLabel": "Estilo de parágrafo",
            "styles": {
            "highlight": "Realçar",
            "info": "Informações",
            "success": "Sucesso",
            "warning": "Aviso"
            },
            "styleTooltip": "Selecione um estilo adicional para o bloco de parágrafo."
        },
        "quote": {
            "idTooltip": "Este valor será utilizado como o ID da citação."
        },
        "separator": {
            "idTooltip": "Este valor será utilizado como o ID do separador."
        },
        "toc": {
            "idTooltip": "Este valor será utilizado como o ID do sumário."
        }
        },
        "cantSavePostWithEmptyTitle": "Você não pode salvar um post com um título vazio.",
        "changesSaved": "As mudanças foram salvas",
        "clearFormatting": "Limpar formatação",
        "clickToConfirm": "Clique para confirmar",
        "code": "Código",
        "conversions": {
        "toCode": "Código",
        "toHeader": "Cabeçalho",
        "toHTML": "HTML",
        "toList": "Lista",
        "toParagraph": "Parágrafo",
        "toQuote": "Citação"
        },
        "convertTo": "Converter para:",
        "custom": "Personalizado",
        "defaultSelect": "- Selecione -",
        "deleteBlock": "Excluir bloco",
        "dot": "Ponto",
        "dots": "Pontos",
        "dragAndDropImgToEditor": "Arraste e solte uma imagem no editor",
        "dropToUploadYourPhotoOr": "Solte para fazer upload de sua foto ou...",
        "dropToUploadYourPhotosOr": "Solte para fazer upload de suas fotos ou",
        "element": "Elemento",
        "emptyGalleryBlock": "Bloco de galeria vazio",
        "emptyImageBlock": "Bloco de imagem vazio",
        "enterAltText": "Digite o texto alternativo",
        "enterCaption": "Insira a legenda",
        "enterUrlOrEmbedCode": "Insira o URL ou o código de incorporação...",
        "errorOccurred": "Ocorreu um erro. Tente novamente.",
        "gallery": "Galeria",
        "header": "Cabeçalho",
        "heading1": "Cabeçallho 1",
        "heading2": "Título 2",
        "heading3": "Título 3",
        "heading4": "Título 4",
        "heading5": "Título 5",
        "heading6": "Título 6",
        "hideHelp": "Ocultar ajuda",
        "hideStats": "Ocultar estatísticas",
        "html": "HTML",
        "insertGallery": "Inserir galeria",
        "list": "Lista",
        "markdown": "Remarcação",
        "markdownHelpPanelDesc": "Você pode gerenciar facilmente títulos, estilos de texto ou criar outros elementos HTML utilizando os seguintes atalhos de teclado ou sintaxe de markdown:",
        "newDraftCreated": "Um novo rascunho foi criado",
        "newPostCreated": "Um novo post foi criado",
        "quote": "Citar",
        "quoteAuthor": "Autor da citação",
        "quoteText": "Texto de citação",
        "readMore": "Leia mais",
        "readMoreBlockName": "Readmore",
        "selectFiles": "Selecionar arquivos",
        "separator": "Separador",
        "shortcuts": "Atalhos",
        "sourceCode": "Código fonte",
        "startWriting": "Comece a escrever...",
        "startWritingOrPressTabToChooseBlock": "Comece a escrever ou pressione a tecla TAB para escolher um bloco.",
        "toc": "Sumário",
        "tocAutoGenerationInfo": "O sumário é gerado automaticamente com base nos títulos (H1-H6) do seu conteúdo.",
        "togglePostStatsPanel": "Alternar o painel de estatísticas do post",
        "unableToSetSpellCheckerForLanguage": "(!) Não foi possível definir o corretor ortográfico para utilizar o idioma selecionado -",
        "useOrderedList": "Utilizar lista ordenada",
        "useUnorderedList": "Utilizar lista desordenada",
        "viewHelp": "Visualizar ajuda",
        "viewStats": "Ver estatísticas",
        "wideLine": "Linha larga"
    },
    "file": {
        "addNewFile": "Adicionar novo arquivo",
        "backups": "Backups",
        "createBackup": "Criar backup",
        "createBackupConfirmMsg": "Selecione um nome para seu backup - o nome do arquivo pode conter apenas caracteres alfanuméricos, traços e sublinhados:",
        "createBackupErrorMsg": "Ocorreu um erro durante a criação do backup. Tente novamente.",
        "createBackupNameEmptyMsg": "O nome do arquivo fornecido não pode estar vazio. Insira um nome.",
        "createBackupNameInUseMsg": "O nome de arquivo fornecido ( <strong>{filename}</strong> ) já está em uso por um backup existente. Tente novamente com um nome diferente.",
        "createBackupSuccessMsg": "O backup foi criado.",
        "createFirstBackupMsg": "Você ainda não tem backups. Vamos criar o primeiro?",
        "creatingBackup": "Criando backup",
        "creationDate": "Data de criação",
        "deleteBackupsConfirmMsg": "Você realmente deseja remover os backups selecionados? Essa ação não pode ser desfeita.",
        "deleteBackupsErrorMsg": "Ocorreu um erro durante a remoção dos backups selecionados. Tente novamente.",
        "deleteBackupsSuccessMsg": "Os backups selecionados foram removidos",
        "dragAndDropBackupFile": "Arraste e solte o arquivo de backup aqui ou",
        "dropYourFileHere": "Solte o seu arquivo aqui",
        "file": "Arquivo",
        "fileFromFileManager": "Arquivo do Gerenciador de Arquivos",
        "fileManager": "Gerenciador de arquivos",
        "filename": "Nome do arquivo",
        "files": "Arquivos",
        "fileSemicolon": "Arquivo:",
        "fileSize": "Tamanho do arquivo",
        "filterOrSearchFiles": "Filtrar ou pesquisar arquivos...",
        "mediaFiles": "media/files",
        "noBackupsAvailable": "Nenhum backup disponível",
        "noFileInMediaFilesDirInfo": "Não há arquivos no diretório media/files...",
        "noFileInRootDirInfo": "Não há arquivos no diretório raiz...",
        "noFileMatchingCriteriaInfo": "Não há arquivos que correspondam aos seus critérios.",
        "operations": "Operações",
        "preparingFilesInOutputDir": "Preparando arquivos no diretório de saída",
        "provideNameForNewFile": "Forneça um nome para o novo arquivo",
        "removeFilesConfirmMsg": "Você realmente deseja remover os arquivos selecionados? Esta ação não pode ser desfeita.",
        "removeFilesSuccessMsg": "Os arquivos selecionados foram removidos",
        "rename": "Renomear",
        "renameBackupConfirmLabel": "Renomear arquivo",
        "renameBackupConfirmMsg": "Especifique um novo nome de arquivo de backup:",
        "renameBackupErrorMsg": "Ocorreu um erro ao renomear o arquivo de backup selecionado. Tente novamente.",
        "renameBackupNameEmptyMsg": "O nome do arquivo de backup não pode estar vazio. Tente novamente.",
        "renameBackupNameInUseMsg": "O nome especificado está em uso por outro arquivo de backup. Tente novamente.",
        "renameBackupSameNameMsg": "O nome especificado é o mesmo que o nome antigo. Tente novamente.",
        "renameBackupSuccessMsg": "O backup foi renomeado com sucesso.",
        "restore": "Restaurar",
        "restoreBackupConfirmLabel": "Restaurar backup",
        "restoreBackupConfirmMsg": "Você realmente deseja restaurar o backup selecionado? Os arquivos existentes serão substituídos.",
        "restoreBackupErrorMsg": "Ocorreu um erro ao restaurar o arquivo de backup selecionado:",
        "restoreBackupSuccessMsg": "O site foi restaurado com sucesso.",
        "rootDirectory": "diretório raiz",
        "selectedFileExistsMsg": "Os seguintes arquivos não podem ser copiados, pois já existem no diretório selecionado:",
        "selectedFilenameInUseMsg": "O nome de arquivo selecionado está em uso. Utilize um nome de arquivo diferente.",
        "selectFile": "Selecione o arquivo",
        "selectFileFromFileManager": "Selecione um arquivo no Gerenciador de Arquivos.",
        "uploadFiles": "Enviar arquivos"
    },
    "gdpr": {
        "addGroup": "Adicionar grupo",
        "embedConsents": {
            "addRule": "Adicionar regra",
            "groupButtonLabel": "Rótulo do botão",
            "groupCookieGroup": "Grupo de cookies",
            "groupRule": "A URL contém",
            "groupRulePlaceholder": "youtube.com",
            "groupTextPlaceholder": "Texto de consentimento"
        },        
        "groupDescriptionPlaceholder": "Digite aqui uma descrição do grupo de cookies",        
        "groupID": "ID do grupo",
        "groupName": "Nome do grupo",
        "state": "Estado"
    },
    "image": {
        "addImages": "Adicione imagens",
        "align": "Alinhar",
        "centeredImage": "Imagem centralizada",
        "columns": "Colunas:",
        "dropFeaturedImageOr": "Solte a imagem de destaque aqui ou",
        "dropToUploadPhotoOr": "Solte para fazer upload de sua foto ou",
        "eightColumns": "8 colunas",
        "enterAltText": "Digite o texto alternativo",
        "enterCaption": "Insira a legenda",
        "fiveColumns": "5 colunas",
        "fourColumns": "4 colunas",
        "fullWidth": "Largura completa",
        "fullWidthImage": "Imagem de largura total",
        "image": "Imagem",
        "imageAlternativeText": "Texto alternativo da imagem",
        "imageCaption": "Legenda da imagem",
        "images": "Imagens",
        "insertEditGallery": "Inserir/editar galeria",
        "layout": "Layout",
        "loadingImage": "Carregando imagem...",
        "none": "Nenhum",
        "oneColumn": "1 coluna",
        "pictures": "fotos",
        "removeImage": "Remover imagem",
        "sevenColumns": "7 colunas",
        "sixColumns": "6 colunas",
        "threeColumns": "3 colunas",
        "twoColumns": "2 colunas",
        "uploading": "Enviando",
        "wide": "Ampla",
        "wideImage": "Imagem ampla",
        "yourGalleryIsEmpty": "Sua galeria está vazia"
    },
    "langs": {
        "addLanguageSuccessMessage": "O idioma foi adicionado",
        "deleteLanguage": "Excluir idioma",
        "getMoreLanguages": "Obtenha mais idiomas",
        "goToLanguagesManager": "Vá para o gerenciador de idiomas",
        "installLanguage": "Instalar idioma",
        "isOutdated": "Desatualizado",
        "isOutdatedTitle": "Este idioma oferece suporte ao Publii até a versão {supportedVersion}, mas você está utilizando o Publii versão {currentVersion}. Atualize o Publii para utilizar este idioma.",
        "language": "Idioma:",
        "languageChangedMsg": "Idioma do aplicativo alterado",
        "languageChangeError": "Ocorreu um erro na alteração do idioma. Tente novamente.",
        "languageLoadingError": "Ocorreu um erro durante o carregamento do idioma do aplicativo. O idioma padrão (inglês) será utilizado em seu lugar. Acesse as configurações de idioma para selecionar outro.",
        "languages": "Idiomas",
        "removeLanguageMessage": "Deseja realmente remover o idioma {languageName}?",
        "removeLanguageSuccessMessage": "O idioma selecionado foi removido.",
        "updatedLanguageSuccessMessage": "O idioma selecionado foi atualizado.",
        "uploadLanguageErrorMessage": "Ocorreu um erro durante a instalação. Tente novamente."
    },
    "link": {
        "addDownloadAttr": "Adicionar atributo \"baixar\"",
        "addLink": "Adicionar link",
        "addNofollow": "Adicione rel=\"nofollow\"",
        "downloadAttribute": "Atributo “download”:",
        "insertEditLink": "Inserir/Editar link",
        "linkInvalidMsg": "Ops! Este link parece ser inválido.",
        "linkRelAttribute": "Atributo \"rel\" do link",
        "linkTitleAttribute": "Atributo \"title\" do link",
        "openInNewTab": "Abrir em nova guia",
        "previewLinkInBrowser": "Visualize este link no navegador",
        "previewOnlyExternalLinksMsg": "Você só pode visualizar links externos no editor de artigos.",
        "removeLink": "Remover link",
        "selectLinkType": "Selecione o tipo de link"
    },
    "menu": {
        "addMenuItem": "Adicionar item de menu",
        "addNewMenu": "Adicionar novo menu",
        "addNewMenuItem": "Adicionar novo item de menu",
        "addSubmenu": "Adicionar submenu",
        "addSubmenuItem": "Adicionar item de submenu",
        "assignedMenu": "Menu atribuído",
        "classCSS": "Classe CSS",
        "createNewMenu": "Criar novo menu",
        "deleteThisMenuItem": "Excluir este item de menu",
        "duplicateThisMenuItem": "Duplicar este item de menu",
        "editMenuItem": "Editar item de menu",
        "editMenuName": "Editar nome do menu",
        "editThisMenuItem": "Editar este item de menu",
        "externalLink": "Link externo",
        "externalURL": "URL externo",
        "hideThisMenuItem": "Ocultar este item de menu",
        "internalLink": "Link interno",
        "items": "Itens",
        "label": "Rótulo",
        "likedItemError": "O item vinculado não foi renderizado (página de tag ou autor vazia), não existe ou foi descartado",
        "likedItemIsADraft": "O item vinculado é um rascunho.",
        "menu": "Menu",
        "menuItemsRemoveMessage": "Deseja realmente remover o item de menu selecionado?",
        "menuItemIsHidden": "Este item de menu está oculto.",
        "menuNameCannotBeEmptyCreateNewMenuErrorMessage": "O campo do nome do menu não pode permanecer vazio. Insira um nome de menu.",
        "menuNameCannotBeEmptyErrorMessage": "O campo do nome do menu não pode permanecer vazio. Insira um novo nome de menu.",
        "menuNameExistsErrorMessage": "O nome do menu especificado já existe. Utilize um nome diferente.",
        "menuNameHasBeenEdited": "O nome do menu foi editado.",
        "menuNameInUseErrorMessage": "O nome do menu especificado está em uso. Insira um novo nome de menu.",
        "menusRemoveMessage": "Deseja realmente remover os menus selecionados?",
        "menusRemoveSuccessMessage": "Os menus selecionados foram removidos.",
        "newMenuCreated": "Novo menu foi criado",
        "noMenusAvailable": "Nenhum menu disponível",
        "noMenusCreateNewOne": "Você ainda não tem menus. Vamos criar o primeiro?",
        "noMenusMessage": "Não há itens de menu; crie novos por meio do botão “Adicionar item de menu” acima.",
        "provideNameForNewMenu": "Forneça um nome para seu novo menu:",
        "provideNewNameForMenu": "Forneça um novo nome para o menu selecionado:",
        "selectItemType": "Selecione o tipo de item",
        "selectLinkTarget": "Selecione o destino do link",
        "showThisMenuItem": "Exibir este item de menu",
        "textSeparator": "Separador de texto",
        "type": "Tipo",
        "unassigned": "Não atribuído"
    },
    "plugins": {
        "addPluginSuccessMessage": "O plug-in foi adicionado",
        "deletePlugin": "Excluir plug-in",
        "getMorePlugins": "Obtenha mais plug-ins",
        "goToPluginsManager": "Vá para o gerenciador de plug-ins",
        "installPlugin": "Instalar plug-in",
        "isIncompatible": "Está desatualizado",
        "isIncompatibleTitle": "Este plug-in é compatível com o Publii versão {supportedVersion}, mas você está utilizando o Publii versão {currentVersion} - atualize o Publii para utilizar este plug-in.",
        "plugin": "Plug-in:",
        "plugins": "Plug-ins",
        "removePluginMessage": "Deseja realmente remover o plug-in {pluginName}?",
        "removePluginSuccessMessage": "O plug-in selecionado foi removido.",
        "updatedPluginSuccessMessage": "O plug-in selecionado foi atualizado.",
        "uploadPluginErrorMessage": "Ocorreu um erro durante a instalação. Tente novamente."
    },
    "post": {
        "addNewPost": "Adicionar novo post",
        "addPostTitle": "Adicionar título do post",
        "all": "Tudo",
        "changePostDate": "Alterar a data do post",
        "characters": "Caracteres",
        "configureThemeBeforeGeneratingPreview": "Um tema deve ser selecionado e configurado para este site antes que a visualização deste post possa ser gerada.",
        "currentDefaultTemplate": "Modelo padrão atual",
        "customPostTypes": "Tipos de post personalizados",
        "drafts": "Rascunhos",
        "duplicate": "Duplicado",
        "duplicatePostErrorMessage": "Ocorreu um erro durante a duplicação dos posts selecionados. Tente novamente.",
        "duplicatePostSuccessMessage": "Os posts selecionados foram duplicados",
        "editorBlock": "Editor de blocos",
        "editorBlockInfo": "Um editor moderno e intuitivo com suporte a atalhos e a Markdown, para facilitar a produção de conteúdo, sem a necessidade de se preocupar com HTML ou outros elementos de código.",
        "editorBlockNotSupportedEditPostInfo": "O tema atual não suporta o editor de blocos utilizado neste post. Este post pode ser renderizada incorretamente nos arquivos de saída.",
        "editorBlockNotSupportedNewPostInfo": "O tema atual não suporta o editor de blocos utilizado neste post. Este post pode ser renderizada incorretamente nos arquivos de saída.",
        "editorBlockUse": "Utilizar o editor de blocos",
        "editorMarkdown": "Editor de Markdown",
        "editorMarkdownInfo": "Este editor suporta a sintaxe Markdown como abreviação para produzir conteúdo rapidamente; ótimo para projetos extensos e sem frescuras, como tutoriais.",
        "editorMarkdownUse": "Utilizar o editor Markdown",
        "editorWYSIWYG": "Editor WYSIWYG",
        "editorWYSIWYGInfo": "Este editor fornece uma experiência familiar de processamento de texto, com ferramentas adicionais para usuários que desejam controlar todos os aspectos do conteúdo de sua página.",
        "editorWYSIWYGUse": "Utilize o editor WYSIWYG",
        "editPostAnyway": "Editar post mesmo assim",
        "excluded": "Excluído",
        "excludeFromHomepage": "Excluir da página inicial",
        "featured": "Destacado",
        "filterOrSearchPosts": "Filtrar ou pesquisar posts...",
        "hidden": "Escondido",
        "hidePost": "Esconder publicação",
        "includeInHomepage": "Incluir na página inicial",
        "markAsDraft": "Marcar como rascunho",
        "markAsFeatured": "Marcar como destacado",
        "markAsUnfeatured": "Marcar como “não destacado”",
        "min": "min",
        "modificationDate": "Data de modificação",
        "moveToTrash": "Mover para a lixeira",
        "noPostsMatchingYourCriteria": "Não há posts que correspondam aos seus critérios.",
        "openEditorAnyway": "Abrir o editor mesmo assim",
        "paragraphs": "Parágrafos",
        "post": "Post",
        "postAuthor": "Autor do post",
        "postLink": "Link do post",
        "postName": "Nome do post:",
        "postPage": "Página do post",
        "posts": "Posts",
        "postSettings": "Configurações do post",
        "postSlug": "Slug do post",
        "postSlugLengthWarning": "Slugs (o trecho que aparece após o domínio na barra de endereços do navegador) com mais de 250 caracteres podem levar à criação de arquivos quebrados durante a renderização do site.",
        "postSlugTooLong": "O slug do post é muito longo",
        "postState": "Situação do post",
        "postStatusChangeSuccessMessage": "A situação dos posts selecionados foi alterada.",
        "postTemplate": "Modelo de post",
        "postWillNotAppearOnHomepageListMsg": "O post não aparecerá nas listagens da página inicial",
        "postWillNotAppearOnListMsg": "O post não aparecerá em nenhuma lista de posts gerada, como rótulos (tags) ou páginas de autor.",
        "publicationDate": "Data de publicação",
        "publish": "Publicar",
        "published": "Publicados",
        "readingTime": "Tempo de leitura",
        "removePostMessage": "Deseja realmente remover os posts selecionados? Isto não pode ser desfeito.",
        "removePostSuccessMessage": "Os posts selecionados foram removidos.",
        "selectPostPage": "Selecionar página de posts",
        "sentences": "Frases",
        "setCustomPostDate": "Definir data personalizada para o post",
        "status": "Situação",
        "thisPostIsADraft": "Este post é um rascunho",
        "thisPostIsExcludedFromHomepage": "Este post foi excluído da página inicial",
        "thisPostIsFeatured": "Este post está em destaque",
        "thisPostIsHidden": "Este post está oculto",
        "title": "Título",
        "trashed": "Descartado",
        "uniqueWords": "Palavras únicas",
        "updatedOn": "Atualizado em",
        "url": "URL",
        "words": "Palavras"
    },
    "publii": {
        "aboutPublii": "Sobre o Publii",
        "currentPubliiVersion": "Versão",
        "accept": "Aceitar",
        "copyright": "Copyright 2022 <a href=\"https://tidycustoms.net\" target=\"_blank\" rel=\"noopener noreferrer\">TidyCustoms</a> . Todos os direitos reservados.<br> Publii é projetado e mantido pela equipe principal em cooperação com <a href=\"https://github.com/dziudek\" target=\"_blank\" rel=\"noopener noreferrer\">Dev Zen</a> e é possível pelo projeto <a href=\"https://electronjs.org\" target=\"_blank\" rel=\"noopener noreferrer\">Electron</a> Open Source e outros",
        "creditsIntro": "O Publii utiliza o seguinte software de código aberto de terceiros:",
        "dataCollectionInfo": "<strong>Não coletamos nenhum</strong> dado pessoal enquanto você utiliza o aplicativo Publii. Não armazenamos, rastreamos ou permitimos que terceiros coletem informações de identificação pessoal sobre você.",
        "homepage": "Pagina inicial",
        "license": "Licença",
        "licensingInformation": "Informações de licenciamento",
        "openSourceSoftware": "Software de código aberto",
        "publiiLicenseAgreement": "Contrato de Licença do Publii.",
        "publiiLicenseAgreementInfo": "Este software está licenciado sob o GNU GPL versão 3.<br> Ao clicar em &quot;Aceitar&quot; você concorda com o"
    },
    "rendering": {
        "errorDuringPreviewCreatingMsg": "Ocorreu um erro durante a criação da visualização.",
        "rendering": "Renderização...",
        "renderingErrorText": "Ocorreu um erro durante o processo de renderização do site.",
        "renderingPleaseWait": "Aguarde enquanto o processo de renderização é concluído.",
        "selectThemeBeforeCreatingPreviewMsg": "Você precisa selecionar um tema antes de tentar criar uma visualização do seu site. Acesse a seção de configurações do site e selecione um tema."
    },
    "settings": {
        "addGDPRCookieBanner": "Habilitar o banner",
        "additionalValidElementsInWYSIWYGEditor": "Elementos válidos adicionais no editor WYSIWYG",
        "additionalValidElementsInWYSIWYGEditorInfo": "Se o editor WYSIWYG remover automaticamente algumas tags do seu código HTML, você poderá adicioná-las aqui como elementos permitidos.<br> Por exemplo: <strong>v-select[*],v-dropdown[*]</strong> permitirá as tags v-select e v-dropdown personalizadas com quaisquer atributos.",
        "advancedOptions": "Opções avançadas",
        "advancedPreviewDesc": "A visualização avançada permite renderizar um site sem abrir o navegador",
        "alwaysAddIndexHTMLInURLs": "Sempre adicionar o trecho “index.html” em URLs",
        "alwaysSaveSearchState": "Sempre salvar o estado de pesquisa",
        "anchorLink": "Link âncora",
        "appSettings": "Configurações do aplicativo",
        "appSettingsSavedMsg": "As configurações do aplicativo foram salvas com sucesso.",
        "appSettingsSaveErrorMsg": "Ocorreu um erro ao salvar as configurações do aplicativo. Tente novamente.",
        "ascending": "Ascendente",
        "authorPage": "Página do autor",
        "authorPages": "Páginas do autor",
        "authorPageTitleVariables": "As seguintes variáveis podem ser utilizadas no título da página do autor: %authorname, %sitename.",
        "authorPrefix": "Prefixo do autor:",
        "authorPrefixInfo": "Define o prefixo que aparece antes do slug do autor em uma URL, por exemplo, <strong>https://exemplo.com/PREFIXO_DO_AUTOR/slug-do-autor</strong> .<br>",
        "authorsPrefixCannotBeEmpty": "O prefixo dos autores não pode permanecer vazio.",
        "authorsPrefixCannotEqualTagsPrefix": "O prefixo dos autores não pode ser igual ao prefixo das tags.",
        "backupLocation": "Local de backup",
        "backupLocationChangedConfirmMsg": "O local de armazenamento dos backups foi alterado. Todos os novos backups serão armazenados neste diretório. Se você precisar de acesso a backups anteriores, eles podem ser movidos manualmente para o novo diretório.",
        "badge": "Emblema",
        "badgeAndCustomLink": "Emblema + link personalizado",
        "badgeLabel": "Rótulo do emblema",
        "bannerPosition": "Posição do banner",        
        "basicSettings": "Configurações básicas",
        "byIDAscending": "Por ID crescente",
        "byIDDescending": "Por ID descendente",
        "cannotAddIndexHTMLInURLsInfo": "Habilite esta opção se você não puder habilitar o carregamento de arquivos index.html por padrão quando uma pasta em seu servidor for aberta.",
        "cardTypes": "Tipos de cartão:",
        "changeSitesLocationWithoutCopyingFiles": "Altere a localização dos sites sem mover os sites existentes para o novo catálogo",
        "closePostEditorOnSave": "Feche o editor de posts ao salvar",
        "codeEditor": "Editor de código (CodeMirror)",
        "colorTheme": "Cor do tema",
        "content": "Conteúdo",
        "cookieGroups": "Grupos de cookies",
        "cookieBanner": "Banner de cookie",
        "cookieBasic": "Básico",
        "cookieBasicDescription": "Esta seção contém as configurações responsáveis pela exibição do banner de cookies no seu site, o que permite aos visitantes saber se ele utiliza cookies.",
        "cookieAdvanced": "Avançado",
        "cookieAdvancedDescription": "Esta seção contém opções para exibir um pop-up modal com configurações avançadas de cookies, o que permite aos visitantes gerenciar os consentimentos para um grupo específico de cookies.",
        "createXMLSitemap": "Criar mapa do site em XML",
        "currentTheme": "Tema atual:",
        "customFeedTitle": "Título do feed personalizado",
        "customLanguageCode": "Código de idioma personalizado:",
        "darkMode": "Modo escuro",
        "defaultAuthorsOrdering": "Classificação padrão de autores:",
        "defaultOrderingOnLists": "Classificação padrão de listas:",
        "defaultPostsOrdering": "Classificação padrão de posts:",
        "defaultTagsOrdering": "Classificação padrão de tags:",
        "descending": "descendente",
        "disableAuthorsPagination": "Desativar paginação de autores",
        "disableAuthorsPaginationIndexing": "Desativar a indexação da paginação de autores",
        "disableAuthorsPaginationIndexingInfo": "Quando habilitado, os arquivos de paginação de autores serão excluídos do mapa do site e terão a metatag “robots” <strong>noindex, follow</strong> adicionada.",
        "disableAuthorsPaginationInfo": "Quando habilitado, a paginação de autores não será gerada.",
        "disableHomepagePaginationIndexing": "Desativar a indexação de paginação para a página inicial",
        "disableTagsPagination": "Desativar paginação de tags",
        "disableTagsPaginationIndexing": "Desativar a indexação de paginação de tags",
        "disableTagsPaginationIndexingInfo": "Se esta opção estiver habilitada, seus arquivos de paginação de tags serão excluídos do mapa do site e terão a metatag “robots” <strong>noindex, follow</strong> adicionada.",
        "disableTagsPaginationInfo": "Se esta opção estiver habilitada, a paginação de suas tags não será gerada.",
        "displayEmptyAuthors": "Exibir autores sem posts",
        "displayEmptyAuthorsInfo": "Quando habilitado, autores sem posts atribuídos a eles ainda terão suas subpáginas criadas e aparecerão na lista de autores.",
        "displayEmptyTags": "Exibir tags sem posts",
        "displayEmptyTagsInfo": "Quando habilitado, as tags sem posts atribuídos a elas ainda terão suas subpáginas criadas e aparecerão na lista de tags.",
        "dontIndexThisPage": "Solicitar ao mecanismo de pesquisa para não rastrear todo o site.",
        "editorFontFamily": "Família de fontes",
        "editorFontFamilySansSerif": "Sem serifa",
        "editorFontFamilySerif": "Serifada",
        "editorFontSize": "Tamanho da fonte (px)",
        "editors": "Editores",
        "embedConsents": "Consentimento para conteúdo incorporado",
        "embedConsentsDescription": "Esta seção permite bloquear conteúdo carregado em iframes a partir de provedores de conteúdo de terceiros capazes de definir cookies. Ao fornecer o domínio da URL do iframe, por exemplo, <strong>youtube.com</strong>, e preencher os elementos necessários (tais como uma mensagem, um botão de aceitação e a atribuição a um grupo de cookies existente), os iframes serão substituídos por um espaço reservado para informar aos visitantes que o conteúdo foi bloqueado devido às suas configurações de consentimento (ou seja, que o visitante não consentiu, no banner de cookies, com os tipos de cookies utilizados pelo iframe).",
        "embedVideos": "Embutir vídeo",        
        "enableAdvancedPreview": "Ativar visualização avançada",
        "enableAMP": "Ativar AMP",
        "enableAMPInfo": "AMP (Accelerated Mobile Pages) cria páginas otimizadas para dispositivos móveis com conteúdo estático que é renderizado rapidamente.<br/> <strong>Observação:</strong> quando esta opção estiver ativada, seu site carregará scripts de terceiros fornecidos pelo CDN do Google AMP.",
        "enableAutoIndent": "Ativar recuo automático",
        "enableCSSCompression": "Ativar compactação de CSS",
        "enableHTMLCompression": "Ativar compactação de HTML",
        "enableJSONFeed": "Ativar o feed JSON",
        "enableMediaLazyLoad": "Ativar carregamento adiado de mídia (lazy load)",
        "enableMediaLazyLoadInfo": "Ative esta opção se você quiser utilizar o carregamento adiado nativo que carrega imagens, vídeos e iframes à medida em que são demandados.",
        "enableResponsiveImages": "Ativar imagens responsivas",
        "enableResponsiveImagesInfo": "Habilite esta opção se desejar entregar imagens de tamanhos diferentes em diferentes resoluções de tela dependendo dos pontos de interrupção definidos por meio do arquivo config.json na pasta de um tema.",
        "enableRSSFeed": "Ativar o feed RSS",
        "enableSharingButtons": "Ativar botões de compartilhamento",
        "enableSpellchecker": "Ativar corretor ortográfico",
        "errorPage": "Página de erro:",
        "errorPageFilenameCannotBeEmpty": "O nome do arquivo da página de erro não pode estar vazio.",
        "errorPageFilenameCannotEqualSearchPageFilename": "O nome do arquivo da página de erro não pode ser igual ao nome do arquivo da página de pesquisa.",
        "errorPageTitleVariables": "As seguintes variáveis podem ser utilizadas no título da página de erro: %sitename.",
        "excludedFiles": "Arquivos excluídos",
        "excludeFeaturedPosts": "Excluir posts em destaque",
        "excludeFilesFromSitemapInfo": "Digite uma lista separada por vírgulas de arquivos HTML ou pastas para excluir do mapa do site.<br> Por exemplo: <strong>evite-este-arquivo.html,evite-este-catalogo-tambem</strong> .",
        "experimentalFeaturesWarning": "Estamos sempre procurando maneiras de melhorar o nosso aplicativo. Esta seção contém recursos experimentais projetados para estender a funcionalidade do Publii. Como são experimentais, não podemos garantir que funcionarão corretamente; ative-os por sua conta e risco.",
        "experimentalFeatureAppAutoBeautifySourceCode": "Embelezar automaticamente o código-fonte no editor WYSIWYG",
        "experimentalFeatureAppAutoBeautifySourceCodeDesc": "Esta função habilita o embelezamento automático do código-fonte no editor WYSIWYG",
        "externalImages": "Imagens externas",
        "externalPage": "Página externa",
        "facebook": "Facebook",
        "facebookAppID": "ID do aplicativo do Facebook",
        "facebookAppIDInfo": "Leia como obter o <a href=\"https://developers.facebook.com/docs/apps/\" target=\"_blank\" rel=\"noopener noreferrer\">ID do aplicativo do Facebook</a> .",
        "fallbackImage": "Imagem substituta",
        "fallbackLogoImage": "Imagem de logotipo substituta",
        "fallbackLogoImageInfo": "O logotipo deve caber em uma área com tamanho de 60 &times; 600 pixels.",
        "featuredPostsOrderBy": "Classificar posts em destaque por:",
        "featuredPostsOrdering": "Classificação de posts em destaque:",
        "feedTitle": "Título do feed:",
        "filesLocation": "Localização dos arquivos",
        "footerText": "Texto de rodapé",
        "frontpage": "Página inicial",
        "GDPR": "Configurações de privacidade",
        "gdprBannerPosition": {
            "centered": "Centralizado",
            "left": "Esquerda",
            "right": "Direita",
            "bar": "Barra"
        },
        "gdprAllowAdvancedConfiguration": "Habilitar configuração avançada de cookies",
        "gdprAdvancedConfigurationLinkLabel": "Rótulo do botão de configuração avançada",
        "gdprAdvancedConfigurationLinkPlaceholder": "Gerenciar preferências",
        "gdprAdvancedConfigurationAcceptButtonLabel": "Rótulo do botão de aceitação",
        "gdprAdvancedConfigurationRejectButtonLabel": "Rótulo do botão de rejeição",
        "gdprAdvancedConfigurationSaveButtonLabel": "Etiqueta do botão de salvar",
        "gdprAdvancedConfigurationTitle": "Título do pop-up",
        "gdprAdvancedConfigurationDescription": "Mensagem do pop-up",
        "gdprAdvancedConfigurationPrivacyLink": "Link da política de privacidade",
        "gdprAdvancedConfigurationPrivacyLinkDescription":"Exibir um link para a página de política de privacidade na mensagem do pop-up. Se a opção “Exibir link da política de privacidade” na seção Básico estiver desativada, o link também não será exibido no pop-up.",
        "gdprBehaviourInfo": "Lembre-se de colocar um link com a âncora acima na navegação de seu site ou no conteúdo do site (por exemplo, <a href=\"#cookie-settings\">Preferências de cookies</a>). Caso contrário os visitantes de seu website não serão capazes de alterar suas preferências individuais de cookies",
        "gdprCookieSettingsRevision": "Versão das configurações",
        "gdprCookieSettingsTTL": "Armazenar as configurações de consentimento dos visitantes por X dias",
        "gdprDebugMode": "Habilitar o modo de depuração",
        "gdprShowRejectButton": "Exibir botão de rejeição",
        "gdprRejectButtonLabel": "Etiqueta do botão de rejeição",
        "gdprBannerTitle": "Título do banner",
        "gdprBannerMessage": "Mensagem do banner",        
        "generateOpenGraphTags": "Gerar tags Open Graph",
        "generateTwitterCards": "Gerar cartões do Twitter",
        "googleAnalyticsTrackingID": "ID de acompanhamento do Google Analytics",
        "hiddenPostsOrderBy": "Classificar posts ocultos por:",
        "hiddenPostsOrdering": "Classificação de posts ocultos:",
        "hideCustomExcerptsOnPostPages": "Ocultar trechos personalizados nas páginas de posts",
        "hideCustomExcerptsOnPostPagesInfo": "Quando habilitado, suas páginas de posts não exibirão o texto colocado acima do elemento \"Leia mais\", no editor de posts.",
        "homepageNoIndexPagination": "Quando habilitado, seus arquivos de paginação para a página inicial serão excluídos do mapa do site e terão a metatag “robots” <strong>noindex, follow</strong> adicionada.",
        "homepagePagination": "Paginação da página inicial",
        "howToPrepareYourThemeForGDPRInfo": "Habilitar esta opção exibirá um banner de cookie em seu website. Leia o artigo <a href=\"https://getpublii.com/docs/gdpr-cookie-banner-configuration.html\" target=\"_blank\" rel=\"noopener noreferrer\">Configuração do Cookie RGPD/LGPD</a> para obter mais informações sobre como configurar o banner corretamente.",
        "howYtNoCookiesWorks": "Quando habilitado, o domínio do YouTube para a URL embutida – por exemplo, 'www.youtube.com' – será automaticamente alterado para 'www.youtube-nocookie.com', a fim de evitar que o player embutido personalize a experiência de navegação dos visitantes no YouTube, e também para garantir que nenhuma informação seja utilizada para personalizar a publicidade apresentada ao visitante fora do seu site. Saiba mais sobre o modo de privacidade avançado visitando <a href=\"https://support.google.com/youtube/answer/171780?hl=en#zippy=%2Cturn-on-privacy-enhanced-mode\">a página de ajuda do YouTube</a>.",
        "howVimeoNoTrackWorks": "Quando habilitado, o parâmetro adicional dnt=1 será adicionado à URL embutida do Vimeo (player.vimeo.com/video) a fim de evitar que o player embutido rastreie quaisquer dados da sessão, incluindo todos os cookies e demais análises. Para saber mais sobre os parâmetros do Vimeo player, visite <a href=\"https://vimeo.zendesk.com/hc/en-us/articles/360001494447-Player-parameters-overview\">a página de ajuda do Vimeo</a>.",
        "imageResizeEngineInfo": "O mecanismo de redimensionamento Sharp é muito mais rápido que o Jimp, mas pode causar problemas com algumas imagens. Se você estiver encontrando problemas ao criar ou gerar novamente as miniaturas das imagens, tente alternar para o mecanismo de redimensionamento Jimp. Se você deseja utilizar imagens WebP, precisará utilizar o mecanismo de redimensionamento Sharp. Observe que o mecanismo de redimensionamento Sharp não está disponível no Linux.",
        "imagesResizeEngine": "Mecanismo de redimensionamento de imagens:",
        "indentSize": "Tamanho do recuo (espaços)",
        "internalPage": "Página interna",
        "leaveBlankForDefaultBackupsDir": "Deixe em branco para utilizar o diretório de backups padrão",
        "leaveBlankForDefaultPreviewDirectory": "Deixe em branco para utilizar o diretório de visualização padrão",
        "leaveBlankToUseDefaultPageTitle": "Deixe em branco para utilizar o título da página padrão",
        "leaveBlankToUseDefaultSitesDir": "Deixe em branco para utilizar o diretório de sites padrão",
        "lightMode": "Modo claro",
        "linkedIn": "LinkedIn",
        "linkLabel": "Rótulo do link",
        "loadAtStart": "Carregar no início:",
        "metaDescription": "Meta Descrição:",
        "metaRobots": "Meta Robots:",
        "noIndexWebsite": "Não indexar este site",
        "notSelected": "Não selecionado",
        "numberOfPostsInFeed": "Número de posts no feed",
        "openDevtoolsInMainW": "Abra as ferramentas do desenvolvedor automaticamente na janela principal",
        "openGraph": "Open Graph",
        "openLastUsedWebsite": "Abra o último site utilizado",
        "openPopupWindowBy": "Abrir banner por",
        "optionsForDevelopers": "Opções para desenvolvedores",
        "optionsForEditors": "Opções para editores",
        "optionsForExperimentalFeatures": "Recursos experimentais",
        "ordering": {
        "authorASC": "Por autor (ascendente)",
        "authorDESC": "Por autor (descendente)",
        "createdASC": "Por data de criação (crescente)",
        "createdDESC": "Por data de criação (descendente)",
        "idASC": "Por ID (crescente)",
        "idDESC": "Por ID (descendente)",
        "modifiedASC": "Por data de modificação (crescente)",
        "modifiedDESC": "Por data de modificação (descendente)",
        "nameASC": "Por nome (ascendente)",
        "nameDESC": "Por nome (descendente)",
        "postsCounterASC": "Por contagem de posts (crescente)",
        "postsCounterDESC": "Por contagem de posts (decrescente)",
        "titleASC": "Por título (ascendente)",
        "titleDESC": "Por título (descendente)"
        },
        "pageName": "Nome da página",
        "pageTitle": "Título da página",
        "pageTitleVariables": "As seguintes variáveis podem ser utilizadas no título da página: %posttitle, %sitename, %authorname",
        "paginationPhrase": "Frase de paginação:",
        "paginationPhraseCannotBeEmpty": "A frase de paginação não pode estar vazia.",
        "paginationPhraseInfo": "Define a frase utilizada antes do número da página em um URL, por exemplo, <strong>https://exemplo.com/tags/slug-da-tag/page/2</strong> .<br>",
        "password": {
        "alwaysAskForPassword": "Sempre solicite a senha",
        "hidePassword": "Esconder a senha",
        "password": "Senha",
        "passwordFieldCantBeEmpty": "O campo de senha não pode permanecer vazio.",
        "showPassword": "Exibir senha"
        },
        "pinterest": "Pinterest",
        "postCreationDate": "Data de criação do post",
        "postID": "Código do post",
        "postModificationDate": "Data de modificação do post",
        "postPageTitleVariables": "As seguintes variáveis podem ser utilizadas no título da página de posts: %posttitle, %sitename, %authorname.",
        "postsListing": "Listagem de posts",
        "postsOrderBy": "Classificar posts por:",
        "postsOrdering": "Classificação de posts:",
        "postTile": "Título do post",
        "previewLocation": "Local de visualização",
        "previewLocationChangedConfirmMsg": "O local do armazenamento da visualização foi alterado. Observe que os arquivos existentes nesta pasta serão excluídos quando uma visualização do seu site for criada.",
        "privacyPolicyLinkLabel": "Rótulo do link da política de privacidade",
        "privacyPolicyPage": "Selecione a página",
        "privacyPolicyPageURL": "Digite a URL externa",
        "privacyPolicyURL": "Fonte do link da política de privacidade",
        "provideFacebookAppID": "Insira o <a href=\"https://developers.facebook.com/docs/apps/\" target=\"_blank\" rel=\"noopener noreferrer\">ID do aplicativo do Facebook</a>",
        "random": "Aleatória",
        "readAboutOurRecommendedServerSettings": "Quer saber mais sobre as configurações de servidor recomendadas? Consulte <a href=\"https://getpublii.com/docs/recommended-server-settings.html\" target=\"_blank\">este tutorial</a>.",        
        "relatedPostsOptions": "Opções dos posts relacionados",
        "relatedPostsOptionsInfo": "Quando ativados, os posts relacionados serão obtidos a partir de todas as tags. Quando desativados, os posts relacionados só serão gerados a partir das mesmas tags do post atual.",
        "relatedPostsOrdering": "Classificação dos posts relacionados:",
        "relatedPostsSelectionMechanism": "Mecanismo de seleção dos posts relacionados:",
        "removeHTMLComments": "Remover comentários HTML",
        "responsiveImagesQuality": "Qualidade das imagens responsivas",
        "RSSJSONFeed": "Feed RSS/JSON",
        "saveButtonLabel": "Rótulo do botão de salvar",
        "saveSearchStateInfo": "Quando ativado, o Publii salvará os resultados da pesquisa atual mesmo ao criar um novo post, permitindo que você retorne à listagem. Por padrão, o Publii só salva os resultados da pesquisa ao abrir um post para edição.",
        "requiresRestartingApp": "Requer uma reinicialização do aplicativo Publii",
        "saveSettings": "Salvar configurações",
        "searchPage": "Página de pesquisa:",
        "searchPageFilenameCannotBeEmpty": "O nome do arquivo da página de pesquisa não pode estar vazio.",
        "searchPageTitleVariables": "As seguintes variáveis podem ser utilizadas no título da página de pesquisa: %sitename.",
        "selectedDirInvalid": "O diretório selecionado não existe.",
        "selectPage": "Selecionar página",
        "showFeaturedImage": "Exibir imagem em destaque",
        "showFeaturedImageInfo": "Exibir a imagem em destaque de um post no feed.",
        "showFullText": "Exibir texto completo",
        "showFullTextInFeedInfo": "Exibir o texto completo do post no feed.",
        "showModificationDate": "Exibir a data de modificação",
        "showModificationDateAsColumn": "Exibir data de modificação como coluna",
        "showOnlyFeaturedPosts": "Exibir apenas posts em destaque",
        "showPostTagsOnTheListing": "Exibir as tags dos posts na listagem",
        "showPostSlugsOnTheListing": "Exibir os slugs dos posts na listagem",
        "showPrivacyPolicyLink": "Exibir o link da política de privacidade",
        "sitemap": "Mapa do site",
        "sitemapLinkInfo": "Você encontra o mapa XML do site aqui: <a href=\"{sitemapLink}\" class=\"sitemap-external-link\" target=\"_blank\" rel=\"noopener noreferrer\">sitemap.xml</a>",
        "siteSettings": "Configurações do site",
        "siteSettingsSaveDuplicateNameErrorMessage": "O nome do site fornecido está em uso. Tente outro nome para o site.",
        "siteSettingsSaveEmptyNameErrorMessage": "O nome do site não pode permanecer vazio. Insira um nome para o site.",
        "siteSettingsSaveNoKeyringErrorMessage": "O Publii não pode salvar as configurações devido a um problema com o software de armazenamento seguro de senhas. Reinicie o aplicativo e tente novamente. Se o problema persistir, notifique a nossa equipe por meio do fórum da comunidade.",
        "siteSettingsSaveNoKeyringErrorMessageLinux": "O Publii não pode salvar as configurações porque nenhum software de armazenamento de senha seguro está instalado. Siga as instruções de instalação do Node Keytar em https://github.com/atom/node-keytar/ e tente novamente. Muito provavelmente os pacotes libsecret-1-dev e gnome-keyring estão faltando no seu sistema.",
        "siteSettingsSaveSiteNotExistsErrorMessage": "O site não existe. Reinicie o aplicativo.",
        "siteSettingsSaveSuccessMessage": "As configurações do site foram salvas com sucesso.",
        "sitesLocation": "Localização dos sites",
        "sitesLocationChangedConfirmMsg": "A localização dos sites foi alterada. Os arquivos existentes na nova pasta de destino serão excluídos antes que os arquivos de seus sites sejam movidos para lá. Deseja continuar?",
        "spellcheckerDoesNotSupportLanguage": "O corretor ortográfico não suporta o idioma do site selecionado. Recomendamos desabilitar esse recurso.",
        "system": "Sistema",
        "systemColors": "Utilizar as cores do sistema",
        "tagPages": "Páginas de tags",
        "tagPageTitleVariables": "As seguintes variáveis podem ser utilizadas no título da página de tags: %tagname, %sitename.",
        "tagPrefix": "Prefixo da tag:",
        "tagPrefixInfo": "Os prefixos inseridos aqui serão adicionados antes do slug da tag na URL, por exemplo, <strong>https://exemplo.com/PREFIXO_DA_TAG/slug-da-tag</strong> .<br> Este prefixo também é utilizado para gerar a página da lista de tags (se o seu tema oferecer suporte a ela). Por exemplo, <strong>https://exemplo.com/PREFIXO_DA_TAG/index.html</strong> .",
        "tagsListPage": "Página da lista de tags",
        "tagsListPageTitleVariables": "As seguintes variáveis podem ser utilizadas no título da página da lista de tags: %sitename.",
        "tagsPrefixCannotBeEmpty": "O prefixo das tags não pode permanecer vazio se as URLs atraentes estiverem ativadas.",
        "themeDoesNotHaveSupportedFeaturesList": "<p>O arquivo <strong>config.json</strong> do seu tema não contém uma seção <strong>supportedFeatures</strong> . Atualize ou modifique seu tema para incluir mensagens precisas sobre quais recursos não são suportados. <a href=\"https://getpublii.com/dev/theme-supported-features\" target=\"_blank\" rel=\"noopener noreferrer\">Leia mais sobre os recursos suportados</a>.</p>",
        "themeDoesNotSupport404ErrorPage": "Seu tema não oferece suporte a uma página de erro 404.",
        "themeDoesNotSupportAuthorPages": "Seu tema não oferece suporte à páginas de autor.",
        "themeDoesNotSupportErrorPages": "Seu tema não oferece suporte à páginas de erro",
        "themeDoesNotSupportSearchPages": "Seu tema não oferece suporte à páginas de pesquisa",
        "themeDoesNotSupportTagPages": "Seu tema não oferece suporte à páginas de tags.",
        "themeDoesNotSupportTagsListPage": "Seu tema não oferece suporte a uma página de lista de tags.",
        "themeDoesNotSupportEmbedConsents": "Seu tema não oferece suporte a consentimentos para conteúdo incorporado.",
        "themePrimaryColor": "Cor primária do tema",
        "timeFormat": "Formato de hora:",
        "toViewSitemapEnableIndexingInfo": "Para visualizar as configurações do mapa do site, desative a opção “Não indexar este site” na guia “Configurações de SEO”. Caso contrário, o mapa do site não será gerado.",
        "tumblr": "Tumblr",
        "twitter": "Twitter",
        "twitterCards": "Cartões do Twitter",
        "twitterUsername": "Nome de usuário do Twitter",
        "twitterSummaryCard": "Cartão de resumo",
        "twitterSummaryCardLargeImage": "Cartão de resumo com imagem grande",
        "urls": "URLs",
        "useAsTitlePageTitle": "Utilize como título no HTML da página",
        "useAsTitlePageTitleInfo": "Quando esta opção estiver habilitada, as metatags og:title e twitter:title conterão o título da página em vez do título do post, nome da tag ou nome do autor.",
        "useGlobalConfiguration": "Utilizar configuração global",
        "useOnlyTags": "Utilizar apenas tags",
        "useOnlyTitles": "Utilize apenas títulos",
        "usePrettyURLs": "Utilize URLs atraentes",
        "usePrettyURLsInfo": "Quando habilitado, as URLs dos seus posts não conterão o sufixo <strong>.html</strong>. Por exemplo, ele mudará os URLs de <strong>https://exemplo.com/post.html</strong> para <strong>https://exemplo.com/post/</strong> .",
        "useSiteGlobalSettings": "Utilizar configurações globais do site",
        "useTitlesAndTags": "Utilize títulos e tags",
        "useWideScrollbars": "Utilize barras de rolagem mais largas",
        "versionParameter": "Parâmetro de versão",
        "versionParameterInfo": "Adiciona o parâmetro de versão nas URLs dos arquivos CSS e JS vinculados para ignorar o cache do navegador. Essa opção pode fazer com que mais arquivos sejam sincronizados durante a implantação do que o normal.",
        "vimeoNoTrack": "Habilitar o modo “Não rastrear” para vídeos do Vimeo",
        "websiteSpeed": "Velocidade do site",
        "whatsApp": "WhatsApp",
        "youMustReviewGdprSettings": "Certifique-se de conferir e revisar suas configurações de privacidade – especialmente as configurações do banner de cookies – devido a mudanças significativas no Publii v.0.40. <a href=\"https://getpublii.com/blog/release-040.html#cookie-banner\" target=\"_blank\">Leia mais...</a>",
        "ytNoCookies": "Ativar o modo de privacidade aprimorada para vídeos do YouTube"
        
    },
    "site": {
        "addNewWebsite": "Adicionar novo site",
        "cloneWebsite": "Clonar site",
        "cloneWebsiteSuccessMsg": "O site foi clonado. Alternado para:",
        "createNewWebsite": "Criar novo site",
        "createWebsite": "Criar site",
        "createYourFirstWebsite": "Crie seu primeiro site",
        "creationInProgress": "Criação em andamento...",
        "deleteWebsite": "Excluir site",
        "deleteWebsiteConfirmMsg": "Deseja mesmo remover este site? Esta ação não pode ser desfeita.",
        "deleteWebsiteCSuccessMsg": "O site foi removido.",
        "deleteWebsiteSuccessMsg": "O site foi removido. Alternado para:",
        "duplicateWebsite": "Site duplicado",
        "erroOcurredDuringSiteDatabaseCreationInfo": "Ocorreu um erro durante a criação do banco de dados do site. Verifique o seu software antivírus e tente novamente. Pode ser preciso também remover a pasta do site inválido do diretório de sites do Publii.",
        "installFromBackup": "Instalar a partir do backup",
        "removeWebsite": "Remover site",
        "selectedBackupFile": "Arquivo de backup selecionado:",
        "siteLoadingErrorMsg": "Ocorreu um erro durante o carregamento do site selecionado. Verifique os arquivos do site e tente novamente.",
        "siteName": "Nome do site:",
        "siteSettingsSaveSuccessMsg": "As configurações do site foram salvas com sucesso.",
        "siteWithThisNameExists": "Já existe um site com este nome!",
        "specifyNameForWebsiteDuplicate": "Especifique o novo nome para o site duplicado:",
        "websiteAuthorRequired": "o nome do autor é obrigatório e deve conter letras",
        "websiteName": "Nome do site",
        "websiteNameAlreadyInUseMsg": "O nome selecionado está sendo utilizado por outro site. Tente novamente.",
        "websiteNameCantBeEmpty": "O nome do site não pode permanecer vazio. Tente novamente.",
        "websiteNameRequired": "Um nome de site é obrigatório",
        "websiteNotFound": "Site não encontrado"
    },
    "supportedFeatures": {
        "featureNames": {
            "authorImages": "imagens de destaque do autor",
            "authorPages": "subpáginas do autor",
            "blockEditor": "editor de blocos",
            "customComments": "comentários personalizados",
            "customSearch": "busca personalizada",
            "errorPage": "subpágina de erro",
            "searchPage": "subpágina de busca",
            "tagImages": "tags de imagens em destaque",
            "tagsList": "subpágina da lista de tags",
            "tagPages": "subpáginas de tag"
        },
        "yourThemeDoNotSupport": "Seu tema atual não suporta o recurso obrigatório: {featureName}"
    },    
    "sync": {
        "accessID": "Código de acesso",
        "accessIDFieldCantBeEmpty": "O campo ID de acesso não pode permanecer vazio",
        "acl": "ACL",
        "afterInitialSyncSiteWillBeAvailableOnline": "Após a sincronização inicial, seu site estará disponível online",
        "allFilesUploadedPart1": "Todos os arquivos foram enviados com sucesso para o seu servidor.",
        "allFilesUploadedPart2": "Visite seu site clicando no botão abaixo.",
        "apiRateLimiting": "Limitação da taxa de requisições da API",
        "apiRateLimitingNote": "Desative esta opção apenas se estiver utilizando o Github Enterprise com a função de limitação da taxa de requisições da API desabilitada. Caso contrário, desabilitar essa opção pode causar erros de implantação.",
        "apiServer": "Servidor de API",
        "apiServerNote": "Altere esse valor somente se estiver utilizando a sua própria instância do GitHub (edição Enterprise).",
        "authenticationMethod": "Método de autenticação",
        "branch": "Branch",
        "branchExampleGitHubNote": "Exemplos: <strong>gh-pages</strong> , <strong>docs</strong> ou <strong>main</strong> .",
        "branchExampleGitLabeNote": "Exemplos: <strong>docs</strong> , <strong>main</strong> ou <strong>master</strong> .",
        "branchFieldCantBeEmpty": "O campo branch não pode permanecer vazio",
        "bucket": "Bucket",
        "bucketFieldCantBeEmpty": "O campo bucket não pode permanecer vazio",
        "certificates": "Certificados",
        "changeServerType": "Alterar tipo de servidor",
        "checkingConnection": "Verificando a conexão...",
        "clickToChangeDeploymentMethod": "Clique para alterar o método de implantação utilizado atualmente.",
        "configureServer": "Configurar servidor",
        "connectedToServer": "Conectado ao servidor",
        "connectingToServer": "Conectando ao servidor...",
        "connectionToServerErrorAdditionalMessage": "Ocorreu um erro ao conectar-se ao servidor:",
        "connectionToServerErrorMessage": "Ocorreu um erro ao conectar-se ao servidor. Verifique as configurações do seu servidor ou tente novamente.",
        "connectionToServerErrorText": "Ocorreu um erro ao conectar-se ao servidor...",
        "connectToServerCantStoreFilesErrorMsg": "Erro! O aplicativo conseguiu se conectar ao seu servidor, mas não conseguiu armazenar os arquivos. Verifique as permissões de arquivo no seu servidor.",
        "connectToServerErrorMsg": "Erro! O aplicativo não conseguiu se conectar ao seu servidor.",
        "connectToServerSuccessMsg": "Sucesso! O aplicativo conseguiu se conectar ao seu servidor.",
        "deploymentMethodFtpMsg": "O protocolo FTP utiliza uma transmissão não criptografada, o que significa que quaisquer dados enviados por ele, incluindo seu nome de usuário e senha, podem ser lidos por qualquer pessoa que possa interceptar sua transmissão. É altamente recomendável utilizar os protocolos FTPS ou SFTP, se possível.",
        "deploymentMethodGithubPagesMsg": "Para obter informações detalhadas sobre como configurar um site utilizando o Github Pages, consulte a <a href=\"https://getpublii.com/docs/host-static-website-github-pages.html\" target=\"_blank\" rel=\"noopener noreferrer\">documentação</a> online do Publii.",
        "deploymentMethodGithubPagesNote": "Este será o caminho do seu repositório Github, que deve utilizar o seguinte formato: <strong>NOME_DE_USUARIO.github.io/NOME_DO_REPOSITORIO</strong> .<br> Se você estiver utilizando um nome de domínio personalizado, defina este campo apenas para o nome de domínio personalizado.",
        "deploymentMethodGitlabPagesMsg": "Para obter informações detalhadas sobre como configurar um site utilizando o GitLab Pages, consulte a <a href=\"https://getpublii.com/docs/host-static-website-gitlab-pages.html\" target=\"_blank\" rel=\"noopener noreferrer\">documentação</a> online do Publii.",
        "deploymentMethodGoogleCloudMsg": "Para obter informações detalhadas sobre como configurar um site utilizando o Google Cloud, consulte a <a href=\"https://getpublii.com/docs/make-static-website-google-cloud.html\" target=\"_blank\" rel=\"noopener noreferrer\">documentação</a> online do Publii .",
        "deploymentMethodNetlifyMsg": "Para obter informações detalhadas sobre como configurar um site utilizando o Netlify, consulte a <a href=\"https://getpublii.com/docs/build-a-static-website-with-netlify.html\" target=\"_blank\" rel=\"noopener noreferrer\">documentação</a> online do Publii.",
        "deploymentMethodS3Msg": "Para obter informações detalhadas sobre como configurar um site utilizando o S3, consulte a <a href=\"https://getpublii.com/docs/setup-static-website-hosting-amazon-s3.html\" target=\"_blank\" rel=\"noopener noreferrer\">documentação</a> online do Publii.",
        "deploymentSettingDatHyperIpfsProtocolNote": "Os protocolos &quot;dat://&quot;, &quot;hyper://&quot;, &quot;dweb://&quot; e &quot;ipfs://&quot; são úteis apenas se você planeja utilizar seu site em redes P2P. Leia mais sobre <a href=\"https://datproject.org/\" target=\"_blank\" rel=\"noopener noreferrer\">dat://</a> , <a href=\"https://hypercore-protocol.org/\" target=\"_blank\" rel=\"noopener noreferrer\">hyper://</a> , <a href=\"https://dwebx.org/\" target=\"_blank\" rel=\"noopener noreferrer\">dweb://</a> e <a href=\"https://ipfs.io/\" target=\"_blank\" rel=\"noopener noreferrer\">IPFS</a>",
        "deploymentSettingDoubleSlashProtocolNote": "Nota: ao utilizar \"//\" como protocolo, alguns recursos como tags Open Graph, botões de compartilhamento, etc., não funcionarão corretamente.",
        "deploymentSettingFileProtocolNote": "O protocolo \"file://\" é útil apenas se você estiver utilizando o método de implantação manual para sites de intranet.",
        "deploymentSettingRelativeUrlsNote": "Observação: ao utilizar URLs relativas, alguns recursos como tags Open Graph, sitemaps, feeds RSS, feeds JSON etc. serão desativados.",
        "destinationServerNotConfiguredErrorMessage": "Seu site não pode ser sincronizado no momento porque o servidor de destino não foi configurado corretamente.<br> Verifique as configurações do servidor para garantir que as informações corretas tenham sido inseridas.",
        "destinationServerNotConfiguredErrorText": "Certifique-se de que o servidor de destino esteja configurado corretamente.",
        "domainNameNotSetErrorMessage": "Seu site não pode ser sincronizado no momento, pois as configurações parecem não ter um nome de domínio.<br> Verifique as configurações do seu servidor para garantir que um nome de domínio tenha sido inserido.",
        "domainNameNotSetErrorText": "Verifique se o nome de domínio está definido.",
        "duringSyncYouCantChangeFilesLocation": "Os locais dos arquivos não podem ser alterados durante o processo de sincronização.",
        "fieldIsCaseSensitive": "Este campo diferencia maiúsculas de minúsculas.",
        "filesNotSyncedErrorMessage": "Verifique o arquivo hard-upload-errors-log.txt utilizando a ferramenta localizada em “Ferramentas &gt; Visualizador de arquivos de log.",
        "filesNotSyncedErrorText": "Alguns arquivos não foram sincronizados corretamente.",
        "ftp": "FTP",
        "ftps": "FTPS",
        "ftpWithSSLTLS": "FTP com SSL/TLS",
        "getWebsiteFiles": "Obter arquivos do site",
        "githubPages": "Páginas do Github",
        "githubSyncedPart1": "As alterações nas páginas do Github podem não permanecer visíveis por alguns minutos após a conclusão da implantação,",
        "githubSyncedPart2": "então, por favor, seja paciente.",
        "gitlabPages": "Páginas do Gitlab",
        "gitlabSyncedPart1": "As alterações nas páginas do Gitlab podem não ser visíveis por alguns minutos após a conclusão da implantação,",
        "gitlabSyncedPart2": "então, por favor, seja paciente.",
        "googleCloud": "Google Cloud",
        "googleCloudPrefixNote": "Seu site pode ser colocado em um subdiretório. Evite utilizar barras no início do nome do prefixo (ou seja, <strong>/blog/</strong> ), pois isso criará um diretório adicional com o nome vazio. Exemplo de prefixo adequado: <strong>blog</strong> .",
        "goToAppSettings": "Acesse as configurações do aplicativo",
        "goToSettings": "Acesse as configurações",
        "keyFile": "Arquivo chave",
        "lastRendered": "Renderização mais recente",
        "lastSync": "Sincronização mais recente",
        "leaveBlankToUseDefaultOutputDirectory": "Deixe em branco para utilizar o diretório de saída padrão",
        "manualDeployment": "Implantação manual",
        "manualOutputFieldCantBeEmpty": "A seleção de saída manual não pode estar vazia",
        "ManualUpload": "Carregamento manual",
        "netlify": "Netlify",
        "netlifyToken": "Token do Netlify",
        "nonCompressedCatalog": "Catálogo não compactado",
        "note": "Observação:",
        "operationsDone": "operações feitas",
        "outputDirectory": "Diretório de saída",
        "outputDirectoryNote": "O Publii criará o catálogo ou arquivo {siteName}-files no diretório selecionado. Ele será substituído pelos novos arquivos, caso exista previamente.",
        "outputType": "Tipo de saída",
        "outputTypeNote": "Publii gerará um catálogo ou arquivo ZIP/TAR do seu site. Em seguida, você pode fazer upload desses arquivos para qualquer servidor de destino manualmente.",
        "parallelUploads": "Carregamentos paralelos",
        "parallelUploadsNote": "Mais operações paralelas podem levar a erros de upload em conexões de internet lentas ou encontrar um erro 403 devido a limites de taxa de API.",
        "passphraseForKey": "Senha para uma chave",
        "passphraseForKeyNote": "Utilize este campo somente se sua chave precisar de uma senha",
        "port": "Porta",
        "portFormatNote": "O campo “Porta” não pode estar vazio e deve ser um número inteiro positivo entre 1 e 65535.",
        "prefix": "Prefixo",
        "preparationError": "Erro de preparação",
        "preparedToUpload": "Preparado para carregar",
        "preparingFiles": "Preparando arquivos",
        "previewCatalogDoesNotExistInfo": "O catálogo de visualização não existe. Acesse as configurações do aplicativo e selecione antes o diretório de visualização correto.",
        "previewChanges": "Visualize suas alterações",
        "provideAccessData": "Forneça os dados de acesso",
        "provideFTPPasswordFor": "Forneça a senha do FTP para ",
        "provideFTPPasswordForServer": "Forneça a senha do FTP para o seguinte servidor:",
        "region": "Região",
        "regionFieldCantBeEmpty": "A seleção de região não pode permanecer vazia",
        "remotePath": "Caminho remoto",
        "remotePathMatchServerOrRootPathNote": "O caminho deve corresponder ao caminho do seu servidor – por exemplo, public_html/ ou public_html/blog/ – ou o caminho raiz – por exemplo, /home/username/public_html/.",
        "remotePathMatchServerRootPathNote": "O caminho deve corresponder ao caminho raiz do seu servidor – por exemplo, /public_html/ ou /public_html/blog/.",
        "repository": "Repositório",
        "repositoryFieldCantBeEmpty": "O campo do repositório não pode permanecer vazio",
        "requireCertificateForConnection": "Exigir um certificado válido para a conexão",
        "requireFTPPassAlwaysOnSync": "Exija a senha do FTP toda vez que você sincronizar seu site",
        "s3CompatibleStorage": "Armazenamento compatível com S3",
        "s3PrefixNote": "Seu site pode ser colocado em um subdiretório. Evite utilizar barras no início do nome do prefixo (ou seja, <strong>/blog/</strong>), pois isso criará um diretório adicional com o nome vazio. Exemplo de prefixo adequado: <strong>blog/</strong>.",
        "s3ProviderEndpoint": "Ponto de extremidade do provedor S3",
        "s3ProviderEndpointNote": "O endpoint personalizado não pode permanecer vazio quando \"Utilizar um provedor S3 personalizado\" estiver definido como verdadeiro",
        "secretKey": "Chave secreta",
        "secretKeyFieldCantBeEmpty": "O campo da chave secreta não pode permanecer vazio",
        "selectServerType": "Selecione o tipo de servidor:",
        "serverFieldCantBeEmpty": "O campo do servidor não pode permanecer vazio.",
        "serverGitLabNote": "Altere esse valor apenas se estiver utilizando sua própria instância do GitLab.",
        "serverSettingsSaveErrorMsg": "O Publii não pode salvar as configurações devido a um problema com o software de armazenamento seguro de senhas. Reinicie o aplicativo e tente novamente. Se o problema persistir, notifique a nossa equipe por meio do fórum da comunidade.",
        "serverSettingsSaveLinuxErrorMsg": "O Publii não pode salvar as configurações porque nenhum software de armazenamento de senha segura está instalado. Siga as instruções de instalação do Node Keytar em https://github.com/atom/node-keytar/ e tente novamente. Muito provavelmente os pacotes libsecret-1-dev e gnome-keyring estão faltando no seu sistema.",
        "serverSettingsSaveSuccessMsg": "As configurações do servidor foram salvas com sucesso.",
        "settings": "Configurações",
        "sftp": "SFTP",
        "sftpKeyNote": "Selecione o arquivo de chave",
        "sftpWithKey": "SFTP (com chave)",
        "sftpWithPassword": "SFTP (com senha)",
        "siteFieldCantBeEmpty": "O campo ID do site não pode permanecer vazio",
        "siteID": "Identificação de site",
        "siteIsInSync": "O site está sincronizado",
        "syncFTPNoPasswordMsg": "Seu site não pode ser sincronizado sem a senha. Tente novamente",
        "syncInProgress": "Sincronização em andamento",
        "syncInProgressMessage": "Durante o processo de sincronização, você não pode alterar o nome do site.",
        "syncYourWebsite": "Sincronize seu site",
        "tarArchive": "Arquivo TAR",
        "testConnection": "Testar conexão",
        "testConnectionNoPasswordMsg": "Você não pode testar a conexão sem a senha. Tente novamente",
        "token": "Token",
        "tokenFieldCantBeEmpty": "O campo “Token” não pode permanecer vazio",
        "uploadingWebsite": "Carregando site",
        "useCustomS3Provider": "Utilizar um provedor S3 personalizado",
        "useCustomS3ProviderNote": "Observação: a AWS é o provedor S3 padrão. Ao utilizar um provedor alternativo, você precisará preencher o campo \"Ponto de extremidade do provedor S3\".",
        "useFtps": "Utilizar FTP com SSL/TLS",
        "useRelativeURLs": "Utilizar URLs relativas",
        "username": "Nome do usuário",
        "usernameFieldCantBeEmpty": "O campo nome de usuário não pode permanecer vazio.",
        "usernameOrganization": "Nome de usuário/Organização",
        "visitWebsite": "Visite o site",
        "visitYourWebsite": "Visite seu site",
        "websiteFilesPreparedInfo": "Os arquivos do seu site foram preparados. Pressione o botão &quot;Obter arquivos do site&quot; abaixo<br> para obter seus arquivos e implantá-los manualmente.",
        "websiteLinkInvalidMsg": "Ops! O link do site parece ser inválido.",
        "websiteSynchronization": "Sincronização do site",
        "websiteSynchronizationInfo": "Quaisquer arquivos ou nomes de arquivos duplicados que já existam no local de destino<br>, e que correspondam aos arquivos gerados pelo Publii, serão sobrescritos.",
        "websiteURL": "URL do site",
        "youHaventSelectedAnyThemeInfo": "Você não selecionou nenhum tema. Acesse “Configurações” e selecione antes o tema.",
        "yourJSONKey": "Sua chave JSON",
        "yourJSONKeyFieldCantBeEmpty": "A seleção do arquivo de chave JSON não pode estar vazia",
        "yourPrivateKey": "Sua chave privada",
        "yourWebsiteIsInSync": "Seu site agora está sincronizado",
        "zipArchive": "Arquivo ZIP"
    },
    "tag": {
        "addNewTag": "Adicionar nova tag",
        "addThisAsNewTag": "Adicione isto como uma nova tag",
        "createFirstTag": "Você ainda não tem tags. Vamos criar a primeira?",
        "editTag": "Editar tag",
        "filterOrSearchTags": "Filtrar ou pesquisar tags...",
        "hideTag": "Ocultar tag",
        "leaveBlankToUseDefaultTagPageURL": "Deixe em branco para utilizar uma URL de página de tag padrão",
        "mainTag": "Tag principal",
        "newTagHasBeenCreated": "Um nova tag foi criada",
        "noMainTagForPostMsg": "Se o post tiver tags, mas nenhuma tag principal for definida, a primeira tag em ordem alfabética será utilizada por padrão.",
        "noSupportFoFeaturedImagesForTags": "Seu tema não suporta imagens em destaque para tags.",
        "noTagsAvailable": "Nenhuma tag disponível",
        "noTagsMatchingYourCriteria": "Não há tags que correspondam aos seus critérios.",
        "removeTagMessage": "Deseja realmente remover as tags selecionadas?",
        "removeTagSuccessMessage": "As tags selecionadas foram removidas",
        "themeDoesNotSupportForTagPagesInTheme": "A opção “Salvar e visualizar” não está disponível porque seu tema não tem suporte para páginas de tags.",
        "selectTag": "Selecionar tag",
        "selectTagPage": "Selecionar página de tags",
        "tag": "Tag",
        "tagDataParsingErrorMessage": "Ocorreu um erro ao analisar os dados da tag para o ID:",
        "tagHasBeenEdited": "A tag foi editada",
        "tagIsNotAllowed": "Esta tag não é permitida",
        "tagLink": "link da tag",
        "tagName": "Nome da tag:",
        "tagNameCannotBeEmptyErrorMessage": "O nome da tag não pode permanecer vazio. Insira um nome de tag.",
        "tagNameInUseErrorMessage": "O nome de tag fornecido está em uso. Tente outro nome de tag.",
        "tagNameNotAllowedErrorMessage": "O nome/slug da tag selecionada não é permitido.",
        "tagNameSimilarInUseErrorMessage": "O nome de tag fornecido está em uso. Nomes de tags não diferenciam maiúsculas de minúsculas. Tente outro nome de tag.",
        "tagPage": "Página de tags",
        "tagsListLink": "Link da lista de tags",
        "tagStatusChangeSuccessMessage": "A situação das tags selecionadas foi alterada",
        "tagWillNotAppearInGeneratedTagLists": "A tag não aparecerá em nenhuma lista de tags gerada, como páginas de posts ou de tags.",
        "thisTagIsHidden": "Esta tag está oculta",
        "toUseThisOptionEnableIndexingTagPages": "Para utilizar essa opção, primeiro ative a indexação de páginas de tags nas configurações de SEO."
    },
    "theme": {
        "addThemeSuccessMessage": "O tema foi adicionado com sucesso.",
        "authorsPostsPerPage": "Posts de autores por página:",
        "authorsPostsPerPageInfo": "Insira -1 como valor se você precisar exibir os posts de todos os autores na página.",
        "changeAppTheme": "Alterar tema do aplicativo",
        "customSettings": "Configurações personalizadas",
        "defaultPostTemplate": "Modelo de post padrão",
        "defaultTemplate": "Modelo padrão",
        "deleteTheme": "Excluir tema",
        "dropYourThemeHere": "Solte seu tema aqui",
        "excerptLength": "Tamanho do resumo:",
        "getMoreThemes": "Obtenha mais temas",
        "goToThemesManager": "Vá para o gerenciador de temas",
        "installTheme": "Instalar tema",
        "leaveBlankToUseDefault": "Deixe em branco para utilizar o valor padrão",
        "postOptions": "Opções do post",
        "postOptionsInfo": "A seção “Opções do post” permite definir opções globais para quais informações extras devem ser incluídas em seus posts. As alterações feitas nesta seção afetarão todos os posts em seu site, mas você também pode substituir as configurações do aplicativo na tela “Editar post” para cada post individual, se necessário.",
        "postsPerPage": "Posts por página:",
        "postsPerPageInfo": "Insira -1 como valor se você precisar exibir todos os posts na página.",
        "removeThemeMessage": "Deseja realmente remover o tema {themeName}?",
        "removeThemeSuccessMessage": "O tema foi removido com sucesso.",
        "resetThemeSettings": "Redefinir as configurações do tema",
        "saveSettingsSuccessMessage": "As configurações do tema foram salvas com sucesso.",
        "selectTheme": "Selecionar tema",
        "settingsResetMessage": "Você realmente deseja redefinir as configurações do tema?",
        "settingsResetSuccessMessage": "As configurações do tema foram redefinidas.",
        "tagsPostsPerPage": "Posts de tags por página:",
        "tagsPostsPerPageInfo": "Insira -1 como valor se você precisar exibir todos os posts de tag na página.",
        "themes": "Temas",
        "themeSettings": "Configurações do tema",
        "translations": "Traduções",
        "translationsInfo": "Se você precisar traduzir frases do tema para outros idiomas além do inglês - consulte nossa documentação sobre a <a href=\"https://getpublii.com/dev/translations-api/\" target=\"_blank\" rel=\"noopener noreferrer\">API de traduções</a><br><br>",
        "updateThemeSuccessMessage": "O tema foi atualizado com sucesso.",
        "uploadThemeErrorMessage": "Os arquivos enviados estão incorretos. Carregue um diretório de temas ou um arquivo ZIP de tema.",
        "websiteLogo": "Logo do site:"
    },
    "tools": {
        "css": {
        "customCSS": "CSS personalizado",
        "customCSSSaveSuccessMsg": "O CSS personalizado foi salvo com sucesso.",
        "normal": "Normal",
        "putCustomCSSAMPComment": "Coloque seu código CSS personalizado aqui (ele será utilizado apenas no modo AMP)",
        "putCustomCSSComment": "Coloque seu código CSS personalizado aqui"
        },
        "customHTML": "HTML personalizado",
        "find": "Localizar:",
        "findAndReplace": "Localizar e substituir:",
        "findAndReplaceShortcut": "Ctrl + Alt + F",
        "findAndReplaceShortcutMac": "Cmd + Alt + F",
        "findShortcut": "Ctrl + F",
        "findShortcutMac": "Cmd + F",
        "goToTools": "Ir para ferramentas",
        "logFileEmpty": "O arquivo de log está vazio...",
        "logViewer": "Visualizador de arquivos de log",
        "pluginActivationError": "Não foi possível ativar o plug-in. Tente novamente.",
        "pluginDeactivationError": "Não foi possível desativar o plug-in. Tente novamente.",
        "selectFileToLoad": "Selecione o arquivo a ser carregado",
        "thumbnails": {
        "listRegeneratedFiles": "Lista de arquivos recriados:",
        "processingRegenerateThumbnailsInfo": "Pressionar o botão “Recriar miniaturas” iniciará a geração de novos tamanhos de imagem, conforme definido pelo seu novo tema.",
        "progress": "Progresso:",
        "regenerateThumbnails": "Recriar miniaturas",
        "regenerateThumbnailsInfo": "Se você alterou seu tema ou está tendo problemas com suas imagens responsivas, você pode recriá-las pressionando o botão abaixo. Isso pode demorar um pouco se o seu site tiver muitas imagens. Portanto, seja paciente.",
        "regenerateThumbnailsNotNecessaryInfo": "Atualmente você não tem nenhum tema selecionado para este site. A recriação de miniaturas não é necessária.",
        "regeneratingThumbnails": "Recriando as miniaturas...",
        "skipRegeneration": "Pular recriação",
        "themeOrThumbnailsSettingsChanged": "Suas configurações de tema ou miniatura foram alteradas.",
        "thumbnailsCreated": "Todas as miniaturas foram criadas.",
        "thumbnailsRegenerationCancelled": "A recriação de miniaturas foi cancelada."
        },
        "wpImport": {
        "addTagsToContentAutomatically": "Adicionar tags <p> e <br> automaticamente ao conteúdo do post",
        "categories": "Categorias",
        "checkingWXRFile": "Verificando o arquivo WXR selecionado",
        "contentFormatting": "Formatação do conteúdo:",
        "duringWXRAnalyzeWeHaveFound": "Durante a análise do arquivo WXR encontramos",
        "importAuthors": "Importar autores",
        "importData": "Importar dados",
        "importingData": "Importando dados",
        "importNote": "Os posts serão importados em um formato compatível com o editor WYSIWYG.",
        "importSelectedTypesOfPosts": "Importar os tipos de post selecionados:",
        "pages": "Páginas",
        "postAuthors": "Autores do post",
        "selectWXRFileLabel": "Selecione o arquivo WXR:",
        "selectWXRFilePlaceholder": "Selecione um arquivo WXR para importar",
        "usedTaxonomyForPosts": "Taxonomia utilizada para os posts:",
        "useMainAuthor": "Utilizar o autor principal do Publii",
        "wpImporter": "Importador do WP",
        "wpImportGoToRegenerateMsg": "Seus dados do WordPress foram importados. A recriação das miniaturas de imagem pode ser necessária se você já tiver selecionado um tema."
        }
    },
    "toolsPlugin": {
        "pluginSettingsLoadError": "Ocorreu um erro durante o carregamento das configurações do plug-in",
        "pluginSettingsSaveSuccess": "As configurações do plugin foram salvas com sucesso",
        "pluginSettingsSaveError": "Ocorreu um erro ao salvar as configurações do plug-in",
        "tabsLabel": "Configurações do plug-in",
        "thisPluginHasNoOptions": "Este plugin não tem opções adicionais..."
    },
    "ui": {
        "aboutPublii": "Sobre o Publii",
        "alternativeText": "Texto alternativo",
        "AMP": "AMP",
        "appConfiguration": "Configuração do aplicativo",
        "applyChanges": "Aplicar mudanças",
        "authors": "Autores",
        "backToTools": "Voltar para as ferramentas",
        "backToPosts": "Posts",
        "basicInformation": "Informação básica",
        "beautifyCode": "Embelezar código",
        "cancel": "Cancelar",
        "cancelPostWarningMsg": "Você perderá todas as alterações não salvas. Deseja continuar?",
        "canonicalURL": "URL canônica",
        "caption": "Legenda",
        "checkDocumentation": "Verifique a documentação do Publii",
        "close": "Fechar",
        "copyToClipboard": "Copiar para a área de transferência",
        "credits": "Créditos",
        "customLink": "Link personalizado",
        "customTemplate": "Modelo personalizado",
        "delete": "Excluir",
        "description": "Descrição",
        "donate": "Doar",
        "edit": "Editar",
        "featuredImage": "Imagem em destaque",
        "fillAllRequiredFields": "Preencha todos os campos obrigatórios.",
        "frontpageLink": "Link da página inicial",
        "gdprBreakingChangesConfirmMsg": "Fizemos mudanças significativas na seção “Configurações de Privacidade” (antiga RGPD/LGPD). Recomendamos que você revise suas configurações e as salve novamente.",
        "githubRepository": "Repositório do Github",
        "goBack": "Voltar",
        "goToPluginCustomOptions": "Ocultar opções adicionais",
        "goToPluginStandardOptions": "Exibir opções adicionais",
        "goToSettings": "Acessar as configurações de privacidade",
        "help": "Ajuda",
        "hide": "Esconder",
        "hideThisNotification": "Ocultar esta notificação",
        "id": "ID",
        "ifCanonicalUrlIsSetMetaRobotsTagIsIgnored": "Caso os URLs canônicos estejam ativos, a metatag “robots” será ignorada.",
        "indexFollow": "index, follow",
        "indexNofollow": "index, nofollow",
        "iUnderstand": "Ok, eu entendo",
        "lastModified": "Modificação mais recente",
        "leaveBlankToUseDefaultPageTitle": "Deixe em branco para utilizar um título de página padrão",
        "linkTarget": "Destino do link",
        "loading": "Carregando...",
        "menus": "Menus",
        "metaDescription": "Meta descrição",
        "metaRobotsIndex": "Índice de meta robots",
        "minimize": "Minimizar",
        "more": "Mais",
        "moreInformationOnPublii": "Mais informações sobre o Publii",
        "moreItems": "Mais itens",
        "name": "Nome",
        "newWindow": "Nova janela",
        "noindexFollow": "noindex, follow",
        "noindexNofollow": "noindex, nofollow",
        "none": "Nenhum",
        "notAvailableInYourTheme": "Não disponível no seu tema",
        "notSet": "Não configurado",
        "of": "do",
        "ok": "OK",
        "otherOptions": "Outras opções",
        "pages": "Páginas",
        "pageTitle": "Título da página",
        "pleaseFillAllRequiredFields": "Preencha todos os campos obrigatórios.",
        "posts": "Posts",
        "preview": "Visualizar",
        "previewFrontPageOnly": "Visualizar apenas a primeira página",
        "previewFullWebsite": "Visualizar site completo",
        "publiiOnGithub": "Publii no Github",
        "publishAndClose": "Publicar e fechar",
        "publishPost": "Publicar post",
        "renderFrontPageOnly": "Renderizar apenas a primeira página",
        "renderFullWebsite": "Renderizar o site completo",
        "reportBugInSupportDesk": "Notificar um bug ao nosso suporte",
        "reportIssue": "Informar um problema",
        "sameWindow": "A mesma janela",
        "save": "Salvar",
        "saveAndClose": "Salvar e fechar",
        "saveAndPreview": "Salvar e visualizar",
        "saveAndRender": "Salvar e renderizar",
        "saveAsDraft": "Salvar como rascunho",
        "saveChanges": "Salvar alterações",
        "saveDraft": "Salvar rascunho",
        "saveDraftAndClose": "Salvar rascunho e fechar",
        "search": "Procurar...",
        "selectOption": "Selecione a opção",
        "selectWebsite": "Selecione um site",
        "seo": "SEO",
        "server": "Servidor",
        "show": "Exibir",
        "slug": "Slug",
        "supportPublii": "Apoie o Publii e doe hoje!",
        "tags": "Tags",
        "theme": "Tema",
        "tools": "Ferramentas e plug-ins",
        "unhide": "Mostrar",
        "uploadInProgress": "Envio em andamento...",
        "whatsNew": "Novidades"
    }
}
