{
    "Action": "Дія",
    "Activity": "Активність",
    "Address": "Адреса",
    "Advanced": "Розширений",
    "Align": "Вирівняти",
    "Align center": "Вирівняти по центру",
    "Align left": "Вирівняти ліворуч",
    "Align right": "Вирівняти праворуч",
    "Alignment": "Вирівнювання",
    "All": "Все",
    "Alternative source": "Альтернативне джерело",
    "Alternative source URL": "URL альтернативного джерела",
    "Anchor": "Анкер",
    "Anchor...": "Анкер...",
    "Anchors": "Анкери",
    "Animals and Nature": "Тварини та природа",
    "Arrows": "Стрілки",
    "B": "B",
    "Background color": "Колір фону",
    "Black": "Чорний",
    "Block": "Блокувати",
    "Blockquote": "Блок-цитата",
    "Blue": "Синій",
    "Body": "Зміст",
    "Bold": "Жирний",
    "Border": "Рамка",
    "Border color": "Колір рамки",
    "Border style": "Стиль рамки",
    "Border width": "Товщина рамки",
    "Bottom": "Низ",
    "Browse for an image": "Перегляд фотографій",
    "Bullet list": "Маркований список",
    "Cancel": "Скасувати",
    "Capitalization": "Великі літери",
    "Caption": "Заголовок",
    "Cell": "Клітинка",
    "Cell padding": "Заповнення клітинок",
    "Cell properties": "Властивості клітинок",
    "Cell spacing": "Відстань між клітинками",
    "Cell type": "Тип клітинки",
    "Center": "Центр",
    "Characters": "Символи",
    "Characters (no spaces)": "Символи (без пробілів)",
    "Circle": "Коло",
    "Class": "Клас CSS",
    "Clear formatting": "Очистити форматування",
    "Close": "Закрити",
    "Code": "Код",
    "Code sample": "Приклад коду",
    "Color": "Колір",
    "Color Picker": "Вибір кольору",
    "Color swatch": "Зразок кольору",
    "Cols": "Кол.",
    "Column": "Стовпчик",
    "Column group": "Група стовпчиків",
    "Constrain proportions": "Зберегти пропорції",
    "Copy": "Копіювати",
    "Copy row": "Копіювати рядок",
    "Could not find the specified string.": "Не вдалося знайти вказаний рядок.",
    "Could not load emoticons": "Не вдалося завантажити символи емодзі",
    "Count": "Рахувати",
    "Currency": "Валюта",
    "Current window": "Поточне вікно",
    "Custom color": "Індивідуальний колір",
    "Custom...": "Індивідуальний...",
    "Cut": "Вирізати",
    "Cut row": "Вирізати рядок",
    "Dark Blue": "Темно-синій",
    "Dark Gray": "Темно-сірий",
    "Dark Green": "Темно-зелений",
    "Dark Orange": "Темно-оранжевий",
    "Dark Purple": "Темно-фіолетовий",
    "Dark Red": "Темно-червоний",
    "Dark Turquoise": "Темно-бірюзовий",
    "Dark Yellow": "Темно-жовтий",
    "Date/time": "Дата/час",
    "Decrease indent": "Зменшити відступ",
    "Default": "За замовчуванням",
    "Delete column": "Видалити стовпчик",
    "Delete row": "Видалити рядок",
    "Delete table": "Видалити таблицю",
    "Dimensions": "Розміри",
    "Disc": "Диск",
    "Div": "Div",
    "Document": "Документ",
    "Document properties": "Властивості документа",
    "Drop an image here": "Підставити зображення сюди",
    "Edit": "Редагувати",
    "Edit image": "Редагувати зображення",
    "Embed": "Вставити",
    "Emoticons": "Емодзі",
    "Emoticons...": "Емодзі...",
    "Error": "Помилка",
    "Extended Latin": "Латинська розширена",
    "Failed to upload image: {0}": "Не вдалося завантажити зображення: {0}",
    "Find": "Знайти",
    "Find and replace": "Знайти та замінити",
    "Find and replace...": "Знайти та замінити...",
    "Find whole words only": "Знайти лише цілі слова",
    "Finish": "Закінчити",
    "Flags": "Прапори",
    "Font": "Шрифт",
    "Font Sizes": "Розміри шрифтів",
    "Fonts": "Шрифти",
    "Food and Drink": "Їжа та напої",
    "Footer": "Footer",
    "Format": "Формат",
    "Format Painter": "Форматувати пейнтер",
    "Formats": "Формати",
    "Fullscreen": "Повний екран",
    "G": "G",
    "General": "Загальний",
    "Gray": "Сірий",
    "Green": "Зелений",
    "H Align": "Вертикальне вирівнювання",
    "Header": "Заголовок",
    "Header 1": "Заголовок H1",
    "Header 2": "Заголовок H2",
    "Header 3": "Заголовок H3",
    "Header 4": "Заголовок H4",
    "Header 5": "Заголовок H5",
    "Header 6": "Заголовок H6",
    "Header cell": "Заголовок клітинки",
    "Headers": "Заголовки",
    "Heading 1": "Заголовок H1",
    "Heading 2": "Заголовок H2",
    "Heading 3": "Заголовок H3",
    "Heading 4": "Заголовок H4",
    "Heading 5": "Заголовок H5",
    "Heading 6": "Заголовок H6",
    "Headings": "Заголовки",
    "Height": "Висота",
    "Help": "Допомога",
    "Horizontal line": "Горизонтальна лінія",
    "Horizontal space": "Горизонтальний відступ",
    "Id": "Ідентифікатор",
    "Id should start with a letter, followed only by letters, numbers, dashes, dots, colons or underscores.": "Ідентифікатор має починатися з літери, за якою слідують лише літери, цифри, тире, крапки, двокрапки або підкреслення.",
    "Ignore": "Ігнорувати",
    "Ignore all": "Ігнорувати все",
    "Image": "Зображення",
    "Image description": "Опис зображення",
    "Image list": "Список зображень",
    "Image options": "Параметри зображення",
    "Image title": "Назва зображення",
    "Image...": "Зображення...",
    "Increase indent": "Збільшити відступ",
    "Inline": "У тексті",
    "Insert": "Вставити",
    "Insert column after": "Вставити стовпчик після",
    "Insert column before": "Вставити стовпчик перед",
    "Insert date/time": "Вставити дату/час",
    "Insert image": "Вставити зображення",
    "Insert link": "Вставити посилання",
    "Insert row after": "Вставити рядок після",
    "Insert row before": "Вставити рядок перед",
    "Insert table": "Вставити таблицю",
    "Insert video": "Вставити відео",
    "Insert/Edit Link": "Вставити/редагувати посилання",
    "Insert/edit iframe": "Вставити/редагувати iframe",
    "Insert/edit image": "Вставити/редагувати зображення",
    "Insert/edit link": "Вставити/редагувати посилання",
    "Insert/edit media": "Вставити/редагувати медіа",
    "Insert/edit video": "Вставити/редагувати відео",
    "Italic": "Курсив",
    "Justify": "Розподілити",
    "Keyboard Navigation": "Клавіатурна навігація",
    "Language": "Мова",
    "Left": "Ліворуч",
    "Left to right": "Зліва направо",
    "Light Blue": "Блакитний",
    "Light Gray": "Світло-сірий",
    "Light Green": "Світло-зелений",
    "Light Purple": "Світло-фіолетовий",
    "Light Red": "Світло-червоний",
    "Light Yellow": "Світло-жовтий",
    "Link": "Посилання",
    "Link list": "Список посилань",
    "Link...": "Посилання...",
    "Loading emoticons...": "Завантаження емодзі...",
    "Lower Alpha": "Малі літери",
    "Lower Greek": "Малі грецькі літери",
    "Lower Roman": "Малі римські літери",
    "Match case": "Враховувати регістр",
    "Mathematical": "Математичне",
    "Media": "Медіа",
    "Media poster (Image URL)": "Обкладинка (URL зображення)",
    "Media...": "Мультимедіа...",
    "Medium Blue": "Темно-блакитний",
    "Medium Gray": "Середній сірий",
    "Medium Purple": "Середній фіолетовий",
    "Merge cells": "Об'єднати клітинки'",
    "Middle": "Середній",
    "Midnight Blue": "Темно-синій",
    "More...": "Більше...",
    "Name": "Назва",
    "Navy Blue": "Морський синій",
    "New window": "Нове вікно",
    "Next": "Наступний",
    "No": "Ні",
    "No color": "Без кольору",
    "Nonbreaking space": "Нерозривний простір",
    "None": "Нічого",
    "Numbered list": "Нумерований список",
    "OR": "АБО",
    "Objects": "Об'єкти'",
    "Ok": "Oк",
    "Open help dialog": "Відкрити діалогове вікно довідки",
    "Open link in...": "Відкрити посилання в...",
    "Orange": "Помаранчевий",
    "Page break": "Розрив сторінки",
    "Paragraph": "Абзац",
    "Paste": "Вставити",
    "Paste as text": "Вставити як текст",
    "Paste or type a link": "Вставити або ввести адресу посилання",
    "Paste row after": "Вставити рядок після",
    "Paste row before": "Вставити рядок перед",
    "Paste your embed code below:": "Вставити свій власний код нижче:",
    "People": "Люди",
    "Permanent Pen Properties": "Властивості маркера",
    "Permanent pen properties...": "Властивості маркера...",
    "Poster": "Обкладинка",
    "Powered by {0}": "Зроблено на {0}",
    "Pre": "Попередньо відформатований текст",
    "Preferences": "Налаштування",
    "Preformatted": "Попередньо відформатований",
    "Prev": "Попер.",
    "Preview": "Попередній перегляд",
    "Previous": "Попередній",
    "Print": "Друкувати",
    "Print...": "Друкувати...",
    "Purple": "Фіолетовий",
    "Quotations": "Лапки",
    "R": "R",
    "Red": "Червоний",
    "Redo": "Повторити",
    "Remove color": "Видалити колір",
    "Remove link": "Видалити посилання",
    "Replace": "Замінити",
    "Replace all": "Замінити все",
    "Replace with": "Замінити на",
    "Restore last draft": "Відновити останню чернетку",
    "Rich Text Area. Press ALT-0 for help.": "Область сформатованого тексту. Натисніть ALT-0, щоб отримати допомогу.",
    "Rich Text Area. Press ALT-F9 for menu. Press ALT-F10 for toolbar. Press ALT-0 for help": "Область редагування. ALT-F9 - меню. ALT-F10 - панель інструментів. ALT-0 - довідка",
    "Right": "Праворуч",
    "Right to left": "Справа наліво",
    "Row": "Рядок",
    "Row group": "Група рядків",
    "Row properties": "Властивості рядка",
    "Row type": "Тип рядка",
    "Rows": "Рядки",
    "Save": "Зберегти",
    "Scope": "Зміст",
    "Search": "Пошук",
    "Select all": "Вибрати все",
    "Select...": "Вибрати...",
    "Selection": "Обране",
    "Shortcut": "Ярлик",
    "Show caption": "Показати підпис",
    "Show invisible characters": "Показати невидимі символи",
    "Size": "Розмір",
    "Source": "Код HTML",
    "Source code": "Вихідний код",
    "Special character": "Спеціальний символ",
    "Special character...": "Спеціальний символ...",
    "Spellcheck": "Перевірка орфографії",
    "Split cell": "Розділити клітинку",
    "Square": "Квадрат",
    "Strikethrough": "Закреслення",
    "Style": "Стиль",
    "Subscript": "Нижній індекс",
    "Superscript": "Верхній індекс",
    "Switch to or from fullscreen mode": "Увімкнути або вимкнути повноекранний режим",
    "Symbols": "Символи",
    "System Font": "Системний шрифт",
    "Table": "Таблиця",
    "Table of Contents": "Зміст таблиці",
    "Table properties": "Властивості таблиці",
    "Target": "Ціль",
    "Text": "Текст",
    "Text color": "Колір тексту",
    "Text to display": "Текст для відображення",
    "The URL you entered seems to be an email address. Do you want to add the required mailto: prefix?": "Здається, що введена вами URL-адреса є адресою електронної пошти. Ви хочете додати необхідний префікс mailto:?",
    "The URL you entered seems to be an external link. Do you want to add the required http:// prefix?": "Здається, що введена вами URL-адреса є зовнішнім посиланням. Бажаєте додати необхідний префікс http://?",
    "Title Case": "Регістр заголовка",
    "To open the popup, press Shift+Enter": "Щоб відкрити popup-вікно, натисніть Shift+Enter",
    "Tools": "Інструменти",
    "Top": "Верх",
    "Travel and Places": "Подорожі та місця",
    "Turquoise": "Бірюзовий",
    "UPPERCASE": "ВЕЛИКІ ЛІТЕРИ",
    "Underline": "Підкреслення",
    "Undo": "Скасувати",
    "Update": "Оновлення",
    "Upload": "Завантажити",
    "Upper Alpha": "Великі літери",
    "Upper Roman": "Великі римські літери",
    "Url": "URL",
    "User Defined": "Власний",
    "V Align": "Вертикальне вирівнювання",
    "Valid": "Дійсно",
    "Version": "Версія",
    "Vertical space": "Вертикальний відступ",
    "View": "Вигляд",
    "Warn": "Попередження",
    "White": "Білий",
    "Whole words": "Цілі слова",
    "Width": "Ширина",
    "Word count": "Підрахунок слів",
    "Words": "Слова",
    "Words: {0}": "Слова: {0}",
    "Yellow": "Жовтий",
    "Yes": "Так",
    "You have unsaved changes are you sure you want to navigate away?": "У вас є незбережені зміни. Ви впевнені, що хочете вийти?",
    "alignment": "вирівнювання",
    "comments": "коментарі",
    "example": "приклад",
    "formatting": "форматування",
    "history": "історія",
    "indentation": "відступ",
    "lowercase": "малі літери",
    "permanent pen": "маркер",
    "styles": "стилі",
    "{0} characters": "{0} символів",
    "{0} words": "{0} слів"
}
