{
    "{0} characters": "{0} caracteres",
    "{0} words": "{0} palabras",
    "Action": "Acción",
    "Activity": "Actividad",
    "Address": "Dirección",
    "Advanced": "Avanzado",
    "Align": "Alinear",
    "Align center": "Alinear al centro",
    "Align left": "Alinear a la izquierda",
    "Align right": "Alinear a la derecha",
    "Alignment": "Alineación",
    "alignment": "Alineación",
    "All": "Todo",
    "Alternative description": "Descripción alternativa",
    "Alternative source": "Fuente alternativa",
    "Alternative source URL": "URL de la fuente alternativa",
    "Anchor": "Ancha",
    "Anchor...": "Ancla...",
    "Anchors": "Anclas",
    "Animals and Nature": "Animales y naturaleza",
    "Arrows": "Flechas",
    "B": "B",
    "Background color": "Color de fondo",
    "Black": "Negro",
    "Block": "Bloque",
    "Blockquote": "Bloque de cita",
    "Blocks": "Bloques",
    "Blue": "Azul",
    "Body": "Cuerpo",
    "Bold": "Negrita",
    "Border": "Borde",
    "Border color": "Color del borde",
    "Border style": "Estilo del borde",
    "Border width": "Ancho del borde",
    "Bottom": "Fondo",
    "Browse for an image": "Buscar una imagen",
    "Bullet list": "Lista de viñetas",
    "Cancel": "Cancelar",
    "Capitalization": "Mayúsculas",
    "Caption": "Leyenda",
    "Cell": "Celda",
    "Cell padding": "Relleno de celda",
    "Cell properties": "Propiedades de la celda",
    "Cell spacing": "Espaciado entre celdas",
    "Cell type": "Tipo de celda",
    "Center": "Centro",
    "Centered image": "Alineada al centro",
    "Characters": "Caracteres",
    "Characters (no spaces)": "Caracteres (sin espacios)",
    "Circle": "Círculo",
    "Class": "Clase",
    "Clear formatting": "Borrar formato",
    "Close": "Cerrar",
    "Code": "Código",
    "Code sample": "Ejemplo de código",
    "Color": "Color",
    "Color Picker": "Selector de color",
    "Color swatch": "Muestra de color",
    "Cols": "Cols",
    "Column": "Columna",
    "Column group": "Grupo de columnas",
    "comments": "comentarios",
    "Constrain proportions": "Restringir proporciones",
    "Copy column": "Copiar columna",
    "Copy": "Copiar",
    "Copy row": "Copiar fila",
    "Could not find the specified string.": "No se pudo encontrar la cadena especificada.",
    "Could not load emoticons": "No se pudieron cargar los emoticonos",
    "Count": "Cuenta",
    "Currency": "Moneda",
    "Current window": "Ventana actual",
    "Custom color": "Color personalizado",
    "Custom...": "Personalizado...",
    "Cut column": "Cortar columna",
    "Cut": "Cortar",
    "Cut row": "Cortar fila",
    "Dark Blue": "Azul oscuro",
    "Dark Gray": "Gris oscuro",
    "Dark Green": "Verde oscuro",
    "Dark Orange": "Naranja oscuro",
    "Dark Purple": "Morado oscuro",
    "Dark Red": "Rojo oscuro",
    "Dark Turquoise": "Turquesa oscuro",
    "Dark Yellow": "Amarillo oscuro",
    "Date/time": "Fecha/hora",
    "Decrease indent": "Reducir sangría",
    "Default": "Por defecto",
    "Delete column": "Borrar columna",
    "Delete row": "Borrar fila",
    "Delete table": "Borrar tabla",
    "Dimensions": "Dimensiones",
    "Disc": "Disc",
    "Div": "Div",
    "Document": "Documento",
    "Document properties": "Propiedades del documento",
    "Drop an image here": "Suelta una imagen aquí",
    "Drop cap": "Letra capitular",
    "Edit": "Editar",
    "Edit image": "Editar imagen",
    "Embed": "Embebido",
    "Emoticons": "Emoticonos",
    "Emoticons...": "Emoticonos...",
    "Error": "Error",
    "example": "ejemplo",
    "Extended Latin": "Latín extendido",
    "Failed to upload image: {0}": "Error al cargar la imagen: {0}",
    "Find and replace": "Buscar y reemplazar",
    "Find and replace...": "Buscar y reemplazar..",
    "Find": "Buscar",
    "Find whole words only": "Buscar solo palabras completas",
    "Finish": "Finalizar",
    "Flags": "Banderas",
    "Font": "Fuente",
    "Font Sizes": "Tamaños de fuente",
    "Fonts": "Fuentes",
    "Food and Drink": "Comida y bebida",
    "Footer": "Pie de página",
    "Format": "Formato",
    "Format Painter": "Editor de formato",
    "Formats": "Formatos",
    "formatting": "formato",
    "Full image": "Imagen completa",
    "Fullscreen": "Pantalla completa",
    "G": "G",
    "General": "General",
    "Gray": "Gris",
    "Green": "Verde",
    "grinning": "sonriente",
    "H Align": "Alineación horizontal",
    "Header 1": "Encabezado H1",
    "Header 2": "Encabezado H2",
    "Header 3": "Encabezado H3",
    "Header 4": "Encabezado H4",
    "Header 5": "Encabezado H5",
    "Header 6": "Encabezado H6",
    "Header cell": "Celda de encabezado",
    "Header": "Encabezado",
    "Headers": "Encabezados",
    "Heading 1": "Encabezado H1",
    "Heading 2": "Encabezado H2",
    "Heading 3": "Encabezado H3",
    "Heading 4": "Encabezado H4",
    "Heading 5": "Encabezado H5",
    "Heading 6": "Encabezado H6",
    "Headings": "Encabezados",
    "Height": "Altura",
    "Help": "Ayuda",
    "Highlight": "Advertencia",
    "history": "historia",
    "Horizontal line": "Línea horizontal",
    "Horizontal space": "Espacio horizontal",
    "Id": "Id",
    "Ignore all": "Ignorar todo",
    "Ignore": "Ignorar",
    "Image description": "Descripción de la imagen",
    "Image": "Imagen",
    "Image...": "Imagen...",
    "Image list": "Lista de imágenes",
    "Image options": "Opciones de la imagen",
    "Image title": "Título de la imagen",
    "Increase indent": "Aumentar sangría",
    "indentation": "sangría",
    "Info": "Información",
    "Inline": "En línea",
    "Insert column after": "Insertar columna después",
    "Insert column before": "Insertar columna antes",
    "Insert date/time": "Insertar fecha/hora",
    "Insert image": "Insertar imagen",
    "Insert": "Insertar",
    "Insert link": "Insertar enlace",
    "Insert row after": "Insertar fila después",
    "Insert row before": "Insertar fila antes",
    "Insert table": "Insertar tabla",
    "Insert template": "Insertar plantilla",
    "Insert video": "Insertar video",
    "Insert/edit iframe": "Insertar/Editar 'iframe'",
    "Insert/edit image": "Insertar/Editar imagen",
    "Insert/Edit Link": "Insertar/Editar Enlace",
    "Insert/edit link": "Insertar/Editar enlace",
    "Insert/edit media": "Insertar/Editar multimedia",
    "Insert/edit video": "Insertar/Editar video",
    "Italic": "Cursiva",
    "Justify": "Justificar",
    "Keyboard Navigation": "Navegación con teclado",
    "La identificación debe comenzar con una letra, seguida solo de letras, números, guiones, puntos, dos puntos o guiones bajos.": "La identificación debe comenzar con una letra, seguida solo de letras, números, guiones, puntos, dos puntos o guiones bajos.",
    "Language": "Idioma",
    "Left": "Izquierda",
    "Left to right": "De izquierda a derecha",
    "Left-aligned image": "Alineada a la izquierda",
    "Light Blue": "Azul claro",
    "Light Gray": "Gris claro",
    "Light Green": "Verde claro",
    "Light Purple": "Morado claro",
    "Light Red": "Rojo claro",
    "Light Yellow": "Amarillo claro",
    "Link": "Enlace",
    "Link...": "Enlace...",
    "Link list": "Lista de enlaces",
    "Loading emoticons...": "Cargando emoticonos...",
    "Lower Alpha": "Alfabético minúscula",
    "Lower Greek": "Griego minúscula",
    "Lower Roman": "Romano minúscula",
    "lowercase": "minúsculas",
    "Match case": "Distinguir mayúsculas y minúsculas",
    "Mathematical": "Matemático",
    "Media...": "Medios...",
    "Media": "Multimedia",
    "Media poster (Image URL)": "Publicador de multimedia (URL de la imagen)",
    "Medium Blue": "Azul medio",
    "Medium Gray": "Gris medio",
    "Medium Purple": "Morado medio",
    "Merge cells": "Combinar celdas",
    "Middle": "Medio",
    "Midnight Blue": "Azul de medianoche",
    "More...": "Más...",
    "Name": "Nombre",
    "Navy Blue": "Azul marino",
    "New window": "Nueva ventana",
    "Next": "Siguiente",
    "No color": "Sin color",
    "No": "No",
    "Nonbreaking space": "Espacio ininterrumpido",
    "None": "Ninguno",
    "Numbered list": "Lista numerada",
    "Objects": "Objetos",
    "Ok": "Ok",
    "Open help dialog": "Abrir diálogo de ayuda",
    "Open link in...": "Abrir enlace en...",
    "OR": "O",
    "Orange": "Naranja",
    "Page break": "Salto de página",
    "Paragraph": "Párrafo",
    "Paste as text": "Pegar como texto",
    "Paste column afer": "Pegar colonna después",
    "Paste column before": "Pegar colonna antes",
    "Paste or type a link": "Pegar o escribir un enlace",
    "Paste": "Pegar",
    "Paste row after": "Pegar fila después",
    "Paste row before": "Pegar fila antes",
    "Paste your embed code below:": "Pega tu código de inserción a continuación:",
    "People": "Gente",
    "permanent pen": "lápiz permanente",
    "Permanent Pen Properties": "Propiedades del lápiz permanente",
    "Permanent pen properties...": "Propiedades del lápiz permanente...",
    "Poster": "Cartel",
    "Powered by {0}": "Con la tecnología de {0}",
    "Pre": "Preformateado",
    "Preferences": "Preferencias",
    "Preformatted": "Preformateado",
    "Prev": "Antes",
    "Preview": "Vista previa",
    "Previous": "Anterior",
    "Print": "Imprimir",
    "Print...": "Imprimir...",
    "Purple": "Morado",
    "Quotations": "Citas",
    "R": "R",
    "Red": "Rojo",
    "Redo": "Rehacer",
    "Remove color": "Quitar color",
    "Remove link": "Quitar enlace",
    "Replace all": "Reemplazar todo",
    "Replace": "Reemplazar",
    "Replace with": "Reemplazar con",
    "Restore last draft": "Restaurar último borrador",
    "Rich Text Area. Press ALT-0 for help.": "Área de texto enriquecido. Presiona ALT-0 para obtener ayuda.",
    "Rich Text Area. Press ALT-F9 for menu. Press ALT-F10 for toolbar. Press ALT-0 for help": "Área de texto enriquecido. presiona ALT-F9 para el menú. presiona ALT-F10 para la barra de herramientas. presiona ALT-0 por ayuda",
    "Right": "Derecha",
    "Right to left": "De derecha a izquierda",
    "Right-aligned image": "Alineada a la derecha",
    "Row": "Fila",
    "Row group": "Grupo de filas",
    "Row properties": "Propiedades de filas",
    "Row type": "Tipo de filas",
    "Rows": "Filas",
    "Save": "Guardar",
    "Scope": "Alcance",
    "Search": "Buscar",
    "Select all": "Seleccionar todo",
    "Select...": "Seleccionar...",
    "Selection": "Selección",
    "Shortcut": "Acceso directo",
    "Show caption": "Mostrar leyenda",
    "Show invisible characters": "Mostrar caracteres invisibles",
    "Size": "Tamaño",
    "Source code": "Código fuente",
    "Source": "Fuente",
    "Special character...": "Carácter especial...",
    "Special character": "Caracteres especiales",
    "Spellcheck": "Corrector ortográfico",
    "Split cell": "Dividir celdas",
    "Square": "Cuadrado",
    "Strikethrough": "Tachado",
    "Style": "Estilo",
    "styles": "estilos",
    "Subscript": "Subíndice",
    "Success": "Éxito",
    "Superscript": "Superíndice",
    "Switch to or from fullscreen mode": "Cambiar hacia o desde el modo de pantalla completa",
    "Symbols": "Símbolos",
    "System Font": "Fuente del sistema",
    "Table of Contents": "Tabla de contenidos",
    "Table properties": "Propiedades de la tabla",
    "Table": "Tabla",
    "Target": "Objetivo",
    "Text color": "Color del texto",
    "Text": "Texto",
    "Text to display": "Texto para mostrar",
    "The URL you entered seems to be an email address. Do you want to add the required mailto: prefix?": "La URL que has introducido parece ser una dirección de correo electrónico. ¿Deseas agregar el prefijo «mailto:» requerido?",
    "The URL you entered seems to be an external link. Do you want to add the required http:// prefix?": "La URL que has introducido parece ser un enlace externo. ¿Deseas agregar el requerido prefijo «http://»?",
    "Title Case": "Caso de título",
    "To open the popup, press Shift+Enter": "Para abrir la ventana emergente, presiona Mayús+Intro",
    "Tools": "Herramientas",
    "Top": "Arriba",
    "Travel and Places": "Viajes y lugares",
    "Turquoise": "Turquesa",
    "Underline": "Subrayado",
    "Undo": "Deshacer",
    "Update": "Actualizar",
    "Upload": "Subir",
    "Upper Alpha": "Alfabético mayúscula",
    "Upper Roman": "Romano mayúscula",
    "UPPERCASE": "MAYÚSCULAS",
    "Url": "Url",
    "User Defined": "Definido por el usuario",
    "V Align": "Alineación vertical",
    "Valid": "Válido",
    "Version": "Versión",
    "Vertical space": "Espacio vertical",
    "View": "Ver",
    "Warn": "Advertir",
    "White": "Blanco",
    "Whole words": "Palabras completas",
    "Wide image": "Imagen ancha",
    "Width": "Ancho",
    "Word count": "Recuento de palabras",
    "Words: {0}": "Palabras: {0}",
    "Words": "Palabras",
    "Yellow": "Amarillo",
    "Yes": "Sí",
    "You have unsaved changes are you sure you want to navigate away?": "Tienes cambios sin guardar, ¿seguro que quieres salir?"
}
