{
  "Action": "Aksi",
  "Activity": "Kegiyatan",
  "Address": "Alamat",
  "Advanced": "Tingkat lanjut",
  "Align": "Ratakake",
  "Align center": "Rata tengah",
  "Align left": "Rata kiwa",
  "Align right": "Rata tengen",
  "Alignment": "Perataan",
  "All": "Kabeh",
  "Alternative source": "Sumber liyane",
  "Alternative source URL": "URL sumber liyane",
  "Anchor": "Jangkar",
  "Anchor...": "Jangkar...",
  "Anchors": "Jangkar",
  "Animals and Nature": "Kewan lan Tetanduran",
  "Arrows": "Panah",
  "B": "B",
  "Background color": "Warna latar mburi",
  "Black": "Ireng",
  "Block": "Blok",
  "Blockquote": "Kutipan",
  "Blue": "Biru",
  "Body": "Bagian awak",
  "Bold": "Kandhel",
  "Border": "Garis pinggir",
  "Border color": "Warna garis pinggir",
  "Border style": "Gaya garis pinggir",
  "Border width": "Kandhele garis pinggir",
  "Bottom": "Ngisor",
  "Browse for an image": "Golek gambar",
  "Bullet list": "Dhaptar ora urutan",
  "Cancel": "Ora Sido",
  "Capitalization": "Aksara gedhe",
  "Caption": "Katrangan",
  "Cell": "Sel",
  "Cell padding": "Padding sel",
  "Cell properties": "Properti sel",
  "Cell spacing": "Spasi sel",
  "Cell type": "Tipe sel",
  "Center": "Tengah",
  "Characters": "Karakter",
  "Characters (no spaces)": "Karakter (tanpa spasi)",
  "Circle": "Bunderan",
  "Class": "Kelas",
  "Clear formatting": "Busak format tulisan",
  "Close": "Tutup",
  "Code": "Kode",
  "Code sample": "Contoh kode",
  "Color": "Warna",
  "Color Picker": "Pemilih warna",
  "Color swatch": "Pilihan warna",
  "Cols": "Kolom",
  "Column": "Kolom",
  "Column group": "Grup kolom",
  "Constrain proportions": "Kunci proporsi",
  "Copy": "Salin",
  "Copy row": "Salin baris",
  "Could not find the specified string.": "Tembung ora ditemokake.",
  "Could not load emoticons": "Emotikon ora bisa dimot",
  "Count": "Itung",
  "Currency": "Mata uang",
  "Current window": "Jendela sing aktif saiki",
  "Custom color": "Warna tambahan",
  "Custom...": "Kustom...",
  "Cut": "Ketok",
  "Cut row": "Potong baris",
  "Dark Blue": "Biru peteng",
  "Dark Gray": "Abu-abu peteng",
  "Dark Green": "Ijo peteng",
  "Dark Orange": "Jingga peteng",
  "Dark Purple": "Ungu peteng",
  "Dark Red": "Abang peteng",
  "Dark Turquoise": "Turquoise peteng",
  "Dark Yellow": "Kuning peteng",
  "Date/time": "Tanggal/wektu",
  "Decrease indent": "Sudani indentasi",
  "Default": "Gawan",
  "Delete column": "Busak kolom",
  "Delete row": "Busak baris",
  "Delete table": "Busak tabel",
  "Dimensions": "Dimensi",
  "Disc": "Cakram",
  "Div": "Div",
  "Document": "Dokumen",
  "Document properties": "Properti dokumen",
  "Drop an image here": "Seret gambar mrene",
  "Edit": "Owahi",
  "Edit image": "Owahi gambar",
  "Embed": "Sematan",
  "Emoticons": "Emotikon",
  "Emoticons...": "Emotikon...",
  "Error": "Bermasalah",
  "Extended Latin": "Latin diperluas",
  "Failed to upload image: {0}": "Gagal nambahake gambar: {0}",
  "Find": "Golek",
  "Find and replace": "Golek lan ganti",
  "Find and replace...": "Golek lan ganti...",
  "Find whole words only": "Mung golek tembung wutuh",
  "Finish": "Rampung",
  "Flags": "Gendera",
  "Font": "Jinis aksara",
  "Font Sizes": "Ukuran aksara",
  "Fonts": "Jinis-jinis aksara",
  "Food and Drink": "Panganan lan Ombenan",
  "Footer": "Bagian sikil",
  "Format": "Format",
  "Format Painter": "Penyalin format",
  "Formats": "Format",
  "Fullscreen": "Layar kebak",
  "G": "G",
  "General": "Umum",
  "Gray": "Abu-abu",
  "Green": "Ijo",
  "H Align": "Perataan horisontal",
  "Header": "Bagian sirah",
  "Header 1": "Sirah 1",
  "Header 2": "Sirah 2",
  "Header 3": "Sirah 3",
  "Header 4": "Sirah 4",
  "Header 5": "Sirah 5",
  "Header 6": "Sirah 6",
  "Header cell": "Sel tajuk",
  "Headers": "Tajuk",
  "Heading 1": "Tajuk 1",
  "Heading 2": "Tajuk 2",
  "Heading 3": "Tajuk 3",
  "Heading 4": "Tajuk 4",
  "Heading 5": "Tajuk 5",
  "Heading 6": "Tajuk 6",
  "Headings": "Tajuk",
  "Height": "Dhuwur",
  "Help": "Pitulung",
  "Horizontal line": "Garis horisontal",
  "Horizontal space": "Ruang horisontal",
  "Id": "ID",
  "Id should start with a letter, followed only by letters, numbers, dashes, dots, colons or underscores.": "ID kudu diwiwiti nganggo aksara, mung diterusake nganggo aksara, angka, tandha hubung, titik, titik loro utawa garis ngisor.",
  "Ignore": "Jarke",
  "Ignore all": "Jarke kabeh",
  "Image": "Gambar",
  "Image description": "Deskripsi gambar",
  "Image list": "Dhaptar gambar",
  "Image options": "Opsi gambar",
  "Image title": "Judul gambar",
  "Image...": "Gambar...",
  "Increase indent": "Tambah indentasi",
  "Inline": "Ing baris",
  "Insert": "Lebokake",
  "Insert column after": "Lebokake kolom sakwise",
  "Insert column before": "Lebokake kolom sakdurunge",
  "Insert date/time": "Lebokake tanggal/wektu",
  "Insert image": "Lebokake gambar",
  "Insert link": "Lebokake tautan",
  "Insert row after": "Lebokake baris sakwise",
  "Insert row before": "Lebokake baris sakdurunge",
  "Insert table": "Lebokake tabel",
  "Insert video": "Lebokake video",
  "Insert/Edit Link": "Lebokake/owahi tautan",
  "Insert/edit iframe": "Lebokake/owahi iframe",
  "Insert/edit image": "Lebokake/owahi gambar",
  "Insert/edit link": "Lebokake/owahi tautan",
  "Insert/edit media": "Lebokake/owahi media",
  "Insert/edit video": "Lebokake/owahi video",
  "Italic": "Miring",
  "Justify": "Rata kiwa-tengen",
  "Keyboard Navigation": "Navigasi Papan Ketik",
  "Language": "Boso",
  "Left": "Kiwa",
  "Left to right": "Kiwa nengen",
  "Light Blue": "Biru enom",
  "Light Gray": "Abu-abu enom",
  "Light Green": "Ijo enom",
  "Light Purple": "Ungu enom",
  "Light Red": "Abang enom",
  "Light Yellow": "Kuning enom",
  "Link": "Tautan",
  "Link list": "Dhaptar tautan",
  "Link...": "Tautan...",
  "Loading emoticons...": "Memuat emotikon...",
  "Lower Alpha": "Alfa Cilik",
  "Lower Greek": "Yunani Cilik",
  "Lower Roman": "Romawi Cilik",
  "Match case": "Cocokake gedhe cilik aksara",
  "Mathematical": "Matematika",
  "Media": "Media",
  "Media poster (Image URL)": "Poster media (URL Gambar)",
  "Media...": "Media...",
  "Medium Blue": "Biru sedheng",
  "Medium Gray": "Abu-abu sedheng",
  "Medium Purple": "Ungu sedheng",
  "Merge cells": "Gabungake sel",
  "Middle": "Tengah",
  "Midnight Blue": "Biru wengi",
  "More...": "Luwih lanjut...",
  "Name": "Jeneng",
  "Navy Blue": "Biru Dongker",
  "New window": "Jendela anyar",
  "Next": "Sakwise",
  "No": "Ora",
  "No color": "Tanpa warna",
  "Nonbreaking space": "Spasi ora pedhot",
  "None": "Ora ana",
  "Numbered list": "Dhaptar nomer",
  "OR": "UTAWA",
  "Objects": "Objek",
  "Ok": "Oke",
  "Open help dialog": "Bukak dialog pitulung",
  "Open link in...": "Bukak tautan ing...",
  "Orange": "Jingga",
  "Page break": "Pemisah kaca",
  "Paragraph": "Paragraf",
  "Paste": "Tempel",
  "Paste as text": "Tempel dadi teks",
  "Paste or type a link": "Tempel utawa ketik tautan",
  "Paste row after": "Tempel baris sakwise",
  "Paste row before": "Tempel baris sakdurunge",
  "Paste your embed code below:": "Tempel kode sematan sampeyan ing ngisor iki:",
  "People": "Uwong",
  "Permanent Pen Properties": "Properti Pena Permanen",
  "Permanent pen properties...": "Properti pena permanen...",
  "Poster": "Poster",
  "Powered by {0}": "Ditenagai dening {0}",
  "Pre": "Pre",
  "Preferences": "Preferensi",
  "Preformatted": "Praformat",
  "Prev": "Sakdurunge",
  "Preview": "Pratinjau",
  "Previous": "Sakdurunge",
  "Print": "Cetak",
  "Print...": "Cetak...",
  "Purple": "Ungu",
  "Quotations": "Kutipan",
  "R": "R",
  "Red": "Abang",
  "Redo": "Baleni",
  "Remove color": "Busak warna",
  "Remove link": "Busak tautan",
  "Replace": "Ganti",
  "Replace all": "Ganti kabeh",
  "Replace with": "Ganti nganggo",
  "Restore last draft": "Balekake draf pungkasan",
  "Rich Text Area. Press ALT-0 for help.": "Area Teks Kaya. Pencet ALT-0 kanggo pitulung.",
  "Rich Text Area. Press ALT-F9 for menu. Press ALT-F10 for toolbar. Press ALT-0 for help": "Area Teks Kaya. Pencet ALT-F9 kanggo menu. Pencet ALT-F10 kanggo toolbar. Pencet ALT-0 kanggo pitulung",
  "Right": "Tengen",
  "Right to left": "Tengen ngiwa",
  "Row": "Baris",
  "Row group": "Grup baris",
  "Row properties": "Properti baris",
  "Row type": "Tipe baris",
  "Rows": "Baris",
  "Save": "Simpen",
  "Scope": "Lingkup",
  "Search": "Golek",
  "Select all": "Pilih kabeh",
  "Select...": "Pilih...",
  "Selection": "Pilihan",
  "Shortcut": "Pintasan",
  "Show caption": "Tampilake katrangan",
  "Show invisible characters": "Tampilake karakter sing ora ketok",
  "Size": "Ukuran",
  "Source": "Sumber",
  "Source code": "Kode sumber",
  "Special character": "Karakter khusus",
  "Special character...": "Karakter khusus...",
  "Spellcheck": "Priksa ejaan",
  "Split cell": "Bagi sel",
  "Square": "Kotak",
  "Strikethrough": "Coret",
  "Style": "Gaya",
  "Subscript": "Subskrip",
  "Superscript": "Superskrip",
  "Switch to or from fullscreen mode": "Pindah menyang utawa saka mode layar kebak",
  "Symbols": "Simbol",
  "System Font": "Aksara Sistem",
  "Table": "Tabel",
  "Table of Contents": "Dhaptar Isi",
  "Table properties": "Properti tabel",
  "Target": "Target",
  "Text": "Teks",
  "Text color": "Warna teks",
  "Text to display": "Teks sing arep ditampilake",
  "The URL you entered seems to be an email address. Do you want to add the required mailto: prefix?": "URL sing sampeyan lebokake ketoke alamat email. Apa sampeyan pengin nambahake awalan mailto: ?",
  "The URL you entered seems to be an external link. Do you want to add the required http:// prefix?": "URL sing sampeyan lebokake ketoke tautan eksternal. Apa sampeyan pengin nambahake awalan http:// ?",
  "Title Case": "Aksara Gedhe ing Saben Tembung",
  "To open the popup, press Shift+Enter": "Kanggo mbukak popup, pencet Shift+Enter",
  "Tools": "Piranti",
  "Top": "Ndhuwur",
  "Travel and Places": "Plancongan lan Panggonan",
  "Turquoise": "Turquoise",
  "UPPERCASE": "AKSARA GEDHE",
  "Underline": "Garis ngisor",
  "Undo": "Batal",
  "Update": "Anyari",
  "Upload": "Unggah",
  "Upper Alpha": "Alfa Gedhe",
  "Upper Roman": "Romawi Gedhe",
  "Url": "URL",
  "User Defined": "Ditentukake Panganggo",
  "V Align": "Perataan Vertikal",
  "Valid": "Valid",
  "Version": "Versi",
  "Vertical space": "Ruang vertikal",
  "View": "Deleng",
  "Warn": "Pènget",
  "White": "Putih",
  "Whole words": "Tembung wutuh",
  "Width": "Amba",
  "Word count": "Cacahing tembung",
  "Words": "Tembung",
  "Words: {0}": "Tembung: {0}",
  "Yellow": "Kuning",
  "Yes": "Iyo",
  "You have unsaved changes are you sure you want to navigate away?": "Sampeyan duwe owah-owahan sing durung disimpen, apa sampeyan yakin pengin metu?",
  "alignment": "perataan",
  "comments": "komentar",
  "example": "contoh",
  "formatting": "pemformatan",
  "history": "riwayat",
  "indentation": "indentasi",
  "lowercase": "aksara cilik",
  "permanent pen": "pena permanen",
  "styles": "gaya",
  "{0} characters": "{0} karakter",
  "{0} words": "{0} tembung"
}