{
  "Action": "Aksi",
  "Activity": "Aktivitas",
  "Address": "Alamat",
  "Advanced": "Tingkat lanjut",
  "Align": "Ratakan",
  "Align center": "Rata tengah",
  "Align left": "Rata kiri",
  "Align right": "Rata kanan",
  "Alignment": "Perataan",
  "All": "Semua",
  "Alternative source": "Sumber alternatif",
  "Alternative source URL": "URL sumber alternatif",
  "Anchor": "Jangkar",
  "Anchor...": "Jangkar...",
  "Anchors": "Jangkar",
  "Animals and Nature": "Hewan dan tumbuhan",
  "Arrows": "Panah",
  "B": "B",
  "Background color": "Warna latar belakang",
  "Black": "Hitam",
  "Block": "Blok",
  "Blockquote": "Kutipan",
  "Blue": "Biru",
  "Body": "Bagian badan",
  "Bold": "Cetak tebal",
  "Border": "Garis tepi",
  "Border color": "Warna garis tepi",
  "Border style": "Gaya garis tepi",
  "Border width": "Ketebalan garis tepi",
  "Bottom": "Bawah",
  "Browse for an image": "Cari gambar",
  "Bullet list": "Daftar tidak berurutan",
  "Cancel": "Batal",
  "Capitalization": "Cetak besar",
  "Caption": "Keterangan",
  "Cell": "Sel",
  "Cell padding": "Padding sel",
  "Cell properties": "Properti sel",
  "Cell spacing": "Spasi sel",
  "Cell type": "Tipe sel",
  "Center": "Tengah",
  "Characters": "Karakter",
  "Characters (no spaces)": "Karakter (tanpa spasi)",
  "Circle": "Lingkaran",
  "Class": "Kelas",
  "Clear formatting": "Hapus format penulisan",
  "Close": "Tutup",
  "Code": "Kode",
  "Code sample": "Contoh kode",
  "Color": "Warna",
  "Color Picker": "Pemilih warna",
  "Color swatch": "Pilihan warna",
  "Cols": "Kolom",
  "Column": "Kolom",
  "Column group": "Grup kolom",
  "Constrain proportions": "Kunci proporsi",
  "Copy": "Salin",
  "Copy row": "Salin baris",
  "Could not find the specified string.": "Kata tidak ditemukan",
  "Could not load emoticons": "Emotikon tidak bisa dimuat",
  "Count": "Hitung",
  "Currency": "Mata uang",
  "Current window": "Jendela aktif saat ini",
  "Custom color": "Warna tambahan",
  "Custom...": "Kustom...",
  "Cut": "Potong",
  "Cut row": "Potong baris",
  "Dark Blue": "Biru gelap",
  "Dark Gray": "Abu gelap",
  "Dark Green": "Hijau gelap",
  "Dark Orange": "Jingga gelap",
  "Dark Purple": "Ungu gelap",
  "Dark Red": "Merah gelap",
  "Dark Turquoise": "Turquoise gelap",
  "Dark Yellow": "Kuning gelap",
  "Date/time": "Tanggal/waktu",
  "Decrease indent": "Kurangi indentasi",
  "Default": "Bawaan",
  "Delete column": "Hapus kolom",
  "Delete row": "Hapus baris",
  "Delete table": "Hapus tabel",
  "Dimensions": "Dimensi",
  "Disc": "Cakram",
  "Div": "Div",
  "Document": "Dokumen",
  "Document properties": "Properti dokumen",
  "Drop an image here": "Seret gambar ke sini",
  "Edit": "Sunting",
  "Edit image": "Sunting gambar",
  "Embed": "Sematan",
  "Emoticons": "Emotikon",
  "Emoticons...": "Emotikon...",
  "Error": "Bermasalah",
  "Extended Latin": "Latin diperluas",
  "Failed to upload image: {0}": "Gagal menambahkan gambar: {0}",
  "Find": "Cari",
  "Find and replace": "Cari dan ganti",
  "Find and replace...": "Cari dan ganti..",
  "Find whole words only": "Hanya cari kosakata utuh",
  "Finish": "Selesai",
  "Flags": "Bendera",
  "Font": "Jenis huruf",
  "Font Sizes": "Ukuran jenis huruf",
  "Fonts": "Jenis-jenis huruf",
  "Food and Drink": "Makanan dan minuman",
  "Footer": "Bagian kaki",
  "Format": "Format",
  "Format Painter": "Penyalin format",
  "Formats": "Format",
  "Fullscreen": "Layar penuh",
  "G": "G",
  "General": "Umum",
  "Gray": "Abu-abu",
  "Green": "Hijau",
  "H Align": "Rerataan horizontal",
  "Header": "Bagian kepala",
  "Header 1": "Kepala 1",
  "Header 2": "Kepala 2",
  "Header 3": "Kepala 3",
  "Header 4": "Kepala 4",
  "Header 5": "Kepala 5",
  "Header 6": "Kepala 6",
  "Header cell": "Sel tajuk",
  "Headers": "Tajuk",
  "Heading 1": "Tajuk 1",
  "Heading 2": "Tajuk 2",
  "Heading 3": "Tajuk 3",
  "Heading 4": "Tajuk 4",
  "Heading 5": "Tajuk 5",
  "Heading 6": "Tajuk 6",
  "Headings": "Tajuk",
  "Height": "Tinggi",
  "Help": "Bantuan",
  "Horizontal line": "Garis horizontal",
  "Horizontal space": "Ruang horizontal",
  "Id": "ID",
  "Id should start with a letter, followed only by letters, numbers, dashes, dots, colons or underscores.": "ID harus dimulai dengan huruf, hanya diikuti oleh huruf, angka, tanda hubung, titik, titik dua, atau garis bawah.",
  "Ignore": "Abaikan",
  "Ignore all": "Abaikan semua",
  "Image": "Gambar",
  "Image description": "Deskripsi gambar",
  "Image list": "Daftar gambar",
  "Image options": "Opsi gambar",
  "Image title": "Judul gambar",
  "Image...": "Gambar...",
  "Increase indent": "Tambah indentasi",
  "Inline": "Dalam baris",
  "Insert": "Sisipkan",
  "Insert column after": "Sisipkan kolom setelah",
  "Insert column before": "Sisipkan kolom sebelum",
  "Insert date/time": "Sisipkan tanggal/waktu",
  "Insert image": "Sisipkan gambar",
  "Insert link": "Sisipkan tautan",
  "Insert row after": "Sisipkan baris setelah",
  "Insert row before": "Sisipkan baris sebelum",
  "Insert table": "Sisipkan tabel",
  "Insert video": "Sisipkan video",
  "Insert/Edit Link": "Sisipkan/sunting tautan",
  "Insert/edit iframe": "Sisipkan/sunting iframe",
  "Insert/edit image": "Sisipkan/sunting gambar",
  "Insert/edit link": "Sisipkan/sunting tautan",
  "Insert/edit media": "Sisipkan/sunting media",
  "Insert/edit video": "Sisipkan/sunting video",
  "Italic": "Cetak miring",
  "Justify": "Rata kanan kiri",
  "Keyboard Navigation": "Navigasi Keyboard",
  "Language": "Bahasa",
  "Left": "Kiri",
  "Left to right": "Kiri ke kanan",
  "Light Blue": "Biru Muda",
  "Light Gray": "Abu-abu Muda",
  "Light Green": "Hijau Muda",
  "Light Purple": "Ungu Muda",
  "Light Red": "Merah Muda",
  "Light Yellow": "Kuning Muda",
  "Link": "Tautan",
  "Link list": "Daftar tautan",
  "Link...": "Tautan...",
  "Loading emoticons...": "Memuat emotikon...",
  "Lower Alpha": "Alfa Kecil",
  "Lower Greek": "Yunani Kecil",
  "Lower Roman": "Romawi Kecil",
  "Match case": "Cocokkan besar kecil huruf",
  "Mathematical": "Matematika",
  "Media": "Media",
  "Media poster (Image URL)": "Poster media (URL Gambar)",
  "Media...": "Media...",
  "Medium Blue": "Biru Sedang",
  "Medium Gray": "Abu-abu Sedang",
  "Medium Purple": "Ungu Sedang",
  "Merge cells": "Gabungkan sel",
  "Middle": "Tengah",
  "Midnight Blue": "Biru Malam",
  "More...": "Lebih lanjut...",
  "Name": "Nama",
  "Navy Blue": "Biru Dongker",
  "New window": "Jendela baru",
  "Next": "Berikutnya",
  "No": "Tidak",
  "No color": "Tanpa warna",
  "Nonbreaking space": "Spasi tidak terputus",
  "None": "Tidak ada",
  "Numbered list": "Daftar bernomor",
  "OR": "ATAU",
  "Objects": "Objek",
  "Ok": "Oke",
  "Open help dialog": "Buka dialog bantuan",
  "Open link in...": "Buka tautan di...",
  "Orange": "Jingga",
  "Page break": "Pemisah halaman",
  "Paragraph": "Paragraf",
  "Paste": "Tempel",
  "Paste as text": "Tempel sebagai teks",
  "Paste or type a link": "Tempel atau ketik tautan",
  "Paste row after": "Tempel baris setelah",
  "Paste row before": "Tempel baris sebelum",
  "Paste your embed code below:": "Tempel kode sematan Anda di bawah ini:",
  "People": "Orang",
  "Permanent Pen Properties": "Properti Pena Permanen",
  "Permanent pen properties...": "Properti pena permanen...",
  "Poster": "Poster",
  "Powered by {0}": "Ditenagai oleh {0}",
  "Pre": "Pre",
  "Preferences": "Preferensi",
  "Preformatted": "Praformat",
  "Prev": "Sebelumnya",
  "Preview": "Pratinjau",
  "Previous": "Sebelumnya",
  "Print": "Cetak",
  "Print...": "Cetak...",
  "Purple": "Ungu",
  "Quotations": "Kutipan",
  "R": "R",
  "Red": "Merah",
  "Redo": "Ulangi",
  "Remove color": "Hapus warna",
  "Remove link": "Hapus tautan",
  "Replace": "Ganti",
  "Replace all": "Ganti semua",
  "Replace with": "Ganti dengan",
  "Restore last draft": "Pulihkan draf terakhir",
  "Rich Text Area. Press ALT-0 for help.": "Area Teks Kaya. Tekan ALT-0 untuk bantuan.",
  "Rich Text Area. Press ALT-F9 for menu. Press ALT-F10 for toolbar. Press ALT-0 for help": "Area Teks Kaya. Tekan ALT-F9 untuk menu. Tekan ALT-F10 untuk bilah alat. Tekan ALT-0 untuk bantuan",
  "Right": "Kanan",
  "Right to left": "Kanan ke kiri",
  "Row": "Baris",
  "Row group": "Grup baris",
  "Row properties": "Properti baris",
  "Row type": "Tipe baris",
  "Rows": "Baris",
  "Save": "Simpan",
  "Scope": "Lingkup",
  "Search": "Cari",
  "Select all": "Pilih semua",
  "Select...": "Pilih...",
  "Selection": "Pilihan",
  "Shortcut": "Pintasan",
  "Show caption": "Tampilkan keterangan",
  "Show invisible characters": "Tampilkan karakter tak terlihat",
  "Size": "Ukuran",
  "Source": "Sumber",
  "Source code": "Kode sumber",
  "Special character": "Karakter khusus",
  "Special character...": "Karakter khusus...",
  "Spellcheck": "Periksa ejaan",
  "Split cell": "Bagi sel",
  "Square": "Kotak",
  "Strikethrough": "Coret",
  "Style": "Gaya",
  "Subscript": "Subskrip",
  "Superscript": "Superskrip",
  "Switch to or from fullscreen mode": "Beralih ke atau dari mode layar penuh",
  "Symbols": "Simbol",
  "System Font": "Font Sistem",
  "Table": "Tabel",
  "Table of Contents": "Daftar Isi",
  "Table properties": "Properti tabel",
  "Target": "Target",
  "Text": "Teks",
  "Text color": "Warna teks",
  "Text to display": "Teks untuk ditampilkan",
  "The URL you entered seems to be an email address. Do you want to add the required mailto: prefix?": "URL yang Anda masukkan tampaknya adalah alamat email. Apakah Anda ingin menambahkan awalan mailto: yang diperlukan?",
  "The URL you entered seems to be an external link. Do you want to add the required http:// prefix?": "URL yang Anda masukkan tampaknya adalah tautan eksternal. Apakah Anda ingin menambahkan awalan http:// yang diperlukan?",
  "Title Case": "Huruf Besar di Setiap Kata",
  "To open the popup, press Shift+Enter": "Untuk membuka popup, tekan Shift+Enter",
  "Tools": "Peralatan",
  "Top": "Atas",
  "Travel and Places": "Perjalanan dan Tempat",
  "Turquoise": "Turquoise",
  "UPPERCASE": "HURUF BESAR",
  "Underline": "Garis bawah",
  "Undo": "Batal",
  "Update": "Perbarui",
  "Upload": "Unggah",
  "Upper Alpha": "Alfa Besar",
  "Upper Roman": "Romawi Besar",
  "Url": "URL",
  "User Defined": "Ditentukan Pengguna",
  "V Align": "Rerataan Vertikal",
  "Valid": "Valid",
  "Version": "Versi",
  "Vertical space": "Ruang vertikal",
  "View": "Lihat",
  "Warn": "Peringatan",
  "White": "Putih",
  "Whole words": "Kata utuh",
  "Width": "Lebar",
  "Word count": "Jumlah kata",
  "Words": "Kata",
  "Words: {0}": "Kata: {0}",
  "Yellow": "Kuning",
  "Yes": "Ya",
  "You have unsaved changes are you sure you want to navigate away?": "Anda memiliki perubahan yang belum disimpan, apakah Anda yakin ingin meninggalkan halaman ini?",
  "alignment": "perataan",
  "comments": "komentar",
  "example": "contoh",
  "formatting": "pemformatan",
  "history": "riwayat",
  "indentation": "indentasi",
  "lowercase": "huruf kecil",
  "permanent pen": "pena permanen",
  "styles": "gaya",
  "{0} characters": "{0} karakter",
  "{0} words": "{0} kata"
}
