{
    "author": {
        "addNewAuthor": "Aggiungi un nuovo autore",
        "author": "Autore",
        "authorDataParsingErrorMessage": "Si è verificato un errore durante l'analisi dei dati ID Autore",
        "authorHasBeenUpdated": "L'autore è stato aggiornato",
        "authorLink": "Link ad un Autore",
        "authorName": "Autore",
        "authorNameCannotBeEmptyErrorMessage": "Il nome dell'autore è obbligatorio. Digita un nome.",
        "authorNameInUseErrorMessage": "Il nome dell'autore digitato è già in uso. Prova con un altro nome.",
        "authorNameSimilarInUseErrorMessage": "Il nome dell'autore digitato è già in uso; il nome non distingue fra maiuscole e minuscole. Prova con un altro nome.",
        "authorPage": "Pagina dell'autore",
        "authorSlugCannotBeEmpty": "Lo slug dell'autore non può essere lasciato vuoto",
        "avatar": "Avatar",
        "avatarAndFeaturedImage": "Avatar e Immagine di copertina",
        "cannotRemoveMainAuthor": "L'autore principale non può essere rimosso.",
        "changePostAuthor": "Cambia l'autore del post",
        "editAuthor": "Modifica l'autore",
        "eMail": "E-mail",
        "filterOrSearchAuthors": "Filtra o ricerca per autore...",
        "gravatarEmailWarningMessage": "Inserisci l'indirizzo email del tuo account Gravatar.",
        "mainAuthor": "Autore principale",
        "mainAuthorCannotBeRemoved": "Questo è l'autore principale del sito. Non può essere rimosso.",
        "newAuthorHasBeenCreated": "Il nuovo autore è stato creato",
        "noAuthorsMatchingYourCriteria": "Non ci sono autori che corrispondono ai criteri.",
        "removeAuthorsMessage": "Vuoi davvero eliminare gli autori selezionati?",
        "removeAuthorsSuccessMessage": "Gli autori selezionati sono stati rimosi",
        "saveAndPreviewNotAvailableDueToNoSupportForAuthorPagesInTheme": "L'opzione \"Salva & Anteprima\" non è disponibile perché il tema non supporta le pagine autori.",
        "selectAuthor": "Seleziona autore",
        "selectAuthorPage": "Seleziona la pagina dell'autore",
        "themeDoesNotSupportFeaturedImagesForAuthors": "Il tema non supporta immagini di copertina per gli autori",
        "toUseThisOptionEnableIndexingAuthorPages": "Per utilizzare questa opzione devi abilitare l'indicizzazione delle pagine dell'autore nelle impostazioni SEO.",
        "useGravatarMessage": "Utilizza <a href=\"https://gravatar.com/\" target=\"_blank\" rel=\"noopener noreferrer\">Gravatar </a> come avatar per la pagina autore",
        "useGravatarServiceMessage": "Per utilizzare Gravatar, fornisci prima l'e-mail dell'autore.",
        "website": "Sito web"
    },
    "core": {
        "archive": {
            "errorDuringCreatingTAR": "Si è verificato un errore durante la creazione dell'archivio TAR. Per favore riprova.",
            "errorDuringCreatingZIP": "Si è verificato un errore durante la creazione dell'archivio ZIP. Per favore riprova."
        },
        "backup": {
            "destinationDirectoryDoesNotExists": "La cartella di destinazione non esiste",
            "errorDuringFileSaveProcess": "Si è verificato un errore durante il salvataggio del file",
            "errorDuringReadingBackupFile": "Si è verificato un errore durante la lettura del file di backup",
            "fileDoesNotExists": "Il file di backup non esiste",
            "fileIsCorrupted": "Il file di backup è danneggiato - il processo di ripristino viene interrotto.",
            "locationDoesNotExists": "Il percorso di backup non esiste",
            "temporaryDirectoryDoesNotExists": "La cartella temporanea non esiste"
        },
        "credits": {
            "errorLoadingLicenseMsg": "Si è verificato un errore durante il caricamento della licenza. Per favore riprova."
        },
        "images": {
            "responsiveImagesDisabled": "Le immagini reattive sono disabilitate nelle impostazioni del sito: tutte le immagini reattive sono state rimosse."
        },
        "rendering": {
            "renderingProcessCrashed": "Il rendering si è arrestato in modo anomalo",
            "renderingProcessCrashedMsg": "Per ulteriori informazioni, controlla i file 'rendering-errors.log' e' rendering-process.log' in Strumenti e Plugin > Visualizzatore di log.",
            "renderingProcessFiled": "Il rendering non è riuscito"
        },
        "server": {
            "branchDoesNotExist": "Il ramo selezionato non esiste.",
            "creatingNewRemoteFilesTree": "Creazione di un nuovo albero di file remoti...",
            "finishingDeploymentProcess": "Completamento del processo di distribuzione...",
            "getInfoAboutLatestCommit": "Ottieni informazioni sull'ultimo commit...",
            "preparingFilesTreeToUpload": "Preparazione dell'albero dei file per il caricamento...",
            "repositoryDoesNotExist": "Il repository selezionato non esiste.",
            "requestLimitExceededInfo": "Il limite di richieste API è stato superato ({remaining} richieste rimaste). Attendi fino a {resetTime} UTC e poi riprova.",
            "requestTimeout": "Richiedi timeout.",
            "retrievingHandlerOfRemoteFilesTree": "Recupero del gestore dell'albero dei file remoto in corso...",
            "retrievingRemoteFilesTree": "Recupero dell'albero dei file remoto...",
            "tokenOrServerAddressInvalid": "Il token fornito o l'indirizzo del server non è valido.",
            "tooManyFilesInfo": "Il tuo sito web contiene oltre 4000 elementi (file e cartelle {numberOfFiles}). Attualmente la nostra implementazione di GitHub Pages supporta solo siti Web con un massimo di 4000 elementi."
        },
        "site": {
            "noConfigurationForResponsiveImages": "Non sono disponibili dati di configurazione per le immagini reattive",
            "noImagesToRegenerate": "Non ci sono immagini da rigenerare",
            "noThemeSelected": "Nessun tema selezionato"
        },
        "sureYouWantQuit": "Sei sicuro di voler uscire? \nTutte le modifiche non salvate andranno perse.",
        "wpImport": {
            "authorsProgressInfo": "Importazione autori ({progress} / {total})",
            "imageDownloadError": "Si è verificato un errore durante il download dell'immagine {image}",
            "imagesProgressInfo": "Download immagini ({progress} / {total})",
            "postsProgressInfo": "Importazione post ({progress} / {total})",
            "tagsProgressInfo": "Importazione tag ({progress} / {total})"
        }
    },
    "date": {
        "apr": "apr",
        "aug": "ago",
        "changePostPublicationDate": "Cambia la data di pubblicazione del post",
        "dec": "dic",
        "feb": "feb",
        "jan": "gen",
        "jul": "lug",
        "jun": "giu",
        "mar": "mar",
        "may": "mag",
        "nov": "nov",
        "oct": "ott",
        "sep": "set"
    },
    "editor": {
        "addHeading": "Aggiungi un titolo",
        "addLabel": "Aggiungi un titolo per il sommario",
        "alignTextCenter": "Centra",
        "alignTextLeft": "Allinea a sinistra",
        "alignTextRight": "Allinea a destra",
        "blockEditorHelpPanelDesc": "Puoi inserire un blocco facendo clic su <span>+</span> o <span>TAB</span> in una nuova riga, oppure digitando le seguenti scorciatoie o sintassi markdown su una nuova riga:",
        "blocks": {
            "code": {
                "idTooltip": "Questo valore sarà utilizzato come codice ID"
            },
            "cssClassesLabel": "Classe CSS",
            "cssClassesTooltip": "Queste classi CSS verranno aggiunte nell'attributo class del campo",
            "embed": {
                "idTooltip": "Questo valore verrà utilizzato come ID di incorporamento"
            },
            "gallery": {
                "idTooltip": "Questo valore verrà utilizzato come ID galleria"
            },
            "header": {
                "customIdLabel": "Usa ID personalizzato",
                "customIdTooltip": "Abilita questa opzione se desideri utilizzare un tuo ID, invece dell'ID generato automaticamente",
                "idTooltip": "Questo valore verrà utilizzato come ID del titolo"
            },
            "html": {
                "idTooltip": "Questo valore verrà utilizzato come ID HTML"
            },
            "idLabel": "ID",
            "image": {
                "idTooltip": "Questo valore verrà utilizzato come ID immagine"
            },
            "list": {
                "idTooltip": "Questo valore verrà utilizzato come ID elenco"
            },
            "paragraph": {
                "idTooltip": "Questo valore verrà utilizzato come ID paragrafo",
                "styleLabel": "Stile paragrafo",
                "styles": {
                    "highlight": "Highlight",
                    "info": "Info",
                    "success": "Success",
                    "warning": "Warning"
                },
                "styleTooltip": "Seleziona uno stile aggiuntivo per il paragrafo"
            },
            "quote": {
                "idTooltip": "Questo valore verrà utilizzato come ID citazione"
            },
            "separator": {
                "idTooltip": "Questo valore verrà utilizzato come ID separatore"
            },
            "toc": {
                "idTooltip": "Questo valore verrà utilizzato come ID sommario"
            }
        },
        "cantSavePostWithEmptyTitle": "Non puoi salvare un post con un titolo vuoto.",
        "changesSaved": "I cambiamenti sono stati salvati",
        "clearFormatting": "Cancella formattazione",
        "clickToConfirm": "Fare clic per confermare",
        "code": "Codice",
        "conversions": {
            "toCode": "Codice",
            "toHeader": "Titolo",
            "toHTML": "HTML",
            "toList": "Elenco",
            "toParagraph": "Paragrafo",
            "toQuote": "Citazione"
        },
        "convertTo": "Converti in:",
        "custom": "Personalizzato",
        "defaultSelect": "- Seleziona -",
        "deleteBlock": "Elimina blocco",
        "dot": "Punto",
        "dots": "Punti",
        "dragAndDropImgToEditor": "Trascina e rilascia un'immagine nell'editor",
        "dropToUploadYourPhotoOr": "Rilascia per caricare la tua foto o",
        "dropToUploadYourPhotosOr": "Trascina qui le immagini della gallery oppure",
        "element": "Elemento",
        "emptyGalleryBlock": "Blocco galleria vuoto",
        "emptyImageBlock": "Blocco immagine vuoto",
        "enterAltText": "Inserisci testo alternativo",
        "enterCaption": "Inserisci didascalia",
        "enterUrlOrEmbedCode": "Inserisci l'URL o incorpora il codice...",
        "errorOccured": "Si è verificato un errore. Si prega di riprovare.",
        "gallery": "Galleria",
        "header": "Titolo",
        "heading1": "Titolo 1",
        "heading2": "Titolo 2",
        "heading3": "Titolo 3",
        "heading4": "Titolo 4",
        "heading5": "Titolo 5",
        "heading6": "Titolo 6",
        "hideHelp": "Nascondi Aiuto",
        "hideStats": "Nascondi statistiche",
        "html": "HTML",
        "insertGallery": "Inserisci galleria",
        "list": "Elenco",
        "markdown": "Markdown editor",
        "markdownHelpPanelDesc": "Puoi gestire facilmente intestazioni, stili di testo o creare altri elementi HTML utilizzando le seguenti scorciatoie da tastiera o la sintassi markdown:",
        "newDraftCreated": "Nuova bozza creata",
        "newPostCreated": "Nuovo post creato",
        "quote": "Citazione",
        "quoteAuthor": "Autore della citazione",
        "quoteText": "Testo della citazione",
        "readMore": "Leggi tutto",
        "readMoreBlockName": "Leggi tutto",
        "selectFiles": "Seleziona i file",
        "separator": "Separatore",
        "shortcuts": "Scorciatoie",
        "sourceCode": "Codice sorgente",
        "startWriting": "Inizia a scrivere...",
        "startWritingOrPressTabToChooseBlock": "Inizia a scrivere o premi il tasto TAB per scegliere un blocco.",
        "toc": "Sommario",
        "tocAutoGenerationInfo": "Il sommario viene generato automaticamente in base ai titoli (h1-h6) dei tuoi contenuti.",
        "togglePostStatsPanel": "Attiva/disattiva il pannello delle statistiche del post",
        "unableToSetSpellCheckerForLanguage": "(!) Impossibile impostare il correttore ortografico per la lingua selezionata -",
        "useOrderedList": "Lista ordinata",
        "useUnorderedList": "Lista non ordinata",
        "viewHelp": "Visualizza la guida",
        "viewStats": "Visualizza statistiche",
        "wideLine": "Linea larga"
    },
    "file": {
        "addNewFile": "Crea nuovo file",
        "backups": "Backup",
        "createBackup": "Crea backup",
        "createBackupConfirmMsg": "Seleziona un nome per il backup: il nome può contenere solo caratteri alfanumerici, trattini e trattini bassi:",
        "createBackupErrorMsg": "Si è verificato un errore durante la creazione del backup. Per favore riprova.",
        "createBackupNameEmptyMsg": "Il nome file non può essere vuoto. Si prega di inserire un nome.",
        "createBackupNameInUseMsg": "Il nome file (<strong>{filename}</strong>) è già utilizzato da un backup esistente. Riprova con un nome diverso.",
        "createBackupSuccessMsg": "Il backup è stato creato.",
        "createFirstBackupMsg": "Non hai ancora un backup. Creiamo il primo!",
        "creatingBackup": "Creazione di backup",
        "creationDate": "Data di creazione",
        "deletBackupsConfirmMsg": "Vuoi davvero rimuovere i backup selezionati? Questa azione non può essere annullata.",
        "deletBackupsErrorMsg": "Si è verificato un errore durante la rimozione dei backup selezionati. Per favore riprova.",
        "deletBackupsSuccessMsg": "I backup selezionati sono stati rimossi",
        "dragAndDropBackupFile": "Trascina e rilascia il file di backup qui o",
        "dropYourFileHere": "Trascina qui il tuo file",
        "file": "File",
        "fileFromFileManager": "File da File Manager",
        "fileManager": "Gestore file",
        "filename": "Nome del file",
        "files": "File",
        "fileSemicolon": "File:",
        "fileSize": "Dimensione del file",
        "filterOrSearchFiles": "Filtra o cerca file...",
        "mediaFiles": "media/file",
        "noBackupsAvailable": "Nessun backup disponibile",
        "noFileInMediaFilesDirInfo": "Non ci sono file nella cartella media/files...",
        "noFileInRootDirInfo": "Non ci sono file nella cartella principale...",
        "noFileMatchingCriteriaInfo": "Non ci sono file che corrispondono ai tuoi criteri.",
        "operations": "Operazioni",
        "preparingFilesInOutputDir": "Preparazione dei file nella cartella di output",
        "provideNameForNewFile": "Specificare nome ed estensione del nuovo file",
        "removeFilesConfirmMsg": "Vuoi davvero rimuovere i file selezionati? Questa azione non può essere annullata.",
        "removeFilesSuccessMsg": "I file selezionati sono stati rimossi",
        "rename": "Rinomina",
        "renameBackupConfrimLabel": "Rinomina il file",
        "renameBackupConfrimMsg": "Specifica un nuovo nome per il file di backup:",
        "renameBackupErrorMsg": "Si è verificato un errore durante la ridenominazione del file di backup. Per favore riprova.",
        "renameBackupNameEmptyMsg": "Il nome del file di backup non può essere vuoto. Per favore riprova.",
        "renameBackupNameInUseMsg": "Il nome specificato è utilizzato da un altro file di backup. Per favore riprova.",
        "renameBackupSameNameMsg": "Il nome specificato è lo stesso del vecchio nome. Per favore riprova.",
        "renameBackupSuccessMsg": "Il backup è stato rinominato correttamente.",
        "restore": "Ripristina",
        "restoreBackupConfrimLabel": "Ripristina il backup",
        "restoreBackupConfrimMsg": "Vuoi davvero ripristinare il backup selezionato? I file esistenti verranno sovrascritti.",
        "restoreBackupErrorMsg": "Si è verificato un errore durante il ripristino del backup selezionato",
        "restoreBackupSuccessMsg": "Il sito web è stato ripristinato con successo.",
        "rootDirectory": "root directory",
        "selectedFileExsistsMsg": "I seguenti file non possono essere copiati poiché esistono già nella cartella selezionata",
        "selectedFilenameInUseMsg": "Il nome del file selezionato è in uso. Si prega di utilizzare un nome file diverso.",
        "selectFile": "Seleziona il file",
        "selectFileFromFileManager": "Seleziona un file dal File Manager",
        "uploadFiles": "Carica file"
    },
    "gdpr": {
        "addGroup": "Aggiungi un gruppo",
        "groupID": "ID del gruppo",
        "groupName": "Nome del gruppo",
        "state": "Stato"
    },
    "image": {
        "addImages": "Aggiungi immagini",
        "align": "Allinea",
        "centeredImage": "Immagine centrata",
        "columns": "Colonne:",
        "dropFeaturedImageOr": "Trascina qui l'immagine in primo piano oppure",
        "dropToUploadPhotoOr": "Trascina qui l'immagine oppure",
        "eightColumns": "8 colonne",
        "enterAltText": "Inserisci testo alternativo",
        "enterCaption": "Inserisci didascalia",
        "fiveColumns": "5 colonne",
        "fourColumns": "4 colonne",
        "fullWidth": "Immagine larga",
        "fullWidthImage": "Immagine a larghezza intera",
        "image": "Immagine",
        "imageAlternativeText": "Testo alternativo",
        "imageCaption": "Didascalia",
        "images": "immagini",
        "insertEditGallery": "Inserisci/Modifica galleria",
        "layout": "Layout",
        "loadingImage": "Caricamento immagine...",
        "none": "Nessuno",
        "oneColumn": "1 colonna",
        "pictures": "immagini",
        "removeImage": "Rimuovi immagine",
        "sevenColumns": "7 colonne",
        "sixColumns": "6 colonne",
        "threeColumns": "3 colonne",
        "twoColumns": "2 colonne",
        "uploading": "Caricamento",
        "wide": "Largo",
        "wideImage": "Larghezza intera",
        "yourGalleryIsEmpty": "La galleria è vuota"
    },
    "langs": {
        "addLanguageSuccessMessage": "La lingua è stata aggiunta",
        "deleteLanguage": "Elimina lingua",
        "getMoreLanguages": "Ottieni altre lingue",
        "goToLanguagesManager": "Vai al gestore delle lingue",
        "installLanguage": "Installa la lingua",
        "isOutdated": "È obsoleto",
        "isOutdatedTitle": "Questa lingua è supportata da Publii v.{supportedVersion}, ora utilizzi Publii v.{currentVersion} - aggiorna Publii per utilizzare questa lingua.",
        "language": "Lingua:",
        "languageChangedMsg": "La lingua dell'applicazione è cambiata in italiano",
        "languageChangeError": "Si è verificato un errore di modifica della lingua. Riprova.",
        "languageLoadingError": "Si è verificato un errore durante il caricamento della lingua dell'app. Verrà invece utilizzata la lingua predefinita (inglese). Vai alle impostazioni della lingua per selezionarne un'altra.",
        "languages": "Lingue",
        "removeLanguageMessage": "Vuoi davvero rimuovere la lingua {languageName} ?",
        "removeLanguageSuccessMessage": "La lingua selezionata è stata rimossa",
        "updatedLanguageSuccessMessage": "La lingua selezionata è stata aggiornata",
        "uploadLanguageErrorMessage": "Si è verificato un errore durante l'installazione lingua. Per favore riprova."
    },
    "link": {
        "addDownloadAttr": "Aggiungi l'attributo \"download\".",
        "addLink": "Aggiungi collegamento",
        "addNofollow": "Aggiungi rel=\"nofollow\"",
        "downloadAttribute": "Attributo 'download':",
        "insertEditLink": "Inserisci/Modifica collegamento",
        "linkInvalidMsg": "Scusa! Questo collegamento sembra non essere valido.",
        "linkRelAttribute": "Attributo \"rel\"",
        "linkTitleAttribute": "Attributo \"title\".",
        "openInNewTab": "Apri in una nuova scheda",
        "previewLinkInBrowser": "Visualizza in anteprima questo collegamento nel browser",
        "previewOnlyExternalLinksMsg": "Puoi visualizzare in anteprima i link esterni solo nell'editor dei post",
        "removeLink": "Rimuovi collegamento",
        "selectLinkType": "Tipo di collegamento"
    },
    "menu": {
        "addMenuItem": "Aggiungi voce di menu",
        "addNewMenu": "Aggiungi un nuovo menu",
        "addNewMenuItem": "Aggiungi una nuova voce di menu",
        "addSubmenu": "Aggiungi sottomenu",
        "addSubmenuItem": "Aggiungi voce di sottomenu",
        "assignedMenu": "Posizione menù",
        "classCSS": "Classe CSS",
        "createNewMenu": "Crea nuovo menu",
        "deleteThisMenuItem": "Elimina questa voce di menu",
        "duplicateThisMenuItem": "Duplica questa voce di menu",
        "editMenuItem": "Modifica voce di menu",
        "editMenuName": "Modifica il nome del menu",
        "editThisMenuItem": "Modifica questa voce di menu",
        "externalLink": "Link esterno",
        "externalURL": "URL esterno",
        "hideThisMenuItem": "Nascondi questa voce di menu",
        "internalLink": "Link interno",
        "items": "Elementi",
        "label": "Etichetta",
        "likedItemError": "L'elemento collegato non è stato visualizzato (tag vuoto/pagina dell'autore), non esiste o è stato cestinato",
        "likedItemIsADraft": "L'elemento collegato è una bozza",
        "menu": "Menu",
        "menuIemsRemoveMessage": "Vuoi davvero rimuovere la voce di menu selezionata?",
        "menuItemIsHidden": "Questa voce di menu è nascosta",
        "menuNameCannotBeEmptyCreateNewMenuErrorMessage": "Il nome del menu non può essere vuoto. Inserisci un nome per il menu.",
        "menuNameCannotBeEmptyErrorMessage": "Il nome del menu non può essere vuoto. Inserisci un nuovo nome per il menu.",
        "menuNameExistsErrorMessage": "Il nome del menu specificato esiste già. Si prega di utilizzare un nome diverso.",
        "menuNameHasBeenEdited": "Il nome del menu è stato modificato",
        "menuNameInUseErrorMessage": "Il nome del menu specificato è in uso. Inserisci un nuovo nome per il menu.",
        "menusRemoveMessage": "Vuoi davvero rimuovere i menu selezionati?",
        "menusRemoveSuccessMessage": "I menu selezionati sono stati rimossi",
        "newMenuCreated": "È stato creato un nuovo menu",
        "noMenusAvailable": "Nessun menu disponibile",
        "noMenusCreateNewOne": "Non hai ancora nessun menu. Creiamo il primo!",
        "noMenusMessage": "Non ci sono voci di menu; creale tramite il pulsante \"Aggiungi voce di menu\" in alto.",
        "provideNameForNewMenu": "Specifica un nome per il tuo nuovo menu:",
        "provideNewNameForMenu": "Specifica un nuovo nome per il menu selezionato:",
        "selectItemType": "Seleziona il tipo di voce",
        "selectLinkTarget": "Seleziona la destinazione del collegamento",
        "showThisMenuItem": "Mostra questa voce di menu",
        "textSeparator": "Separatore di testo",
        "type": "Tipo",
        "unassigned": "Non assegnata",
        "moveItem": "Sposta",
        "unselectItem": "Deseleziona",
        "insertActions": "Sposta la voce selezionata:",
        "insertAfter": "Sposta qui sotto",
        "insertBefore": "Sposta qui sopra",
        "insertAsChild": "Inserisci come figlio"
    },
    "plugins": {
        "addPluginSuccessMessage": "Il Plugin è stato aggiunto",
        "deletePlugin": "Elimina Plugin",
        "getMorePlugins": "Ottieni altri Plugin",
        "goToPluginsManager": "Vai al gestore dei Plugin",
        "installPlugin": "Installa un Plugin",
        "isIncompatible": "È obsoleto",
        "isIncompatibleTitle": "Questo Plugin è supportato da Publii v.{supportedVersion}, ora stai usando Publii v.{currentVersion} - aggiorna Publii per usare questo Plugin.",
        "plugin": "Plugin:",
        "plugins": "Plugin",
        "removePluginMessage": "Vuoi davvero rimuovere il Plugin {pluginName}?",
        "removePluginSuccessMessage": "Il Plugin selezionato è stato rimosso",
        "updatedPluginSuccessMessage": "Il Plugin selezionato è stato aggiornato",
        "uploadPluginErrorMessage": "Si è verificato un errore durante l'installazione del Plugin. Per favore riprova."
    },
    "post": {
        "addNewPost": "Aggiungi un nuovo post",
        "addPostTitle": "Aggiungi il titolo del post",
        "all": "Tutti",
        "changePostDate": "Modifica la data del post",
        "characters": "Caratteri",
        "configureThemeBeforeGenaratingPreview": "Per generare un'anteprima di questo post è prima necessario selezionare e configurare un tema per il sito web.",
        "currentDefaultTemplate": "Tema predefinito corrente",
        "customPostTypes": "Tipi di post personalizzati",
        "drafts": "Bozza",
        "duplicate": "Duplica",
        "duplicatePostErrorMessage": "Si è verificato un errore durante la duplicazione dei post selezionati. Per favore riprova.",
        "duplicatePostSuccessMessage": "I post selezionati sono stati duplicati",
        "editorBlock": "Editor a Blocchi",
        "editorBlockInfo": "Un editor moderno e intuitivo con supporto per tasti di scelta rapida e markdown per semplificare il blog, senza doversi preoccupare di HTML o altri elementi di codice.",
        "editorBlockNotSupportedEditPostInfo": "Il tema corrente non supporta l'editor a blocchi utilizzato in questo post. Questo post potrebbe essere visualizzato in modo errato.",
        "editorBlockNotSupportedNewPostInfo": "Il tema corrente non supporta l'editor a blocchi utilizzato in questo post. Questo post potrebbe essere visualizzato in modo errato.",
        "editorBlockUse": "Usa l'editor a Blocchi",
        "editorMarkdown": "Editor Markdown",
        "editorMarkdownInfo": "Questo editor supporta la sintassi Markdown per la produzione rapida di contenuti; ottimo per progetti ampi e senza fronzoli come la documentazione.",
        "editorMarkdownUse": "Usa l'editor Markdown",
        "editorWYSIWYG": "Editor WYSIWYG",
        "editorWYSIWYGInfo": "Questo editor offre un'esperienza di elaborazione testi familiare e strumenti aggiuntivi per gli utenti che desiderano controllare ogni aspetto del contenuto della propria pagina.",
        "editorWYSIWYGUse": "Usa l'editor WYSIWYG",
        "editPostAnyway": "Modifica il post comunque",
        "excluded": "Escluso",
        "excludeFromHomepage": "Escludi dalla home page",
        "featured": "Primo piano",
        "filterOrSearchPosts": "Filtra o cerca post...",
        "hidden": "Nascosto",
        "hidePost": "Nascondi il post",
        "includeInHomepage": "Includi nella home page",
        "markAsDraft": "Contrassegna come bozza",
        "markAsFeatured": "Contrassegna come in primo piano",
        "markAsUnfeatured": "Contrassegna come non in primo piano",
        "min": "min",
        "modificationDate": "Data di modifica",
        "moveToTrash": "Sposta nel cestino",
        "noPostsMatchingYourCriteria": "Non ci sono post che corrispondono ai tuoi criteri.",
        "openEditorAnyway": "Apri comunque l'editor",
        "paragraphs": "Paragrafi",
        "post": "Post",
        "postAuthor": "Autore del post",
        "postLink": "Link a un Post",
        "postName": "Post:",
        "postPage": "Pagine dei post",
        "posts": "post",
        "postSettings": "Impostazioni post",
        "postSlug": "Post slug",
        "postSlugLengthWarning": "Post slug più lunghi di 250 caratteri possono portare alla creazione di file corrotti durante il rendering del sito web.",
        "postSlugTooLong": "Il post slug è troppo lungo",
        "postState": "Stato del post",
        "postStatusChangeSuccessMessage": "Lo stato dei post selezionati è stato modificato",
        "postTemplate": "Modello del post",
        "postWillNotAppearOnHomepageListMsg": "Il post non apparirà negli elenchi della home page",
        "postWillNotAppearOnListMsg": "Il post non apparirà in nessun elenco di post, es. tag o pagine dell'autore",
        "publicationDate": "Data di pubblicazione",
        "publish": "Pubblica",
        "published": "Pubblicato",
        "readingTime": "Tempo di lettura",
        "removePostMessage": "Vuoi davvero rimuovere i post selezionati? Questa operazione non può essere annullata.",
        "removePostSuccessMessage": "I post selezionati sono stati rimossi",
        "selectPostPage": "Seleziona post",
        "sentences": "Frasi",
        "setCustomPostDate": "Imposta una data di pubblicazione personalizzata",
        "status": "Stato",
        "thisPostIsADraft": "Questo post è una bozza",
        "thisPostIsExcludedFromHomepage": "Questo post è escluso dalla homepage",
        "thisPostIsFeatured": "Questo post è in primo piano",
        "thisPostIsHidden": "Questo post è nascosto",
        "title": "Titolo",
        "trashed": "Cestino",
        "uniqueWords": "Parole uniche",
        "updatedOn": "Aggiornato il",
        "url": "URL",
        "words": "Parole"
    },
    "publii": {
        "aboutPublii": "A proposito di Publii",
        "currentPubliiVersion": "Versione",
        "accept": "Accetta",
        "copyright": "Copyright 2022 <a href=\"https://tidycustoms.net\" target=\"_blank\" rel=\"noopener noreferrer\">TidyCustoms</a>. Tutti i diritti riservati.<br>Publii è progettato e gestito dal core team in collaborazione con <a href=\"https://github.com/dziudek\" target=\"_blank\" rel=\"noopener noreferrer\">Dev Zen</a> ed è reso possibile dal progetto Open Source <a href=\"https://electronjs.org\" target=\"_blank\" rel=\"noopener noreferrer\">Electron</a> ed altri ",
        "creditsIntro": "Publii utilizza il seguente software open source di terze parti:",
        "dataCollectionInfo": "<strong>Non raccogliamo </strong>dati personali mentre utilizzi l'app Publii; non memorizziamo, tracciamo o consentiamo a terzi di raccogliere tue informazioni personali o di identificarti.",
        "homepage": "Homepage",
        "license": "Licenza",
        "licensingInformation": "Informazioni sulla licenza",
        "openSourceSoftware": "Software Open Source",
        "publiiLicenseAgreement": "Contratto di licenza Publii.",
        "publiiLicenseAgreementInfo": "Questo software è concesso in licenza con GNU GPL versione 3.<br>Facendo clic su \"Accetta\" accetti il"
    },
    "rendering": {
        "errorDuringPreviewCreatinMsg": "Si è verificato un errore durante la creazione dell'anteprima.",
        "rendering": "Rendering...",
        "renderingErrorText": "Si è verificato un errore durante il rendering del sito web.",
        "renderingPleaseWait": "Attendi il completamento del rendering.",
        "selectThemeBeforeCreatingPreviewMsg": "Devi selezionare un tema prima di creare un'anteprima del tuo sito web. Vai alla sezione delle impostazioni del sito web e seleziona un tema."
    },
    "settings": {
        "addGDPRCookieBanner": "Banner dei cookie (GDPR)",
        "additionalValidElementsInWYSIWYGEditor": "Ulteriori elementi validi nell'editor WYSIWYG",
        "additionalValidElementsInWYSIWYGEditorInfo": "Se l'editor WYSIWYG rimuove automaticamente alcuni tag dal codice HTML, puoi aggiungerli qui come elementi consentiti.<br> Ad esempio: <strong>v-select[*],v-dropdown[*]</strong> abilita i tag personalizzati v-select e v-dropdown con tutti gli attributi.",
        "advancedOptions": "Opzioni avanzate",
        "advancedPreviewDesc": "L'anteprima avanzata consente di eseguire il rendering di un sito web aggiornando i file senza aprire la finestra del browser",
        "alwaysAddIndexHTMLInURLs": "Aggiungi sempre index.html negli URL",
        "alwaysSaveSearchState": "Salva sempre lo stato di ricerca",
        "anchorLink": "URL personalzzato",
        "appSettings": "Impostazioni App",
        "appSettingsSavedMsg": "Le impostazioni dell'App sono state salvate correttamente.",
        "appSettingsSaveErrorMsg": "Si è verificato un errore durante il salvataggio delle impostazioni dell'App. Per favore riprova.",
        "ascending": "Crescente",
        "authorPage": "Pagina dell'autore",
        "authorPages": "Pagine dell'autore",
        "authorPageTitleVariables": "Nel titolo puoi utilizzare le seguenti variabili: %authorname, %sitename.",
        "authorPrefix": "Prefisso autore:",
        "authorPrefixInfo": "Specifica il prefisso che appare prima dell'autore negli URL, es. <strong>https://example.com/PREFISSO_AUTORE/author-slug</strong>.<br>",
        "authorsPrefixCannotBeEmpty": "Il prefisso autore non può essere vuoto.",
        "authorsPrefixCannotEqualTagsPrefix": "Il prefisso autore non può essere uguale al prefisso dei tag.",
        "backupLocation": "Backup dei siti",
        "backupLocationChangedConfirmMsg": "La posizione di archiviazione dei backup è stata modificata. Tutti i nuovi backup verranno archiviati in questa cartella. Se si vuole accedere ai backup precedenti occorre spostarli manualmente nella nuova cartella.",
        "badge": "Badge",
        "badgeAndCustomLink": "Badge + URL personalizzato",
        "badgeLabel": "Etichetta del Badge",
        "basicSettings": "Impostazioni di base",
        "byIDAscending": "Per ID crescente",
        "byIDDescending": "Per ID decrescente",
        "cannotAddIndexHTMLInURLsInfo": "Abilita questa opzione se non puoi abilitare il caricamento automatico dei file index.html quando viene aperta una cartella sul tuo server.",
        "cardTypes": "Tipi di card:",
        "changeSitesLocationWithoutCopyingFiles": "Modifica la posizione di salvataggio siti web senza spostare i siti già esistenti nella nuova cartella",
        "closePostEditorOnSave": "Chiudi l'editor dei post al salvataggio",
        "codeEditor": "Editor di codice (CodeMirror)",
        "colorTheme": "Colore del tema",
        "content": "Contenuto",
        "cookieGroups": "Gruppi di cookie",
        "cookiePopup": "Cookie popup",
        "createXMLSitemap": "Crea una mappa XML del sito",
        "currentTheme": "Tema attuale:",
        "customFeedTitle": "Titolo feed personalizzato",
        "customLanguageCode": "Codice lingua personalizzato:",
        "darkMode": "Modalità scura",
        "defaultAuthorsOrdering": "Ordinamento Autori:",
        "defaultOrderingOnLists": "Ordine predefinito degli elenchi:",
        "defaultPostsOrdering": "Ordinamento Post:",
        "defaultTagsOrdering": "Ordinamento Tag:",
        "descending": "Decrescente",
        "disableAuthorsPagination": "Disabilita la paginazione degli autori",
        "disableAuthorsPaginationIndexing": "Disabilita l'indicizzazione della paginazione degli autori",
        "disableAuthorsPaginationIndexingInfo": "Se questa opzione è abilitata la paginazione degli autori verrà esclusa dalla mappa del sito e verranno aggiunti i metatag robots <strong>noindex, follow</strong>.",
        "disableAuthorsPaginationInfo": "Se questa opzione è abilitata la paginazione degli autori non verrà generata.",
        "disableHomepagePaginationIndexing": "Disabilita l'indicizzazione della paginazione della home page",
        "disableTagsPagination": "Disabilita la paginazione dei tag",
        "disableTagsPaginationIndexing": "Disabilita l'indicizzazione della paginazione dei tag",
        "disableTagsPaginationIndexingInfo": "Se questa opzione è abilitata la paginazione dei tag verrà esclusa dalla mappa del sito e verranno aggiunti i metatag robots <strong>noindex, follow</strong>.",
        "disableTagsPaginationInfo": "Se questa opzione è abilitata la paginazione dei tag non verrà generata.",
        "displayEmptyAuthors": "Visualizza autori senza post",
        "displayEmptyAuthorsInfo": "Se questa opzione è abilitata gli autori senza post e le relative sotto pagine appariranno nel sito.",
        "displayEmptyTags": "Visualizza tag senza post",
        "displayEmptyTagsInfo": "Se questa opzione è abilitata i tag senza post e le relative sotto pagine appariranno nel sito.",
        "dontIndexThisPage": "Chiedi al motore di ricerca di non eseguire la scansione del sito web.",
        "editorFontFamily": "Famiglia dei font",
        "editorFontFamilySansSerif": "Sans serif",
        "editorFontFamilySerif": "Serif",
        "editorFontSize": "Dimensione font (px)",
        "editors": "Editor",
        "enableAdvancedPreview": "Abilita anteprima avanzata",
        "enableAMP": "Abilita AMP",
        "enableAMPInfo": "AMP (accelerated mobile pages) crea pagine ottimizzate per dispositivi mobili per i tuoi contenuti statici che vengono visualizzati rapidamente. <br/> <strong> Nota: </strong> quando questa opzione è abilitata, il tuo sito web caricherà script di terze parti forniti dalla CDN AMP di Google.",
        "enableAutoIndent": "Abilita il rientro automatico",
        "enableCSSCompression": "Abilita la compressione CSS",
        "enableHTMLCompression": "Abilita la compressione HTML",
        "enableJSONFeed": "Abilita feed JSON",
        "enableMediaLazyLoad": "Abilita il lazy load dei media",
        "enableMediaLazyLoadInfo": "Abilita questa opzione se desideri utilizzare il lazy load nativo che carica in modo lento immagini, video e iframe.",
        "enableResponsiveImages": "Abilita immagini reattive",
        "enableResponsiveImagesInfo": "Abilita questa opzione se desideri creare immagini responsive con risoluzioni dello schermo diverse a seconda dei dispositivi. I punti di interruzione sono definiti tramite il file config.json del tema.",
        "enableRSSFeed": "Abilita feed RSS",
        "enableSharingButtons": "Abilita pulsanti di condivisione",
        "enableSpellchecker": "Abilita il controllo ortografico",
        "errorPage": "Pagina di errore:",
        "errorPageFilenameCannotBeEmpty": "Il nome del file della pagina di errore non può essere vuoto.",
        "errorPageFilenameCannotEqualSearchPageFilename": "Il nome del file della pagina di errore non può essere uguale a quello della pagina di ricerca.",
        "errorPageTitleVariables": "Nel titolo puoi utilizzare le seguenti variabili: %sitename.",
        "excludedFiles": "File esclusi",
        "excludeFeaturedPosts": "Escludi i post in primo piano",
        "excludeFilesFromSitemapInfo": "Digita un elenco separato da virgole di file HTML o cartelle da escludere dalla mappa del sito.<br>Ad esempio: <strong>questo-file.html,questa-cartella</strong>.",
        "experimentalFeaturesWarning": "Siamo sempre alla ricerca di modi per migliorare la nostra app. Questa sezione contiene funzionalità sperimentali progettate per estendere le funzionalità di Publii. Dal momento che sono sperimentali non possiamo garantire che funzioneranno correttamente. Attivala a tuo rischio.",
        "experimentalFeatureAppUiLanguages": "Traduzioni Publii UI",
        "experimentalFeatureAppUiLanguagesDesc": "Questa funzione consente di gestire le traduzioni dell'interfaccia utente di Publii nella sezione 'Lingue' disponibile nel menu dell'applicazione (menu a tre punti).",
        "experimentalFeatureAppAutoBeautifySourceCode": "Migliora (ordina) automaticamente il codice nell'editor WYSIWYG",
        "experimentalFeatureAppAutoBeautifySourceCodeDesc": "Questa funzione migliora automaticamente il codice sorgente nell'editor WYSIWYG",
        "externalImages": "Immagini esterne",
        "externalPage": "Pagina esterna",
        "facebook": "Facebook",
        "facebookAppID": "Facebook App ID",
        "facebookAppIDInfo": "Leggi come ottenere <a href=\"https://developers.facebook.com/docs/apps/\" target=\"_blank\" rel=\"noopener noreferrer\">Facebook App ID</a>.",
        "fallbackImage": "Immagine di anteprima",
        "fallbackLogoImage": "Immagine del logo",
        "fallbackLogoImageInfo": "Il logo deve rientrare nel formato 60 × 600 pixel.",
        "featuredPostsOrderBy": "Post in primo piano ordinati per:",
        "featuredPostsOrdering": "Ordinamento Post in primo piano:",
        "feedTitle": "Titolo del feed:",
        "filesLocation": "Posizione dei file",
        "footerText": "Testo a piè di pagina",
        "frontpage": "Prima pagina",
        "GDPR": "GDPR",
        "gdprBehaviourInfo": "Ricorda di inserire un collegamento a questo URL personalizzato all'interno del sito (ad es. <a href=\"#cookie-settings\">Preferenze cookie</a>). In caso contrario gli utenti del sito potrebbero non essere in grado di modificare le proprie preferenze sui cookie.",
        "gdprTitle": "Titolo banner",
        "generateOpenGraphTags": "Genera tag Open Graph",
        "generateTwitterCards": "Genera Twitter card",
        "googleAnalyticsTrackingID": "ID di monitoraggio di Google Analytics",
        "hiddenPostsOrderBy": "Post nascosti ordinati per:",
        "hiddenPostsOrdering": "Ordinamento Post nascosti:",
        "hideCustomExcerptsOnPostPages": "Nascondi gli estratti personalizzati nelle pagine dei post",
        "hideCustomExcerptsOnPostPagesInfo": "Se questa opzione è abilitata le tue pagine di post non visualizzeranno il testo che è posizionato sopra l'elemento \"Leggi tutto\" nell'editor di post.",
        "homepageNoIndexPagination": "Se questa opzione è abilitata eventuali file di paginazione della home verranno esclusi dalla mappa del sito e verranno aggiunti i metatag robots <strong>noindex, follow</strong>.",
        "homepagePagination": "Paginazione della home page",
        "howToPrepareYourThemeForGDPRInfo": "L'abilitazione del popup dei cookie GDPR potrebbe richiedere alcune modifiche aggiuntive al tema, soprattutto se si utilizzano script di terze parti. <a href=\"https://getpublii.com/dev/prepare-theme-gdpr-compliant/\" target=\"_blank\" rel=\"noopener noreferrer\">Leggi come preparare il tuo tema per il GDPR </a>.",
        "imageResizeEngineInfo": "Il motore di ridimensionamento Sharp è molto più veloce del motore Jimp, ma può causare problemi con alcune immagini. Se riscontri problemi durante la creazione o la rigenerazione delle miniature, prova a passare a Jimp. Se desideri utilizzare le immagini WebP dovrai utilizzare Sharp. Si noti che Sharp non è disponibile su Linux.",
        "imagesResizeEngine": "Motore di ridimensionamento delle immagini:",
        "indentSize": "Dimensione indentazione (spazi)",
        "internalPage": "Pagina del sito",
        "leaveBlankForDefaultBackupsDir": "Lascia vuoto per utilizzare la cartella di backup predefinita",
        "leaveBlankForDefaultPreviewDirectory": "Lascia vuoto per utilizzare la carella di anteprima predefinita",
        "leaveBlankToUseDefaultPageTitle": "Lascia vuoto per utilizzare il titolo della pagina predefinito",
        "leaveBlankToUseDefaultSitesDir": "Lascia vuoto per utilizzare la cartella dei siti predefinita",
        "lightMode": "Modalità light",
        "linkedIn": "LinkedIn",
        "linkLabel": "Etichetta del link",
        "loadAtStart": "Carica all'apertura:",
        "metaDescription": "Meta Description:",
        "metaRobots": "Meta Robot:",
        "noIndexWebsite": "Sito non indicizzato",
        "notSelected": "Non selezionato",
        "numberOfPostsInFeed": "Numero di post nel feed",
        "openDevtoolsInMainW": "Apri automaticamente gli strumenti di sviluppo nella finestra principale",
        "openGraph": "Open Graph",
        "openLastUsedWebsite": "Apri l'ultimo sito web utilizzato",
        "openPopupWindowBy": "Modalità di apertura della finestra popup",
        "optionsForDevelopers": "Opzioni per gli sviluppatori",
        "optionsForEditors": "Opzioni editor",
        "optionsForExperimentalFeatures": "Caratteristiche sperimentali",
        "ordering": {
            "authorASC": "Autore (crescente)",
            "authorDESC": "autore (decrescente)",
            "createdASC": "Data di creazione (crescente)",
            "createdDESC": "Data di creazione (decrescente)",
            "idASC": "ID (crescente)",
            "idDESC": "ID (decrescente)",
            "modifiedASC": "Data di modificata (crescente)",
            "modifiedDESC": "Data di modificata (decrescente)",
            "nameASC": "Nome (crescente)",
            "nameDESC": "Nome (decrescente)",
            "postsCounterASC": "Numero di post (crescente)",
            "postsCounterDESC": "Numero di messaggi (decrescente)",
            "titleASC": "Titolo (crescente)",
            "titleDESC": "Titolo (decrescente)"
        },
        "pageName": "Nome della pagina",
        "pageTitle": "Titolo della pagina:",
        "pageTitleVariables": "Nel titolo puoi utilizzare le seguenti variabili: %posttitle, %sitename, %authorname",
        "paginationPhrase": "Prefisso di paginazione:",
        "paginationPhraseCannotBeEmpty": "Il prefisso di paginazione non può essere vuoto.",
        "paginationPhraseInfo": "Specifica il prefisso che appare prima del numero di pagina negli URL, es. <strong>https://example.com/tags/tag-slug/PAGINA/2</strong>.<br>",
        "password": {
            "alwaysAskForPassword": "Chiedi sempre la password",
            "hidePassword": "Nascondi password",
            "password": "Password",
            "passwordFieldCantBeEmpty": "La password non può essere vuota.",
            "showPassword": "Mostra password"
        },
        "pinterest": "Pinterest",
        "postCreationDate": "Data di creazione",
        "postID": "ID",
        "postModificationDate": "Data di modifica",
        "postPageTitleVariables": "Nel titolo puoi utilizzare le seguenti variabili: %posttitle, %sitename, %authorname.",
        "postsListing": "Elenco dei post",
        "postsOrderBy": "Ordina i Post per:",
        "postsOrdering": "Ordinamento post:",
        "postTile": "Titolo",
        "previewLocation": "Anteprima",
        "previewLocationChangedConfirmMsg": "La posizione di archiviazione dell'anteprima è stata modificata. Tieni presente che i file esistenti in questa cartella verranno eliminati quando viene creata un'anteprima del tuo sito Web.",
        "privacyPolicyPage": "Scegli il post dell'informativa",
        "privacyPolicyPageURL": "URL dell'informativa",
        "privacyPolicyURL": "Link dell'informativa",
        "provideFacebookAppID": "Specifica la <a href=\"https://developers.facebook.com/docs/apps/\" target=\"_blank\" rel=\"noopener noreferrer\">Facebook App ID </a>",
        "random": "Casuale",
        "relatedPostsOptions": "Post correlati da tutti i Tag",
        "relatedPostsOptionsInfo": "Se abilitato i Post correlati verranno generati da tutti i Tag. Se disabilitato i Post correlati verranno generati solo dagli stessi Tag del post corrente.",
        "relatedPostsOrdering": "Ordinamento Post correlati:",
        "relatedPostsSelectionMechanism": "Meccanismo di selezione dei Post correlati:",
        "removeHTMLComments": "Rimuovi i commenti HTML",
        "responsiveImagesQuality": "Qualità delle immagini reattive",
        "RSSJSONFeed": "Feed RSS/JSON",
        "saveButtonLabel": "Etichetta del pulsante Salva",
        "saveSearchStateInfo": "Se abilitato Publii salverà i risultati della ricerca corrente anche durante la creazione di un nuovo post, consentendoti di tornare all'elenco. Per impostazione predefinita, Publii salva i risultati di ricerca solo quando si apre un post da modificare.",
        "requiresRestartingApp": "Richiede il riavvio di Publii",
        "saveSettings": "Salva le impostazioni",
        "searchPage": "Pagina di ricerca:",
        "searchPageFilenameCannotBeEmpty": "Il nome del file della pagina di ricerca non può essere vuoto.",
        "searchPageTitleVariables": "Nel titolo puoi utilizzare le seguenti variabili: %sitename",
        "selectedDirInvalid": "La cartella selezionata non esiste.",
        "selectPage": "Seleziona pagina",
        "showFeaturedImage": "Mostra l'immagine in primo piano",
        "showFeaturedImageInfo": "Mostra l'immagine in primo piano di un post nel feed.",
        "showFullText": "Mostra il testo completo",
        "showFullTextInFeedInfo": "Visualizza il testo completo del post nel feed.",
        "showModificationDateAsColumn": "Mostra la data di modifica come colonna",
        "showOnlyFeaturedPosts": "Mostra solo i post in primo piano",
        "showPostSlugsOnTheListing": "Mostra i post slug nell'elenco",
        "sitemap": "Sitemap",
        "sitemapLinkInfo": "Puoi trovare sitemap del sito XML qui <a href=\"{sitemapLink}\" class=\"sitemap-external-link\" target=\"_blank\" rel=\"noopener noreferrer\">sitemap.xml</ a>",
        "siteSettings": "Impostazioni",
        "siteSettingsSaveDuplicateNameErrorMessage": "Il nome del sito è già in uso. Prova con un altro nome.",
        "siteSettingsSaveEmptyNameErrorMessage": "Il nome del sito non può essere vuoto. Inserisci un nome.",
        "siteSettingsSaveNoKeyringErrorMessage": "Publii non può salvare le impostazioni a causa di un problema con il software di archiviazione password sicure. Riavvia l'applicazione e riprova. Se il problema persiste, segnalalo al nostro team tramite il forum della community.",
        "siteSettingsSaveNoKeyringErrorMessageLinux": "Publii non può salvare le impostazioni poiché non è installato alcun software di archiviazione password sicure. Segui le istruzioni di installazione per Node Keytar tramite https://github.com/atom/node-keytar/ e riprova. Molto probabilmente i pacchetti libsecret-1-dev e gnome-keyring mancano nel tuo sistema.",
        "siteSettingsSaveSiteNotExistsErrorMessage": "Il sito non esiste. Si prega di riavviare l'applicazione.",
        "siteSettingsSaveSuccessMessage": "Le impostazioni del sito sono state salvate correttamente.",
        "sitesLocation": "Siti web",
        "sitesLocationChangedConfirmMsg": "La posizione di salvataggio dei siti web è stata modificata. Eventuali file esistenti nella nuova cartella di destinazione verranno eliminati prima del trasferimento; vuoi continuare?",
        "spellcheckerDoesNotSupportLanguage": "Il correttore ortografico non supporta la lingua del sito web selezionato. Ti consigliamo di disabilitare questa funzione.",
        "system": "System",
        "systemColors": "Usa i colori di sistema",
        "tagPages": "Pagine dei Tag",
        "tagPageTitleVariables": "Nel titolo puoi utilizzare le seguenti variabili: %tagname, %sitename.",
        "tagPrefix": "Prefisso tag:",
        "tagPrefixInfo": "Specifica il prefisso che appare prima del tag negli URL, es. <strong>https://example.com/PREFISSO_TAG/tag-slug</strong>.<br>Questo prefisso viene utilizzato anche per generare la pagina dell'elenco dei tag (se supportata nel tuo tema), ad es. <strong>https://example.com/PREFISSO_TAG/index.html</strong>.",
        "tagsListPage": "Pagina elenco tag",
        "tagsListPageTitleVariables": "Nel titolo poi utilizzae le seguenti variabili: %sitename.",
        "tagsPrefixCannotBeEmpty": "Il prefisso dei tag non può essere vuoto se pretty URL è abilitato.",
        "themeDoesNotHaveSupportedFeaturesList": "<p>Il file <strong>config.json</strong> del tuo tema non contiene la sezione <strong>supportedFeatures</strong>. Aggiorna il tema o modificalo per includere messaggi sulle funzionalità che non sono supportate. <a href=\"https://getpublii.com/dev/theme-supported-features\" target=\"_blank\" rel=\"noopener noreferrer\">Ulteriori informazioni sulle funzioni supportate</a>.< /p>",
        "themeDoesNotSupport404ErrorPage": "Il tuo tema non supporta la pagina di errore 404.",
        "themeDoesNotSupportErrorPages": "Il tuo tema non supporta le pagine di errore",
        "themeDoesNotSupportSearchPages": "Il tema attuale non supporta le pagine di ricerca",
        "themeDoesNotSupportTagsListPage": "Il tuo tema non supporta una pagina di elenco dei tag.",
        "themePrimaryColor": "Colore primario del tema",
        "timeFormat": "Formato dell'ora:",
        "toViewSitemapEnableIndexingInfo": "Per visualizzare le impostazioni della mappa del sito disabilitare l'opzione \"Chiedi ai motori di ricerca di non indicizzare questo sito Web\" nella scheda Impostazioni SEO; in caso contrario la mappa del sito non verrà generata.",
        "tumblr": "Tumblr",
        "twitter": "Twitter",
        "twitterCards": "Twitter Card",
        "twitterUsername": "Username di Twitter",
        "twitteSummaryCard": "Scheda riepilogativa",
        "twitteSummaryCardLargeImage": "Scheda riepilogativa con immagine grande",
        "urls": "URL",
        "useAsTitlePageTitle": "Utilizza il nome del sito",
        "useAsTitlePageTitleInfo": "Quando questa opzione è abilitata i metatag og:title e twitter:title conterranno oltre al titolo della pagina anche il nome del sito.",
        "useGlobalConfiguration": "Usa la configurazione globale",
        "useOnlyTags": "Usa Tag",
        "useOnlyTitles": "Usa Titoli",
        "usePrettyURLs": "Usa Pretty URL",
        "usePrettyURLsInfo": "Se questa opzione è abilitata gli URL dei tuoi post non conterranno il suffisso .html, ad es. da <strong>https://example.com/post.html</strong> a <strong>https://example.com/post/</strong>.",
        "useSiteGlobalSettings": "Usa le impostazioni globali",
        "useTitlesAndTags": "Usa Titoli e Tag",
        "usewideScrollbars": "Usa barre di scorrimento larghe",
        "versionParameter": "Parametro di versione",
        "versionParameterInfo": "Aggiunge un parametro di versione negli URL CSS/JS per saltare la cache del browser. Questa opzione può aumentare il numero di file che saranno sincronizzati durante la pubblicazione del sito.",
        "websiteSpeed": "Velocità del sito",
        "whatsApp": "WhatsApp"
    },
    "site": {
        "addNewWebsite": "Crea un nuovo sito",
        "cloneWebsite": "Clona il sito web",
        "cloneWebsiteSuccessMsg": "Il sito web è stato clonato. Sei passato a",
        "createNewWebsite": "Crea un nuovo sito",
        "createWebsite": "Crea sito web",
        "createYourFirstWebsite": "Crea il tuo primo sito web",
        "creationInProgress": "Creazione in corso...",
        "deleteWebsite": "Elimina sito web",
        "deleteWebsiteConfirmMsg": "Vuoi davvero rimuovere questo sito web? Questa azione non può essere annullata.",
        "deleteWebsiteCSuccessMsg": "Il sito web è stato rimosso.",
        "deleteWebsiteSuccessMsg": "Il sito web è stato rimosso. Sei passato a",
        "duplicateWebsite": "Sito duplicato",
        "erroOcurredDuringSiteDatabaseCreationInfo": "Si è verificato un errore durante la creazione del database del sito. Controlla il tuo software antivirus e riprova. Potrebbe anche essere necessario rimuovere la cartella del sito Web non valido dalla cartella dei siti Publii.",
        "installFromBackup": "Installa da backup",
        "removeWebsite": "Rimuovi sito web",
        "selectedBackupFile": "File di backup selezionato",
        "siteLoadingErrorMsg": "Si è verificato un errore durante il caricamento del sito web selezionato. Si prega di verificare i file del sito web e riprovare.",
        "siteName": "Nome del sito:",
        "siteSettingsSaveSuccessMsg": "Le impostazioni del sito sono state salvate correttamente.",
        "siteWithThisNameExists": "Esiste già un sito che utilizza questo nome!",
        "specifyNameForWebsiteDuplicate": "Specificare il nuovo nome per il sito web duplicato:",
        "websiteAuthorRequired": "il nome dell'autore è obbligatorio e deve contenere lettere",
        "websiteName": "Nome del sito web",
        "websiteNameAlreadyInUseMsg": "Il nome selezionato è utilizzato da un altro sito web. Per favore riprova.",
        "websiteNameCantBeEmpty": "Il nome del sito web non può essere vuoto. Per favore riprova.",
        "websiteNameRequired": "È richiesto un nome sito",
        "websiteNotFound": "Sito web non trovato"
    },
    "sync": {
        "accessID": "Access ID",
        "accessIDFieldCantBeEmpty": "Il campo Access ID non può essere vuoto",
        "acl": "ACL",
        "afterInitialSyncSiteWillBeAvailableOnline": "Dopo la sincronizzazione iniziale, il tuo sito web sarà disponibile online",
        "allFilesUploadedPart1": "Tutti i file sono stati caricati con successo sul tuo server. ",
        "allFilesUploadedPart2": "Visita il tuo sito web cliccando il pulsante qui sotto.",
        "apiRateLimiting": "API rate limiting",
        "apiRateLimitingNote": "Disabilita questa opzione solo se stai utilizzando GitHub Enterprise con API rate limiting disabilitata. In caso contrario la disabilitazione di questa opzione può causare errori di distribuzione.",
        "apiServer": "API Server",
        "apiServerNote": "Modifica questo valore solo se stai utilizzando la tua istanza GitHub (edizione Enterprise).",
        "authenticationMethod": "Metodo di autenticazione",
        "branch": "Branch",
        "branchExampleGitHubNote": "Esempi <strong>gh-pages</strong>, <strong>docs</strong> or <strong>main</strong>.",
        "branchExampleGitLabeNote": "Esempi <strong>docs</strong>, <strong>main</strong> or <strong>master</strong>.",
        "branchFieldCantBeEmpty": "Il campo Branch non può essere vuoto",
        "bucket": "Bucket",
        "bucketFieldCantBeEmpty": "Il campo Bucket non può essere vuoto",
        "certificates": "Certificati",
        "changeServerType": "Cambia tipo di server",
        "checkingConnection": "Verifica la connessione...",
        "clickToChangeDeploymentMethod": "Fare clic per modificare il metodo di distribuzione attualmente utilizzato",
        "configureServer": "Configura il server",
        "connectedToServer": "Collegato al server",
        "connectingToServer": "Connessione al server...",
        "connectionToServerErrorAdditionalMessage": "Si è verificato un errore durante la connessione al server",
        "connectionToServerErrorMessage": "Si è verificato un errore durante la connessione al server. Si prega di controllare le impostazioni del server o riprovare.",
        "connectionToServerErrorText": "Si è verificato un errore durante la connessione al server...",
        "connectToServerCantStoreFilesErrorMsg": "Errore! L'applicazione è riuscita a connettersi al server ma non è stata in grado di archiviare i file. Si prega di controllare i permessi dei file sul server",
        "connectToServerErrorMsg": "Errore! L'applicazione non è riuscita a connettersi al tuo server.",
        "connectToServerSuccessMsg": "Perfetto! L'applicazione è riuscita a connettersi al tuo server.",
        "deploymentMethodFtpMsg": "Il protocollo FTP utilizza una trasmissione non crittografata, il che significa che qualsiasi dato inviato con esso, inclusi nome utente e password, potrebbe essere letto da chiunque possa intercettare la tua trasmissione. Se possibile si consiglia vivamente di utilizzare i protocolli FTPS o SFTP.",
        "deploymentMethodGithubPagesMsg": "Per informazioni dettagliate su come configurare un sito web utilizzando GitHub Pages consulta la <a href=\"https://getpublii.com/docs/host-static-website-github-pages.html\" target=\"_blank \" rel=\"noopener noreferrer\">documentazione</a>.",
        "deploymentMethodGithubPagesNote": "Questo sarà il percorso del tuo repository GitHub che dovrebbe utilizzare il seguente formato <strong>TUO_USERNAME.github.io/TUO_REPOSITORY_NAME</strong>.<br>Se stai utilizzando un nome di dominio personalizzato imposta questo campo solo sul nome di dominio personalizzato .",
        "deploymentMethodGitlabPagesMsg": "Per informazioni dettagliate su come configurare un sito web utilizzando GitLab Pages consulta la <a href=\"https://getpublii.com/docs/host-static-website-gitlab-pages.html\" target=\"_blank online di Publii \" rel=\"noopener noreferrer\">documentazione</a>.",
        "deploymentMethodGoogleCloudMsg": "Per informazioni dettagliate su come configurare un sito web utilizzando Google Cloud consulta la <a href=\"https://getpublii.com/docs/make-static-website-google-cloud.html\" target=\"_blank \" rel=\"noopener noreferrer\">documentazione</a>.",
        "deploymentMethodNetlifyMsg": "Per informazioni dettagliate su come configurare un sito web utilizzando Netlify consulta la <a href=\"https://getpublii.com/docs/build-a-static-website-with-netlify.html\" target=\" _blank\" rel=\"noopener noreferrer\">documentazione</a>.",
        "deploymentMethodS3Msg": "Per informazioni dettagliate su come configurare un sito web utilizzando S3 consulta la <a href=\"https://getpublii.com/docs/setup-static-website-hosting-amazon-s3.html\" target=\" online di Publii _blank\" rel=\"noopener noreferrer\">documentazione</a>.",
        "deploymentSettingDatHyperIpfsProtocolNote": "I protocolli \"dat://\", \"hyper://\", \"dweb://\" and the \"ipfs://\" sono utili solo se hai intenzione di utilizzare il tuo sito web su Reti P2P. Ulteriori informazioni su <a href=\"https://datproject.org/\" target=\"_blank\" rel=\"noopener noreferrer\">dat://</a>, <a href=\"https://hypercore-protocol.org/\" target=\"_blank\" rel=\"noopener noreferrer\">hyper://</a>, <a href=\"https://dwebx.org/\" target=\"_blank\" rel=\"noopener noreferrer\">dweb://</a> e <a href=\"https://ipfs.io/\" target=\"_blank\" rel=\"noopener noreferrer\">IPFS</a>",
        "deploymentSettingDoubleSlashProtocolNote": "Nota: durante l'utilizzo di \"//\" come protocollo alcune funzionalità come i tag Open Graph, i pulsanti di condivisione, ecc. non funzioneranno correttamente.",
        "deploymentSettingFileProtocolNote": "Il protocollo \"file://\" è utile solo se si utilizza il metodo di distribuzione manuale per i siti web intranet.",
        "deploymentSettingRelativeUrlsNote": "Nota: durante l'utilizzo di URL relativi alcune funzionalità come i tag Open Graph, sitemap, feed RSS, feed JSON, ecc. verranno disabilitate.",
        "destinationServerNotConfiguredErrorMessage": "Il tuo sito web non può essere attualmente sincronizzato perché il server di destinazione non è stato configurato correttamente. <br>Controlla le impostazioni del tuo server per assicurarti che siano state inserite le informazioni corrette.",
        "destinationServerNotConfiguredErrorText": "Assicurati che il server di destinazione sia configurato correttamente.",
        "domainNameNotSetErrorMessage": "Al momento non è possibile sincronizzare il tuo sito web perché le impostazioni sembrano prive del nome di dominio. <br>Controlla le impostazioni del tuo server per assicurarti che sia stato inserito un nome di dominio.",
        "domainNameNotSetErrorText": "Assicurati che il nome di dominio sia impostato.",
        "duringSyncYouCantChangeFilesLocation": "Le posizioni dei file non possono essere modificate durante il processo di sincronizzazione.",
        "fieldIsCaseSensitive": "Questo campo fa distinzione tra maiuscole e minuscole.",
        "filesNotSyncedErrorMessage": "Controlla il file hard-upload-errors-log.txt in: Strumenti e Plugin > Visualizzazione di log.",
        "filesNotSyncedErrorText": "Alcuni file non sono stati sincronizzati correttamente.",
        "ftp": "FTP",
        "ftps": "FTPS",
        "ftpWithSSLTLS": "FTP con SSL/TLS",
        "generatePreviewFiles": "Genera file di anteprima",
        "getWebsiteFiles": "Scarica i file del sito web",
        "githubPages": "Pagine GitHub",
        "githubSyncedPart1": "Le modifiche alle pagine GitHub potrebbero non essere visibili per alcuni minuti dopo il completamento della distribuzione,",
        "githubSyncedPart2": "quindi per favore sii paziente.",
        "gitlabPages": "Pagine GitLab",
        "gitlabSyncedPart1": "Le modifiche alle pagine GitLab potrebbero non essere visibili per alcuni minuti dopo il completamento della distribuzione,",
        "gitlabSyncedPart2": "quindi per favore sii paziente.",
        "googleCloud": "Google Cloud",
        "googleCloudPrefixNote": "Il tuo sito web potrebbe essere inserito in una sottocartella. Si prega di non utilizzare barre all'inizio del nome del prefisso (ad esempio <strong>/blog/</strong>) poiché sarà creata una cartella aggiuntiva vuota. Esempio di prefisso corretto: <strong>blog</strong>.",
        "goToAppSettings": "Vai alle impostazioni dell'App",
        "goToSettings": "Vai alle impostazioni",
        "keyFile": "Key file",
        "lastRendered": "Ultimo rendering",
        "lastSync": "Ultima sincronizzazione",
        "leaveBlankToUseDefaultOutputDirectory": "Lascia vuoto per utilizzare la cartella di output predefinita",
        "manualDeployment": "Distribuzione manuale",
        "manualOutputFieldCantBeEmpty": "La selezione dell'output manuale non può essere vuoto",
        "ManualUpload": "Caricamento manuale",
        "netlify": "Netlify",
        "netlifyToken": "Netlify token",
        "nonCompressedCatalog": "Catalogo non compresso",
        "note": "Note:",
        "operationsDone": "operazioni concluse",
        "outputDirectory": "Cartella di destinazione",
        "outputDirectoryNote": "Publii creerà il catalog/file {siteName} nella cartella selezionata. Se esiste, verrà sostituito con i nuovi file.",
        "outputType": "Tipo di output",
        "outputTypeNote": "Publii genererà un catalogo o un archivio ZIP/TAR del tuo sito web. Quindi puoi caricare questi file manualmente su qualsiasi server di destinazione.",
        "parallelUploads": "Caricamenti paralleli",
        "parallelUploadsNote": "Più operazioni parallele possono causare errori di caricamento su connessioni Internet lente o riscontrare un errore 403 a causa dei limiti di velocità dell'API.",
        "passphraseForKey": "Passphrase per la chiave",
        "passphraseForKeyNote": "Utilizzare questo campo solo se la chiave necessita di una passphrase",
        "port": "Porta",
        "portFormatNote": "Il campo Porta non può essere vuoto e deve essere un numero intero positivo compreso tra 1 e 65535.",
        "prefix": "Prefisso",
        "preparationError": "Errore di preparazione",
        "preparedToUpload": "Pronto per l'upload",
        "preparingFiles": "Preparazione dei file",
        "previewCatalogDoesNotExistInfo": "Il catalogo di anteprima non esiste. Vai alle Impostazioni dell'App e seleziona prima la cartella di anteprima corretta.",
        "previewChanges": "Visualizza l'anteprima",
        "provideAccessData": "Fornire dati di accesso",
        "provideFTPPasswordFor": "Si prega di fornire la password FTP per",
        "provideFTPPasswordForServer": "Si prega di fornire la password FTP per il seguente server",
        "region": "Regione",
        "regionFieldCantBeEmpty": "La selezione della Regione non può essere vuota",
        "remotePath": "Percorso remoto",
        "remotePathMatchServerOrRootPathNote": "Il percorso dovrebbe corrispondere al percorso del tuo server, ad es. public_html/, public_html/blog/ o il percorso principale, ad es. /home/nomeutente/html_pubblico/.",
        "remotePathMatchServerRootPathNote": "Il percorso dovrebbe corrispondere al percorso principale del server, ad es. /public_html/, /public_html/blog/.",
        "repository": "Repository",
        "repositoryFieldCantBeEmpty": "Il campo del repository non può essere vuoto",
        "requireCertificateForConnection": "Richiedi un certificato valido per la connessione",
        "requireFTPPassAlwaysOnSync": "Richiedi la password FTP ogni volta che sincronizzi il tuo sito",
        "s3CompatibleStorage": "S3 compatible storage",
        "s3PrefixNote": "Il tuo sito web potrebbe essere inserito in una sottocartella. Si prega di evitare di utilizzare barre all'inizio del nome del prefisso (ad esempio <strong>/blog/</strong>), poiché si creerà una cartella aggiuntiva con il nome vuoto. Esempio di prefisso corretto <strong>blog/</strong>.",
        "s3ProviderEndpoint": "S3 Provider endpoint",
        "s3ProviderEndpointNote": "L'endpoint personalizzato non può essere vuoto quando \"Utilizza un provider S3 personalizzato\" è impostato su true",
        "secretKey": "Secret key",
        "secretKeyFieldCantBeEmpty": "Il campo Secret key non può essere vuoto",
        "selectServerType": "Seleziona il tipo di server:",
        "serverFieldCantBeEmpty": "Il campo del server non può essere vuoto.",
        "serverGitLabNote": "Modifica questo valore solo se stai utilizzando la tua istanza GitLab.",
        "serverSettingsSaveErrorMsg": "Publii non può salvare le impostazioni a causa di un problema con il software di archiviazione password sicure. Riavvia l'applicazione e riprova. Se il problema persiste, segnalalo al nostro team tramite il forum della community.",
        "serverSettingsSaveLinuxErrorMsg": "Publii non può salvare le impostazioni poiché non è installato alcun software di archiviazione password sicure. Segui le istruzioni di installazione per Node Keytar tramite https://github.com/atom/node-keytar/ e riprova. Molto probabilmente i pacchetti libsecret-1-dev e gnome-keyring mancano nel tuo sistema.",
        "serverSettingsSaveSuccessMsg": "Le impostazioni del server sono state salvate con successo.",
        "settings": "Impostazioni",
        "sftp": "SFTP",
        "sftpkeyNote": "Si prega di selezionare il key file",
        "sftpWithKey": "SFTP (con chiave)",
        "sftpWithPassword": "SFTP (con password)",
        "siteFieldCantBeEmpty": "Il campo ID sito non può essere vuoto",
        "siteID": "ID sito",
        "siteIsInSync": "Il sito è sincronizzato",
        "syncFTPNoPassowrdMsg": "Il tuo sito web non può essere sincronizzato senza la password. Per favore riprova",
        "syncInProgress": "Sincronizzazione in corso",
        "syncInProgressMessage": "Durante il processo di sincronizzazione non è possibile modificare il nome del sito.",
        "syncYourWebsite": "Sincronizza il sito web",
        "tarArchive": "Archivio TAR",
        "testConnection": "Test di connessione",
        "testConnectionNoPassowrdMsg": "Non è possibile testare la connessione senza la password. Per favore riprova",
        "token": "Token",
        "tokenFieldCantBeEmpty": "Il campo Token non può essere vuoto",
        "uploadingWebsite": "Upload del sito web",
        "useCustomS3Provider": "Usa un provider S3 personalizzato",
        "useCustomS3ProviderNote": "Nota: AWS è il provider S3 predefinito. Quando si utilizza un provider alternativo, è necessario compilare il campo \"S3 provider endpoint\".",
        "useFtps": "Usa FTP con SSL/TLS",
        "useRelativeURLs": "Usa URL relativi",
        "username": "Nome utente",
        "usernameFieldCantBeEmpty": "Il campo del nome utente non può essere vuoto.",
        "usernameOrganization": "Nome utente / Organizzazione",
        "visitWebsite": "Visita il sito web",
        "visitYourWebsite": "Visita il tuo sito web",
        "websiteFilesPreparedInfo": "I file del tuo sito web sono stati preparati. Usa il pulsante \"Scarica i file del sito Web\" qui sotto <br>per ottenere i tuoi file e distribuirli manualmente.",
        "websiteLinkInvalidMsg": "Attenzione! Il collegamento al sito web sembra non essere valido.",
        "websiteSynchronization": "Sincronizzazione del sito web",
        "websiteSynchronizationInfo": "Eventuali file duplicati o nomi file già esistenti nel percorso di destinazione <br>che corrispondono ai file generati da Publii verranno sovrascritti.",
        "websiteURL": "URL del sito",
        "youHaventSelectedAnyThemeInfo": "Non hai selezionato alcun tema. Per favore vai alle Impostazioni e seleziona il tema.",
        "yourJSONKey": "Chiave JSON",
        "yourJSONKeyFieldCantBeEmpty": "La chiave JSON non può essere vuota",
        "yourPrivateKey": "Private key",
        "yourWebsiteIsInSync": "Il tuo sito web è ora sincronizzato",
        "zipArchive": "Archivio ZIP"
    },
    "tag": {
        "addNewTag": "Aggiungi nuovo tag",
        "addThisAsNewTag": "Aggiungi questo come nuovo tag",
        "createFirstTag": "Non hai ancora nessun tag. Creiamo il primo!",
        "editTag": "Modifica tag",
        "filterOrSearchTags": "Filtra o cerca tag...",
        "hideTag": "Nascondi tag",
        "leaveBlankToUseDefaultTagPageURL": "Lascia vuoto per utilizzare un URL di tag predefinito",
        "mainTag": "Tag principale",
        "newTagHasBeenCreated": "È stato creato un nuovo tag",
        "noMainTagForPostMsg": "Se il post ha più tag ma non è stato impostato il tag principale, verrà utilizzato per impostazione predefinita il primo tag in ordine alfabetico.",
        "noSupportFoFeaturedImagesForTags": "Il tuo tema non supporta le immagini in primo piano per i tag.",
        "noTagsAvailable": "Nessun tag disponibile",
        "noTagsMatchingYourCriteria": "Non ci sono tag corrispondenti ai tuoi criteri.",
        "removeTagMessage": "Vuoi davvero rimuovere i tag selezionati?",
        "removeTagSuccessMessage": "I tag selezionati sono stati rimossi",
        "saveAndPreviewNotAvailableDueToNoSupportForTagPagesInTheme": "L'opzione \"Salva e anteprima\" non è disponibile poiché il tuo tema non supporta le pagine dei tag.",
        "selectTag": "Seleziona un tag",
        "selectTagPage": "Seleziona la pagina dei tag",
        "tag": "Tag",
        "tagDataParsingErrorMessage": "Si è verificato un errore durante l'analisi dei dati del tag per ID",
        "tagHasBeenEdited": "Il tag è stato modificato",
        "tagIsNotAllowed": "Questo tag non è consentito",
        "tagLink": "Link a un Tag",
        "tagName": "Tag:",
        "tagNameCannotBeEmptyErrorMessage": "Il nome del tag non può essere vuoto. Inserisci un nome per il tag.",
        "tagNameInUseErrorMessage": "Il nome del tag fornito è in uso. Prova con un altro tag.",
        "tagNameNotAllowedErrorMessage": "Il nome/slug del tag selezionato non è consentito.",
        "tagNameSimilarInUseErrorMessage": "Il nome del tag fornito è in uso; i nomi dei tag non fanno distinzione tra maiuscole e minuscole. Prova con un altro nome di tag.",
        "tagPage": "Pagina tag",
        "tagsListLink": "Link alla lista dei Tag",
        "tagStatusChangeSuccessMessage": "Lo stato dei tag selezionati è stato modificato",
        "tagWillNotAppearInGgeneratedTagLists": "Il tag non apparirà in nessun elenco di tag generato come post o pagine di tag.",
        "thisTagIsHidden": "Questo tag è nascosto",
        "toUseThisOptionEnableIndexingTagPages": "Per utilizzare questa opzione, abilita prima l'indicizzazione delle pagine dei tag nelle impostazioni SEO."
    },
    "theme": {
        "addThemeSuccessMessage": "Il tema è stato aggiunto con successo.",
        "authorsPostsPerPage": "Post per pagina Autori:",
        "authorsPostsPerPageInfo": "Imposta -1 se vuoi visualizzare tutti i post nella pagina autori.",
        "changeAppTheme": "Cambia il tema dell'applicazione",
        "customSettings": "Impostazioni personalizzate",
        "defaultPostTemplate": "Modello di post predefinito",
        "defaultTemplate": "Modello predefinito",
        "deleteTheme": "Elimina tema",
        "dropYourThemeHere": "Rilascia il tuo tema qui",
        "excerptLength": "Lunghezza estratto:",
        "getMoreThemes": "Ottieni altri temi",
        "goToThemesManager": "Vai al gestore dei temi",
        "installTheme": "Installa il tema",
        "leaveBlankToUseDefault": "Lascia vuoto per utilizzare il valore predefinito",
        "postOptions": "Opzioni Post",
        "postOptionsInfo": "Questa sezione consente di impostare opzioni globali valide di default per tutti i post. Le modifiche apportate influiranno quindi su tutti i post del sito. Se necessario puoi sovrascrivere queste impostazioni all'interno di ogni singolo Post dalla scheda \"Altre opzioni\".",
        "postsPerPage": "Post per pagina:",
        "postsPerPageInfo": "Imposta -1 se vuoi visualizzare tutti i post nella pagina.",
        "removeThemeMessage": "Vuoi davvero rimuovere il tema {themeName}?",
        "removeThemeSuccessMessage": "Il tema è stato rimosso con successo.",
        "resetThemeSettings": "Ripristina le impostazioni del tema",
        "saveSettingsSuccessMessage": "Le impostazioni del tema sono state salvate correttamente.",
        "selectTheme": "Seleziona il tema",
        "settingsResetMessage": "Vuoi davvero ripristinare le impostazioni del tema?",
        "settingsResetSuccessMessage": "Le impostazioni del tema sono state ripristinate.",
        "tagsPostsPerPage": "Post per pagina Tag:",
        "tagsPostsPerPageInfo": "Imposta -1 se vuoi visualizzare tutti i post nella pagina dei tag.",
        "themes": "Temi",
        "themeSettings": "Impostazioni tema",
        "translations": "Traduzioni",
        "translationsInfo": "Se hai bisogno di tradurre frasi del tema in lingue diverse dall'inglese controlla la documentazione relativa alle <a href=\"https://getpublii.com/dev/translations-api/\" target=\"_blank\" rel= \"noopener noreferrer\">API delle traduzioni</a><br><br>",
        "updateThemeSuccessMessage": "Il tema è stato aggiornato correttamente.",
        "uploadThemeErrorMessage": "I file caricati non sono corretti. Carica una cartella del tema o un file ZIP del tema.",
        "websiteLogo": "Logo del sito web:"
    },
    "tools": {
        "css": {
            "customCSS": "CSS personalizzato",
            "customCSSSaveSuccessMsg": "Il CSS personalizzato è stato salvato con successo.",
            "normal": "Normale",
            "putCustomCSSAMPComment": "Inserisci qui il tuo codice CSS personalizzato (verrà utilizzato solo in modalità AMP)",
            "putCustomCSSComment": "Inserisci qui il tuo codice CSS personalizzato"
        },
        "customHTML": "HTML personalizzato",
        "find": "Trova:",
        "findAndReplace": "Trova e sostituisci:",
        "findAndReplaceShortcut": "Ctrl + Alt + F",
        "findAndReplaceShortcutMac": "Cmd + Alt + F",
        "findShortcut": "Ctrl + F",
        "findShortcutMac": "Cmd + F",
        "goToTools": "Vai agli strumenti",
        "logFileEmpty": "Il log file è vuoto...",
        "logViewer": "Visualizzatore di log",
        "pluginActivationError": "Impossibile attivare il Plugin. Riprova",
        "pluginDeactivationError": "Impossibile disattivare il Plugin. Riprova",
        "selectFileToLoad": "Seleziona il file da visualizzare",
        "thumbnails": {
            "listRegeneratedFiles": "Elenco dei file rigenerati:",
            "processingRegenerateThumbanilsInfo": "Premendo il pulsante Rigenera miniature saranno generate nuove dimensioni dell'immagine come definito dal tuo nuovo tema.",
            "progress": "Avanzamento",
            "regenerateThumbnails": "Rigenera le miniature",
            "regenerateThumbnailsInfo": "Se hai cambiato tema o hai problemi con le tue immagini reattive puoi rigenerarle usando il pulsante qui sotto. L'operazione potrebbe richiedere del tempo se il tuo sito ha molte immagini, quindi sii paziente.",
            "regenerateThumbnailsNotNecessaryInfo": "Al momento non hai un tema selezionato per questo sito web. La rigenerazione delle miniature non è necessaria.",
            "regeneratingThumbnails": "Rigenerazione miniature...",
            "skipRegeneration": "Salta la rigenerazione",
            "themeOrThumbnailsSettingsChanged": "Le impostazioni del tema o della miniatura sono state modificate.",
            "thumbnailsCreated": "Tutte le miniature sono state create.",
            "thumbnailsRegenerationCancelled": "Rigenerazione delle miniature annullata."
        },
        "wpImport": {
            "addTagsToContentAutomaticallty": "Aggiungi automaticamente i tag <p> e <br> al contenuto del post",
            "categories": "Categorie",
            "checkingWXRFile": "Verifica del file WXR selezionato",
            "contentFormatting": "Formattazione del contenuto:",
            "duringWXRAnalyzeWeHaveFound": "Durante l'analisi WXR abbiamo trovato",
            "importAuthors": "Importa autori",
            "importData": "Importa dati",
            "importingData": "Importazione dei dati",
            "importNote": "I post saranno importati nel formato compatibile all'editor WYSIWYG.",
            "importSelectedTypesOfPosts": "Importa i tipi di post selezionati:",
            "pages": "pagine",
            "postAuthors": "Post autori",
            "selectWXRFileLabel": "Seleziona il file WXR generato da WordPress:",
            "selectWXRFilePlaceholder": "Seleziona un file WXR da importare",
            "usedTaxonomyForPosts": "Tassonomia utilizzata per i post:",
            "useMainAuthor": "Usa l'autore principale di Publii",
            "wpImporter": "Importatore WP",
            "wpImportGoToRegenerateMsg": "I tuoi dati WordPress sono stati importati. Se hai già selezionato un tema potrebbe essere necessario rigenerare le miniature."
        }
    },
    "toolsPlugin": {
        "pluginSettingsLoadError": "Si è verificato un errore durante il caricamento delle impostazioni del Plugin",
        "pluginSettingsSaveSuccess": "Impostazioni del Plugin salvate correttamente",
        "pluginSettingsSaveError": "Si è verificato un errore durante il salvataggio delle impostazioni del Plugin",
        "tabsLabel": "Impostazioni del Plugin",
        "thisPluginHasNoOptions": "Questo Plugin non ha opzioni aggiuntive..."
    },
    "ui": {
        "aboutPublii": "A proposito di Publii",
        "alternativeText": "Testo alternativo",
        "AMP": "AMP",
        "appConfiguration": "Configurazione dell'applicazione",
        "applyChanges": "Applica i cambiamenti",
        "authors": "Autori",
        "backToTools": "Torna agli strumenti",
        "backToPosts": "Post",
        "basicInformation": "Informazioni di base",
        "beautifyCode": "Ordina il codice",
        "cancel": "Annulla",
        "cancelPostWarningMsg": "Perderai tutte le modifiche non salvate. Confermi?",
        "canonicalURL": "URL canonico",
        "caption": "Didascalia",
        "checkDocumentation": "Controlla la documentazione di Publii",
        "close": "Chiudi",
        "copyToClipboard": "Copia negli appunti",
        "credits": "Crediti",
        "customLink": "URL personalizzato",
        "customTemplate": "Modello personalizzato",
        "delete": "Elimina",
        "description": "Descrizione",
        "donate": "Dona",
        "edit": "Modifica",
        "featuredImage": "Immagine in primo piano",
        "fillAllRequiredFields": "Si prega di compilare tutti i campi richiesti",
        "frontpageLink": "Link alla Home page",
        "githubRepository": "Repository GitHub",
        "goBack": "Torna indietro",
        "goToPluginCustomOptions": "Nascondi opzioni aggiuntive",
        "goToPluginStandardOptions": "Mostra opzioni aggiuntive",
        "help": "Aiuto",
        "hide": "Nascondi",
        "hideThisNotification": "Nascondi questa notifica",
        "id": "ID",
        "ifCanonicalURLIsSetMmetaRobotsTagiInored": "Se gli URL canonici sono abilitati, il tag meta robots viene ignorato.",
        "indexFollow": "index, follow",
        "indexNofollow": "index, nofollow",
        "iUnderstand": "Ok ho capito",
        "lastModified": "Ultima modifica",
        "leaveBlankToUseDefaultPageTitle": "Lascia vuoto per utilizzare un titolo di pagina predefinito",
        "linkTarget": "Target link",
        "loading": "Caricamento...",
        "menus": "Menù",
        "metaDescription": "Meta Description",
        "metaRobotsIndex": "Meta robots index",
        "minimize": "Minimizza",
        "more": "Altro",
        "moreInformationOnPublii": "Maggiori informazioni su Publii",
        "moreItems": "More items",
        "name": "Nome",
        "newWindow": "Nuova finestra",
        "noindexFollow": "noindex, follow",
        "noindexNofollow": "noindex, nofollow",
        "none": "Nessuno",
        "notAvailableInYourTheme": "Non disponibile n questo tema",
        "notSet": "Non impostato",
        "of": "di",
        "ok": "OK",
        "otherOptions": "Altre opzioni",
        "pages": "Pagine",
        "pageTitle": "Titolo della pagina",
        "pleaseFillAllRequiredFields": "Si prega di compilare tutti i campi richiesti",
        "posts": "Post",
        "preview": "Anteprima",
        "previewFrontPageOnly": "Anteprima della frontpage",
        "previewFullWebsite": "Anteprima del sito completo",
        "publiiOnGithub": "Visualizza Publii su GitHub",
        "publishAndClose": "Pubblica e chiudi",
        "publishPost": "Pubblica post",
        "renderFrontPageOnly": "Rendering della frontpage",
        "renderFullWebsite": "Rendering del sito completo",
        "reportBugInSupportdesk": "Segnala un bug tramite il nostro supporto",
        "reportIssue": "Segnala un problema",
        "sameWindow": "Stessa finestra",
        "save": "Salva",
        "saveAndClose": "Salva e chiudi",
        "saveAndPreview": "Salva & Anteprima",
        "saveAndRender": "Salva & Render",
        "saveAsDraft": "Salva come bozza",
        "saveChanges": "Salva le modifiche",
        "saveDraft": "Salva la bozza",
        "saveDraftAndClose": "Salva bozza e chiudi",
        "search": "Cerca...",
        "selectOption": "Scegli l'opzione",
        "selectWebsite": "Seleziona un sito web",
        "seo": "SEO",
        "server": "Server",
        "show": "Mostra",
        "slug": "Slug",
        "supportPublii": "Sostieni Publii e dona adesso!",
        "tags": "Tag",
        "theme": "Tema",
        "tools": "Strumenti e Plugin",
        "unhide": "Visualizza",
        "uploadInProgress": "Caricamento in corso..."
    }
}