{
    "author": {
        "addNewAuthor": "Shtoj autor të ri",
        "author": "Autori",
        "authorDataParsingErrorMessage": "Ka një problem me analizimin e të dhënave të autorit me ID: ",
        "authorHasBeenUpdated": "Përditësoi autorin",
        "authorLink": "Lidhje me autorin",
        "authorName": "Emri i autorit",
        "authorNameCannotBeEmptyErrorMessage": "Mos e lini bosh emrin e autorit. Lutemi të vendosni një emër",
        "authorNameInUseErrorMessage": "Ky emër autori po përdoret tashmë. Lutemi të provoni një emër tjetër.",
        "authorNameSimilarInUseErrorMessage": "Ky emër autori po përdoret tashmë; nuk ka dallim mes shkronjave të mëdha e të vogla. Lutemi të provoni një emër tjetër.",
        "authorPage": "Faqja e autorit",
        "authorSlugCannotBeEmpty": "Mos e lini bosh klishenë e autorit",
        "avatar": "Avatari",
        "avatarAndFeaturedImage": "Avatari dhe imazhi prezantues",
        "cannotRemoveMainAuthor": "Autori kryesor nuk mund të hiqet.",
        "changePostAuthor": "Ndryshoni autorin e postimit",
        "editAuthor": "Përpunoj autorin",
        "eMail": "Imejli",
        "filterOrSearchAuthors": "Filtroni ose kërkoni autorët...",
        "gravatarEmailWarningMessage": "Shkruani adresën e imejlit të përdorur për regjistrimin e kontos në Gravatar.",
        "mainAuthor": "Autori kryesor",
        "mainAuthorCannotBeRemoved": "Ky është autori kryesor i uebsajtit. Nuk mund të hiqet.",
        "newAuthorHasBeenCreated": "Krijoi autor të ri",
        "noAuthorsMatchingYourCriteria": "Nuk ka autorë që i plotësojnë këto kritere.",
        "removeAuthorsMessage": "Vërtet do i hiqni autorët e përzgjedhur?",
        "removeAuthorsSuccessMessage": "Hoqi autorët e përzgjedhur",
        "selectAuthor": "Përzgjidhni autorin",
        "selectAuthorPage": "Përzgjidhni faqen e autorit",
        "themeDoesNotSupportFeaturedImagesForAuthors": "Motivi juaj nuk i mundëson imazhet prezantuese për autorët",
        "whenYouUseGravatarYourSiteVisitorsWillQueryAThirdPartyServer": "Kur përdorni shërbimin Gravatar duhet ditur se vizitorët tuaj lidhen me një server të jashtëm për të parë imazhin e avatarit.",
        "toUseThisOptionEnableIndexingAuthorPages": "Më parë duhet aktivizuar indeksimi i faqeve të autorëve te parametrat SEO.",
        "useGravatarMessage": "Përdor <a href=\"https://gravatar.com/\" target=\"_blank\" rel=\"noopener noreferrer\">Gravatar </a> për avatarin e autorit",
        "useGravatarServiceMessage": "Para se të përdoret shërbimi Gravatar duhet vendosur imejli i autorit.",
        "website": "Uebsajti"
    },
    "core": {
        "archive": {
            "destinationNotExists": "Nuk ekziston destinacioni-output i përcaktuar",
            "errorDuringCreatingTAR": "Ka një problem me krijimin e arkivit TAR. Lutemi ta provoni prapë.",
            "errorDuringCreatingZIP": "Ka një problem me krijimin e arkivit ZIP. Lutemi ta provoni prapë."
        },
        "backup": {
            "destinationDirectoryDoesNotExists": "Nuk ekziston direktoria e destinuar",
            "errorDuringFileSaveProcess": "Ka një problem me procesin e regjistrimit të skedarit",
            "errorDuringReadingBackupFile": "Ka një problem me leximin e skedarit rezervë",
            "fileDoesNotExists": "Nuk ekziston skedari rezervë",
            "fileIsCorrupted": "Skedari rezervë është dëmtuar - ndërpret procesin e rikthimit.",
            "locationDoesNotExists": "Nuk ekziston vendndodhja rezervë",
            "temporaryDirectoryDoesNotExists": "Nuk ekziston direktoria e përkohshme"
        },
        "credits": {
            "errorLoadingLicenseMsg": "Ka një problem me marrjen e licensës. Lutemi ta provoni prapë."
        },
        "images": {
            "responsiveImagesDisabled": "Imazhet reaktive janë çaktivizuar nga parametrat e uebsajtit - të gjitha imazhet reaktive janë hequr."
        },
        "rendering": {
            "renderingProcessCrashed": "Procesi i shndërrimit u bllokua",
            "renderingProcessCrashedMsg": "Për më shumë informacion, kontrolloni skedarët rendering-errors.log dhe rendering-process.log te Instrumentet -> Mbikëqyrësi i protokollit.",
            "renderingProcessFailed": "Dështoi procesi i shndërrimit"
        },
        "server": {
            "branchDoesNotExist": "Nuk ekziston dega e përzgjedhur.",
            "creatingNewRemoteFilesTree": "Krijon pemën e re të skedarëve në distancë...",
            "finishingDeploymentProcess": "Përfundon procesin e publikimit...",
            "getInfoAboutLatestCommit": "Marr informacion për revizionin e fundit...",
            "preparingFilesTreeToUpload": "Përgatit pemën e skedarëve për ngarkim...",
            "repositoryDoesNotExist": "Nuk ekziston repozitori i përzgjedhur.",
            "requestLimitExceededInfo": "Keni kaluar limitin e kërkesave te API (mbeten edhe {remaining} kërkesa). Lutemi të prisni deri në {resetTime} UTC dhe provojeni prapë.",
            "requestTimeout": "Kërkoj kohë për pushim.",
            "retrievingHandlerOfRemoteFilesTree": "Gjen mirëmbajtësin e pemës së skedarëve në distancë...",
            "retrievingRemoteFilesTree": "Gjen pemën e skedarëve në distancë...",
            "tokenOrServerAddressInvalid": "Xhetoni ose adresa e serverit është e pasaktë.",
            "tooManyFilesInfo": "Uebsajti juaj përmban mbi 4.000 zëra ({numberOfFiles} skedarë dhe direktori). Në variantin aktual, Github Pages nuk pranon uebsajte me mbi 4.000 mijë zëra."
        },
        "site": {
            "noConfigurationForResponsiveImages": "Nuk ka të dhëna për konfigurimin e imazheve reaktive",
            "noImagesToRegenerate": "Nuk keni imazhe për rigjenerim",
            "noThemeSelected": "Nuk keni zgjedhur motivin"
        },
        "sureYouWantQuit": "E konfirmoni daljen? \nNdryshimet që nuk janë regjistruar do të humbasin.",
        "wpImport": {
            "authorsProgressInfo": "Importon autorët ({progress} / {total})",
            "imageDownloadError": "Ka një problem me shkarkimin e imazhit: {image}",
            "imagesProgressInfo": "Shkarkon imazhet ({progress} / {total})",
            "postsProgressInfo": "Importon postimet ({progress} / {total})",
            "tagsProgressInfo": "Importon etiketat ({progress} / {total})"
        }
    },
    "customHTML": {
        "tabs": {
            "head": "Koka",
            "body": "Trupi",
            "comments": "Komentet",
            "searchInput": "Inputi i kërkuar",
            "searchContent": "Përmbajtja e kërkuar",
            "footer": "Fundi i faqes",
            "ampHead": "Koka AMP",
            "ampFooter": "Fundi i faqes AMP",
            "beforePost": "Para çdo postimi",
            "afterPost": "Pas çdo postimi"
        }
    },
    "date": {
        "apr": "Pri",
        "aug": "Gus",
        "changePostPublicationDate": "Ndryshoni datën e publikimit të postimit",
        "dec": "Dhj",
        "feb": "Shk",
        "jan": "Jan",
        "jul": "Kor",
        "jun": "Qer",
        "mar": "Mar",
        "may": "Maj",
        "nov": "Nën",
        "oct": "Tet",
        "sep": "Sht"
    },
    "editor": {
        "addHeading": "Shtoni nëntitullin",
        "addLabel": "Shtoni etiketën",
        "alignTextCenter": "Centroj tekstin",
        "alignTextLeft": "Radhit tekstin majtas",
        "alignTextRight": "Radhit tekstin djathtas",
        "blockEditorHelpPanelDesc": "Blloku shtohet duke klikuar butonin <span>+</span> apo <span>TAB</span> në një rresht të ri, ose duke shkruar kombinimin apo sintaksën Markdown në një rresht të ri:",
        "blocks": {
            "code": {
                "idTooltip": "Kjo vlerë do të përdoret si ID kodi"
            },
            "cssClassesLabel": "Klasa CSS",
            "cssClassesTooltip": "Këto klasa CSS do të shtohen në fushën me atributin klasë",
            "embed": {
                "idTooltip": "Kjo vlerë do të përdoret si ID bashkëngjitjeje"
            },
            "gallery": {
                "idTooltip": "Kjo vlerë do të përdoret si ID galerie"
            },
            "header": {
                "customIdLabel": "Përdor ID të personalizuar",
                "customIdTooltip": "Aktivizojeni nëse doni të përdorni ID tuaj, jo ID e gjeneruar automatikisht",
                "idTooltip": "Kjo vlerë do të përdoret si ID e kokës së faqes"
            },
            "html": {
                "idTooltip": "Kjo vlerë do të përdoret si ID e HTML"
            },
            "idLabel": "ID",
            "image": {
                "idTooltip": "Kjo vlerë do të përdoret si ID e imazhit"
            },
            "list": {
                "idTooltip": "Kjo vlerë do të përdoret si ID e listës"
            },
            "paragraph": {
                "idTooltip": "Kjo vlerë do të përdoret si ID e paragrafit",
                "styleLabel": "Stili i paragrafit",
                "styles": {
                    "highlight": "Theksim",
                    "info": "Info",
                    "success": "Sukses",
                    "warning": "Vërejtje"
                },
                "styleTooltip": "Përzgjidhni stile të tjera për bllokun e paragrafit"
            },
            "quote": {
                "idTooltip": "Kjo vlerë do të përdoret si ID e citatit"
            },
            "separator": {
                "idTooltip": "Kjo vlerë do të përdoret si ID e ndarësit"
            },
            "toc": {
                "idTooltip": "Kjo vlerë do të përdoret si ID e tabelës përmbledhëse"
            }
        },
        "cantSavePostWithEmptyTitle": "Nuk regjistrohet postimi pa titull.",
        "changesSaved": "Regjistroi ndryshimet",
        "clearFormatting": "Pastroj formatimin",
        "clickToConfirm": "Konfirmoni me klikim",
        "code": "Kod",
        "conversions": {
            "toCode": "Kod",
            "toHeader": "Nëntitull",
            "toHTML": "HTML",
            "toList": "Listë",
            "toParagraph": "Paragraf",
            "toQuote": "Citat"
        },
        "convertTo": "Konvertoj në:",
        "custom": "Personalizoj",
        "defaultSelect": "- Përzgjidhni -",
        "deleteBlock": "Fshij bllokun",
        "dot": "Pikë",
        "dots": "Pika",
        "dragAndDropImgToEditor": "Tërhiqeni dhe hidheni imazhin te editori",
        "dropToUploadYourPhotoOr": "Hidheni foton për ngarkim ose",
        "dropToUploadYourPhotosOr": "Hidhni fotot për ngarkim ose",
        "element": "Elementi",
        "emptyGalleryBlock": "Zbraz bllokun e galerisë",
        "emptyImageBlock": "Zbraz bllokun e imazhit",
        "enterAltText": "Shkruani tekstin alternativ",
        "enterCaption": "Shkruani diçiturën",
        "enterUrlOrEmbedCode": "Shkruani URL ose bashkëngjitni kodin...",
        "errorOccurred": "Ka një problem - lutemi ta provoni prapë.",
        "gallery": "Galeri",
        "header": "Nëntitull",
        "heading1": "Nëntitulli 1",
        "heading2": "Nëntitulli 2",
        "heading3": "Nëntitulli 3",
        "heading4": "Nëntitulli 4",
        "heading5": "Nëntitulli 5",
        "heading6": "Nëntitulli 6",
        "hideHelp": "Fsheh ndihmën",
        "hideStats": "Fsheh statistikat",
        "html": "HTML",
        "insertGallery": "Vë galerinë",
        "list": "Listë",
        "markdown": "Markdown",
        "markdownHelpPanelDesc": "Titujt, stilet e teksteve dhe elementet e tjera HTML që krijoni mund t’i administroni lehtësisht me tastierë ose me sintaksën Markdown si më poshtë:",
        "newDraftCreated": "Krijoi draft të ri",
        "newPostCreated": "Krijoi postim të ri",
        "nothingFound": "Nuk gjen bllokun",
        "paragraph": "Paragraf",
        "quote": "Citat",
        "quoteAuthor": "Citoni autorin",
        "quoteText": "Citoni tekstin",
        "readMore": "Më shumë",
        "readMoreBlockName": "Më shumë",
        "selectFiles": "Përzgjidhni skedarët",
        "separator": "Ndarës",
        "shortcuts": "Kombinimet",
        "sourceCode": "Burimi i kodit",
        "searchForABlock": "Kërkoni bllokun...",
        "startWriting": "Filloni të shkruani...",
        "startWritingOrPressTabToChooseBlock": "Filloni të shkruani ose shtypni tastin TAB për të zgjedhur bllokun.",
        "toc": "Pasqyrë",
        "tocAutoGenerationInfo": "Tabela përmbledhëse gjenerohet automatikisht në bazë të titujve (H1-H6) të materialit.",
        "togglePostStatsPanel": "Hap panelin me statistika për postimin",
        "unableToSetSpellCheckerForLanguage": "(!) E pamundur të caktohej korrektori drejtshkrimor për gjuhën e përzgjedhur - ",
        "useOrderedList": "Përdor listë të radhitur",
        "useUnorderedList": "Përdor listë të paradhitur",
        "viewHelp": "Shoh për ndihmë",
        "viewStats": "Shoh statistikat",
        "wideLine": "Vijë të gjerë"
    },
    "file": {
        "addNewFile": "Shtoj skedar të ri",
        "backups": "Kopjet rezervë",
        "createBackup": "Krijoj kopje rezervë",
        "createBackupConfirmMsg": "Përzgjidhni emrin e kopjes rezervë - emri duhet të ketë vetëm germa alfanumerike, viza dhe viza të poshtme:",
        "createBackupErrorMsg": "Ka një problem me krijimin e kopjes rezervë. Lutemi ta provoni prapë.",
        "createBackupNameEmptyMsg": "Mos e lini bosh emrin e skedarit. Lutemi të vendosni një emër.",
        "createBackupNameInUseMsg": "Ky emër skedari (<strong>{filename}</strong>) po përdoret për një kopje rezervë të mëparshme. Lutemi ta provoni prapë me një emër tjetër.",
        "createBackupSuccessMsg": "Krijoi kopjen rezervë.",
        "createFirstBackupMsg": "Nuk keni ende asnjë kopje rezervë. Le të krijojmë të parën!",
        "creatingBackup": "Krijon kopjen rezervë",
        "creationDate": "Data e krijimit",
        "deleteBackupsConfirmMsg": "Vërtet do i hiqni kopjet rezervë të përzgjedhura? Veprimi është i pakthyeshëm.",
        "deleteBackupsErrorMsg": "Ka nje problem me heqjen e kopjeve rezervë të përzgjedhura. Lutemi ta provoni prapë.",
        "deleteBackupsSuccessMsg": "Hoqi kopjet rezervë të përzgjedhura",
        "dragAndDropBackupFile": "Tërhiqeni dhe hidheni këtu skedarin e kopjes rezervë ose",
        "dropYourFileHere": "Hidheni këtu skedarin",
        "file": "Skedari",
        "fileFromFileManager": "Skedar nga administruesi i skedarëve",
        "fileManager": "Administruesi i skedarëve",
        "filename": "Emri i skedarit",
        "files": "Skedarët",
        "fileSemicolon": "Skedari:",
        "fileSize": "Madhësia e skedarit",
        "filterOrSearchFiles": "Filtroni ose kërkoni skedarët...",
        "mediaFiles": "media/skedarët",
        "noBackupsAvailable": "Nuk keni kopje rezervë",
        "noFileInMediaFilesDirInfo": "Nuk ka skedarë në direktorinë e media/skedarëve...",
        "noFileInRootDirInfo": "Nuk ka skedarë në direktorinë bazë...",
        "noFileMatchingCriteriaInfo": "Nuk ka skedarë që i plotësojnë këto kritere.",
        "operations": "Operacionet",
        "preparingFilesInOutputDir": "Përgatit skedarët në direktorinë-output",
        "provideNameForNewFile": "Lutemi të vendosni emrin e skedarit të ri",
        "removeFilesConfirmMsg": "Vërtet do i hiqni skedarët e përzgjedhur? Veprimi është i pakthyeshëm.",
        "removeFilesSuccessMsg": "Hoqi skedarët e përzgjedhur",
        "rename": "Riemërtoj",
        "renameBackupConfirmLabel": "Riemërtoj skedarin",
        "renameBackupConfirmMsg": "Lutemi të përcaktoni emrin e ri për kopjen rezervë:",
        "renameBackupErrorMsg": "Ka një problem me riemërtimin e skedarit të kopjes rezervë të përzgjedhur. Lutemi ta provoni prapë.",
        "renameBackupNameEmptyMsg": "Mos e lini bosh emrin e kopjes rezervë. Lutemi ta provoni prapë.",
        "renameBackupNameInUseMsg": "Ky emër po përdoret për skedarin e një kopjeje rezervë tjetër. Lutemi ta provoni prapë.",
        "renameBackupSameNameMsg": "Ky emër është i ngjashëm me emrin e vjetër. Lutemi ta provoni prapë.",
        "renameBackupSuccessMsg": "Riemërtoi me sukses kopjen rezervë.",
        "restore": "Rikthej",
        "restoreBackupConfirmLabel": "Kthej kopjen rezervë",
        "restoreBackupConfirmMsg": "Vërtet do e ktheni kopjen rezervë të përzgjedhur? Skedarët ekzistues do të mbishkruhen.",
        "restoreBackupErrorMsg": "Ka një problem me kthimin e skedarit të kopjes rezervë të përzgjedhur: ",
        "restoreBackupSuccessMsg": "Ktheu me sukses uebsajtin.",
        "rootDirectory": "direktoria bazë",
        "selectedFileExistsMsg": "Skedarët e mëposhtëm nuk kopjohen, sepse ekzistojnë që më parë në direktorinë e përzgjedhur: ",
        "selectedFilenameInUseMsg": "Ky emër skedari po përdoret tashmë. Lutemi të përdorni një emër tjetër.",
        "selectFile": "Përzgjidhni skedarin",
        "selectFileFromFileManager": "Përzgjidhni skedarin nga administruesi i skedarëve",
        "uploadFiles": "Ngarkoj skedarët"
    },
    "gdpr": {
        "addGroup": "Shtoj grup",
        "embedConsents": {
            "addRule": "Shtoj rregullin",
            "groupButtonLabel": "Etiketa e butonit",
            "groupCookieGroup": "Grupi cookies",
            "groupRule": "URL përmban",
            "groupRulePlaceholder": "youtube.com",
            "groupTextPlaceholder": "Teksti për miratim"
        },
        "groupDescriptionPlaceholder": "Bëni një përshkrim për grupin cookies",
        "groupID": "ID e grupit",
        "groupName": "Emri i grupit",
        "state": "Gjendja"
    },
    "image": {
        "addImages": "Shtoni imazhet",
        "align": "Radhit",
        "centeredImage": "Centroj imazhin",
        "columns": "Shtylla:",
        "dropFeaturedImageOr": "Hidheni këtu imazhin prezantues",
        "dropToUploadPhotoOr": "Hidheni foton për ngarkim ose",
        "eightColumns": "8 shtylla",
        "enterAltText": "Shkruani tekstin alternativ",
        "enterCaption": "Shkruani diçiturën",
        "fiveColumns": "5 shtylla",
        "fourColumns": "4 shtylla",
        "fullWidth": "Në gjerësi të plotë",
        "fullWidthImage": "Imazh në gjerësi të plotë",
        "image": "Imazh",
        "imageAlternativeText": "Teksti alternativ për imazhin",
        "imageCaption": "Diçitura e imazhit",
        "images": "Imazhet",
        "insertEditGallery": "Vë/Përpunoj galerinë",
        "layout": "Struktura grafike",
        "loadingImage": "Hap imazhin...",
        "none": "Asnjë",
        "oneColumn": "1 shtyllë",
        "pictures": "fotografitë",
        "removeImage": "Heq imazhin",
        "sevenColumns": "7 shtylla",
        "sixColumns": "6 shtylla",
        "threeColumns": "3 shtylla",
        "twoColumns": "2 shtylla",
        "uploading": "Ngarkon",
        "wide": "Gjerë",
        "wideImage": "Imazh i gjerë",
        "yourGalleryIsEmpty": "Galeria është bosh"
    },
    "langs": {
        "addLanguageSuccessMessage": "Shtoi gjuhën",
        "deleteLanguage": "Fshij gjuhën",
        "getMoreLanguages": "Gjej gjuhë të tjera",
        "goToLanguagesManager": "Shkoni te administruesi i gjuhëve",
        "installLanguage": "Instaloj gjuhën",
        "isOutdated": "Vjetër",
        "isOutdatedTitle": "Kjo gjuhë përdorej nga Publii deri në v.{supportedVersion}, ndërsa tani po përdorni Publii v.{currentVersion} - Publii duhet përditësuar për këtë gjuhën.",
        "language": "Gjuha:",
        "languageChangedMsg": "Ndryshoi gjuha e aplikacionit",
        "languageChangeError": "Problem me ndryshimin e gjuhës - lutemi ta provoni prapë.",
        "languageLoadingError": "Ka një problem me gjuhën e aplikacionit, ndaj do të përdoret gjuha standarde (anglishtja). Lutemi të përzgjidhni gjuhën tjetër te Parametrat.",
        "languages": "Gjuhët",
        "removeLanguageMessage": "Vërtet do e hiqni gjuhën {languageName}?",
        "removeLanguageSuccessMessage": "Hoqi gjuhën e përzgjedhur",
        "updatedLanguageSuccessMessage": "Përditësoi gjuhën e përzgjedhur",
        "uploadLanguageErrorMessage": "Ka një problem me instalimin. Lutemi ta provoni prapë."
    },
    "link": {
        "addDownloadAttr": "Shtoj atributin \"download\"",
        "addLink": "Shtoj lidhjen",
        "addNofollow": "Shtoj rel=\"nofollow\"",
        "downloadAttribute": "Atributi 'download':",
        "insertEditLink": "Vë/Përpunoj lidhjen",
        "linkInvalidMsg": "Ndjesë! Duket si lidhje e pasaktë.",
        "linkRelAttribute": "Atributi \"rel\" i lidhjes",
        "linkTitleAttribute": "Atributi \"title\" i lidhjes",
        "openInNewTab": "Hap në skedë të re",
        "previewLinkInBrowser": "Parashikoj lidhjen në shfletuesin e internetit",
        "previewOnlyExternalLinksMsg": "Lidhjet e jashtme parashikohen vetëm nga editori i postimeve",
        "removeLink": "Heq lidhjen",
        "selectLinkType": "Përzgjidhni llojin e lidhjes"
    },
    "menu": {
        "addMenuItem": "Shtoj zë në menu",
        "addNewMenu": "Shtoj menu të re",
        "addNewMenuItem": "Shtoj zë të ri në menu",
        "addSubmenu": "Shtoj nënmenu",
        "addSubmenuItem": "Shtoj zë në nënmenu",
        "assignedMenu": "Menuja e caktuar",
        "classCSS": "Klasa CSS",
        "createNewMenu": "Krijoj menu të re",
        "deleteThisMenuItem": "Fshij zërin e menusë",
        "duplicateThisMenuItem": "Dublikoj zërin e menusë",
        "editMenuItem": "Përpunoj zërin e menusë",
        "editMenuName": "Përpunoj emrin e menusë",
        "editThisMenuItem": "Përpunoj zërin e menusë",
        "externalLink": "Lidhje e jashtme",
        "externalURL": "URL e jashtme",
        "hideThisMenuItem": "Fsheh zërin e menusë",
        "insertActions": "Vë zërin e përzgjedhur:",
        "insertAfter": "pas",
        "insertAsChild": "si nënmenu",
        "insertBefore": "para",
        "internalLink": "Lidhje e brendshme",
        "items": "Zërat",
        "label": "Etiketa",
        "likedItemError": "Zëri i lidhur nuk është shndërruar (faqe etikete/autori boshe), nuk ekziston ose është hedhur në kosh",
        "likedItemIsADraft": "Zëri i lidhur është draft",
        "menu": "Menutë",
        "menuItemsRemoveMessage": "Vërtet do e hiqni zërin e përzgjedhur të menusë?",
        "menuItemIsHidden": "Ky zë menuje është fshehur",
        "menuNameCannotBeEmptyCreateNewMenuErrorMessage": "Mos e lini bosh fushën për emrin e menusë. Lutemi të vendosni emrin e menusë.",
        "menuNameCannotBeEmptyErrorMessage": "Mos e lini bosh fushën për emrin e menusë. Lutemi të vendosni një emër të ri për menunë.",
        "menuNameExistsErrorMessage": "Ky emër menuje ekziston që më parë. Lutemi të vendosni një emër tjetër.",
        "menuNameHasBeenEdited": "Përpunoi emrin e menusë",
        "menuNameInUseErrorMessage": "Ky emër menuje po përdoret tashmë. Lutemi të vendosni një emër të ri për menunë.",
        "menusRemoveMessage": "Vërtet do i hiqni menutë e përzgjedhura?",
        "menusRemoveSuccessMessage": "Hoqi menutë e përzgjedhura",
        "moveItem": "Zhvendos",
        "newMenuCreated": "Krijoi menu të re",
        "noMenusAvailable": "Nuk keni menu",
        "noMenusCreateNewOne": "Nuk keni ende asnjë menu. Le të krijojmë të parën!",
        "noMenusMessage": "Nuk keni zëra në menu; ata krijohen nëpërmjet butonit sipër \"Shtoj zë në menu\".",
        "provideNameForNewMenu": "Vendosni emrin e menusë së re:",
        "provideNewNameForMenu": "Vendosni emrin e ri të menusë së përzgjedhur:",
        "selectItemType": "Përzgjidhni llojin e zërit",
        "selectLinkTarget": "Përzgjidhni objektivin e lidhjes",
        "showThisMenuItem": "Tregoj zërin e menusë",
        "textSeparator": "Ndarës teksti",
        "type": "Lloji",
        "unassigned": "Pacaktuar",
        "unselectItem": "Lëshoj"
    },
    "plugins": {
        "addPluginSuccessMessage": "Shtoi fishën",
        "deletePlugin": "Fshij fishën",
        "getMorePlugins": "Gjej fisha të tjera",
        "goToPluginsManager": "Shkoni te administruesi i fishave",
        "installPlugin": "Instaloj fishën",
        "isIncompatible": "Është e vjetër",
        "isIncompatibleTitle": "Kjo fishë përdorej nga Publii deri në v.{supportedVersion}, ndërsa tani po përdorni Publii v.{currentVersion} - Publii duhet përditësuar për këtë fishën.",
        "plugin": "Fisha:",
        "plugins": "Fishat",
        "removePluginMessage": "Vërtet do e hiqni fishën {pluginName}?",
        "removePluginSuccessMessage": "Hoqi fishën e përzgjedhur",
        "updatedPluginSuccessMessage": "Përditësoi fishën e përzgjedhur",
        "uploadPluginErrorMessage": "Ka një problem me instalimin. Lutemi ta provoni prapë."
    },
    "post": {
        "addNewPost": "Shtoj postim të ri",
        "addPostTitle": "Shtoni titullin e postimit",
        "all": "Të gjitha",
        "changePostDate": "Ndryshoj datën e postimit",
        "characters": "Germa",
        "configureThemeBeforeGeneratingPreview": "Para se të gjenerohet postimi duhet përzgjedhur e konfiguruar motivi i uebsajtit.",
        "currentDefaultTemplate": "Modeli standard aktual",
        "customPostTypes": "Llojet e postimeve të personalizuara",
        "drafts": "Draftet",
        "duplicate": "Dublikoj",
        "duplicatePostErrorMessage": "Ka një problem me dublikimin e postimeve të përzgjedhura. Lutemi ta provoni përsëri.",
        "duplicatePostSuccessMessage": "Dublikoi postimet e përzgjedhura",
        "editorBlock": "Editori me blloqe",
        "editorBlockInfo": "Një editor modern dhe intuitiv që e bën blogimin më të lehtë përmes kombinimeve dhe sintaksës Markdown, pa ju shqetësuar me HTML apo me elementet e tjera të programimit.",
        "editorBlockNotSupportedEditPostInfo": "Motivi aktual nuk e mundëson editorin me blloqe që përdor postimi. Ky postim mund të ketë gabime po të eksportohet.",
        "editorBlockNotSupportedNewPostInfo": "Motivi aktual nuk e mundëson editorin me blloqe që përdor postimi. Ky postim mund të ketë gabime po të eksportohet.",
        "editorBlockUse": "Përdor editorin me blloqe",
        "editorMarkdown": "Editori Markdown",
        "editorMarkdownInfo": "Ky editor përdor sintaksën Markdown për ta shkruar sa më shpejt një material; vlen për projektet e gjata, të thjeshta, siç është dokumentimi.",
        "editorMarkdownUse": "Përdor editorin Markdown",
        "editorWYSIWYG": "Editori WYSIWYG",
        "editorWYSIWYGInfo": "Ky editor është si përpunuesit standardë të teksteve dhe ju ofron instrumente shtesë përdoruesve që duan të kontrollojnë çdo aspekt të faqes.",
        "editorWYSIWYGUse": "Përdor editorin WYSIWYG",
        "editPostAnyway": "Përpunoj postimin sidoqoftë",
        "excluded": "Përjashtuar",
        "excludeFromHomepage": "Përjashtoj nga faqja zyrtare",
        "featured": "Parësor",
        "filterOrSearchPosts": "Filtroni ose kërkoni postimet...",
        "hidden": "Fshehur",
        "hidePost": "Fsheh postimin",
        "includeInHomepage": "Përfshij në faqen zyrtare",
        "markAsDraft": "Shënoj si draft",
        "markAsFeatured": "Shënoj si parësor",
        "markAsUnfeatured": "Shënoj si joparësor",
        "min": "min",
        "modificationDate": "Data e modifikimit",
        "moveToTrash": "Hedh në kosh",
        "noPostsMatchingYourCriteria": "Nuk ka postime që i plotësojnë këto kritere.",
        "openEditorAnyway": "Hap editorin sidoqoftë",
        "paragraphs": "Paragrafë",
        "post": "Postimi",
        "postAuthor": "Autori i postimit",
        "postLink": "Lidhje me postimin",
        "postName": "Emri i postimit:",
        "postPage": "Faqja e postimit",
        "posts": "postimet",
        "postSettings": "Parametrat e postimit",
        "postSlug": "Klisheja e postimit",
        "postSlugLengthWarning": "Klishetë e postimeve që janë më të gjata se 250 germa mund të krijojnë skedarë me probleme gjatë procesit të shndërrimit të uebsajtit.",
        "postSlugTooLong": "Klisheja e postimit është tepër e gjatë",
        "postSlugUpdateButton": "Përditësoj",
        "postState": "Gjendja e postimit",
        "postStatusChangeSuccessMessage": "Ndryshoi statusi i postimit",
        "postTemplate": "Modeli i postimit",
        "postWillNotAppearOnHomepageListMsg": "Postimi nuk do të shfaqet në listat e faqes zyrtare",
        "postWillNotAppearOnListMsg": "Postimi nuk do të shfaqet në listat e gjeneruara, siç janë faqet e etiketave apo autorëve",
        "publicationDate": "Data e publikimit",
        "publish": "Publikoj",
        "published": "Publikuar",
        "readingTime": "Koha e leximit",
        "removePostMessage": "Vërtet do i hiqni postimet e përzgjedhura? Veprimi është i pakthyeshëm.",
        "removePostSuccessMessage": "Hoqi postimet e përzgjedhura",
        "selectPostPage": "Përzgjidhni faqen e postimit",
        "sentences": "Fjali",
        "setCustomPostDate": "Personalizoj datën e postimit",
        "status": "Statusi",
        "thisPostIsADraft": "Postimi është draft",
        "thisPostIsExcludedFromHomepage": "Postimi është përjashtuar nga faqja zyrtare",
        "thisPostIsFeatured": "Ky është postim parësor",
        "thisPostIsHidden": "Postimi është fshehur",
        "title": "Titulli",
        "trashed": "Fshirë",
        "uniqueWords": "Fjalë unike",
        "updatedOn": "Përditësuar më",
        "updateSlug": "Përditësoj klishenë",
        "url": "URL",
        "words": "Fjalë"
    },
    "publii": {
        "aboutPublii": "Për Publii",
        "currentPubliiVersion": "Versioni",
        "accept": "Pranoj",
        "copyright": "Kopirajti 2022 <a href=\"https://tidycustoms.net\" target=\"_blank\" rel=\"noopener noreferrer\">TidyCustoms</a>. Gjithë të drejtat janë rezervuar.<br>Publii është ideuar dhe mirëmbahet nga një ekip kryesor në bashkëpunim me <a href=\"https://github.com/dziudek\" target=\"_blank\" rel=\"noopener noreferrer\">Dev Zen</a> dhe mundësohet falë projektit me burim të lirë <a href=\"https://electronjs.org\" target=\"_blank\" rel=\"noopener noreferrer\">Electron</a> dhe ",
        "creditsIntro": "Publii përdor lirisht këto programe kompjuterike nga palët e treta:",
        "dataCollectionInfo": "<strong>Ne nuk mbledhim asnjë </strong>të dhënë personale kur përdorni aplikacionin Publii; nuk regjistrojmë, nuk gjurmojmë dhe nuk lejojmë as palë të treta që të mbledhin informacione personale identifikuese rreth jush. ",
        "homepage": "Faqja zyrtare",
        "license": "Licensa",
        "licensingInformation": "Informacion për licensimin",
        "openSourceSoftware": "Programeve të tjera kompjuterike që zhvillohen lirisht",
        "publiiLicenseAgreement": "Marrëveshja për licensimin e Publii.",
        "publiiLicenseAgreementInfo": "Ky program kompjuterik është licensuar sipas versionit 3 të GNU GPL.<br>Kur klikoni \"Pranoj\" ju miratoni"
    },
    "rendering": {
        "errorDuringPreviewCreatingMsg": "Ka një problem me krijimin e parashikimit.",
        "rendering": "Shndërron...",
        "renderingErrorText": "Ka një problem me procesin e shndërrimit të uebsajtit.",
        "renderingPleaseWait": "Lutemi të prisni sa të mbarojë procesi i shndërrimit.",
        "selectThemeBeforeCreatingPreviewMsg": "Para se të gjenerohet uebsajti duhet përzgjedhur motivi i tij. Lutemi të shkoni te seksioni për parametrat e uebsajtit dhe të përzgjidhni motivin."
    },
    "settings": {
        "addGDPRCookieBanner": "Aktivizoj banerin",
        "additionalValidElementsInWYSIWYGEditor": "Elemente të tjera të vlefshme për editorin WYSIWYG",
        "additionalValidElementsInWYSIWYGEditorInfo": "Disa nga etiketat që editori WYSIWYG mund të heqë automatikisht nga kodi HTML mund t’i shtoni këtu si elemente të lejuara.<br> Për shembull: <strong>v-select[*],v-dropdown[*]</strong> lejon çdo atribut të etiketave të personalizuara v-select dhe v-dropdown.",
        "advancedOptions": "Opsionet e avancuara",
        "advancedPreviewDesc": "Parashikimi i avancuar ju lejon ta shndërroni uebsajtin pa hapur shfletuesin e internetit",
        "alwaysAddIndexHTMLInURLs": "Gjithmonë shtoj index.html te URL-të",
        "alwaysSaveSearchState": "Gjithmonë regjistroj gjendjen e kërkimit",
        "anchorLink": "Lidhja me spirancën",
        "appSettings": "Parametrat e aplikacionit",
        "appSettingsSavedMsg": "Regjistroi me sukses parametrat e aplikacionit.",
        "appSettingsSaveErrorMsg": "Ka një problem me regjistrimin e parametrave të aplikacionit. Lutemi ta provoni prapë.",
        "ascending": "Në ngjitje",
        "authorPage": "Faqja e autorit",
        "authorPages": "Faqja e autorëve",
        "authorPageTitleVariables": "Këto ndryshore mund të përdoren në Titullin e Faqes së Autorit: %authorname, %sitename.",
        "authorPrefix": "Prefiksi i autorit:",
        "authorPrefixInfo": "Përkufizon prefiksin që përdoret përpara klishesë së autorit në një URL, p.sh. <strong>https://shembull.com/PREFIKSI_I_AUTORIT/klisheja-e-autorit</strong>.<br>",
        "authorsPrefixCannotBeEmpty": "Mos e lini bosh prefiksin e autorit.",
        "authorsPrefixCannotEqualTagsPrefix": "Prefiksi i autorëve nuk mund të jetë njësoj me prefiksin e etiketave.",
        "backupLocation": "Vendndodhja e kopjes rezervë",
        "backupLocationChangedConfirmMsg": "Ka ndryshuar vendndodhja e kopjeve rezervë. Të gjitha do të ruhen në këtë direktori. Nëse ju duhen kopjet e mëparshme rezervë, mund t’i zhvendosni manualisht në direktorinë e re.",
        "badge": "Stemë",
        "badgeAndCustomLink": "Stemë + lidhje e personalizuar",
        "badgeLabel": "Etiketa e stemës",
        "bannerPosition": "Pozicioni i banerit",
        "basicSettings": "Parametrat bazë",
        "byIDAscending": "Sipas ID në ngjitje",
        "byIDDescending": "Sipas ID në zbritje",
        "cannotAddIndexHTMLInURLsInfo": "Ky opsion aktivizohet kur nuk mundësohet hapja standarde e skedarëve index.html ndërsa dosja në server është hapur.",
        "cardTypes": "Llojet e kartave:",
        "changeSitesLocationWithoutCopyingFiles": "Ndryshoni vendndodhjen e uebsajtit pa i zhvendosur uebsajtet ekzistuese në katalogun e ri",
        "closePostEditorOnSave": "Mbyll editorin e postimeve kur i regjistroj",
        "codeEditor": "Editori i kodit (CodeMirror)",
        "colorTheme": "Ngjyra e motivit",
        "content": "Përmbajtja",
        "convertToWebp": "Konvertoj në formatin WebP",
        "convertToWebpInfo": "Ky opsion aktivizohet kur doni të konvertoni të gjitha imazhet JPG, JPEG dhe PNG në formatin WebP. Po ta aktivizoni duhen rigjeneruar edhe miniaturat e imazheve. Funksioni shërben vetëm nëse i gjeneroni miniaturat me librarinë Sharp.",
        "convertToWebpJimpWarning": "Ky opsion nuk punon me motorin Jimp që përdoret tani për ripërmasimin e imazheve. Zgjidhni Sharp te parametrat e aplikacionit.",
        "cookieGroups": "Grupet e cookies",
        "cookieBanner": "Baneri për cookies",
        "cookieBasic": "Bazë",
        "cookieBasicDescription": "Parametrat në këtë seksion kanë të bëjnë me shfaqjen e banerit për cookies, i cili u tregon vizitorëve a përdor cookies uebsajti juaj.",
        "cookieAdvanced": "Avancuar",
        "cookieAdvancedDescription": "Opsionet në këtë seksion kanë të bëjnë me shfaqjen e një mesazhi modal me parametra të avancuar për cookies, i cili lejon vizitorët të miratojnë grupe të caktuara të cookies.",
        "createXMLSitemap": "Krijoj hartën XML të uebsajtit",
        "currentTheme": "Motivi aktual:",
        "customFeedTitle": "Personalizoj titullin e fluksit informativ",
        "customLanguageCode": "Kodi i personalizuar i gjuhës:",
        "darkMode": "Pamje e errët",
        "defaultAuthorsOrdering": "Renditja standarde e autorëve:",
        "defaultOrderingOnLists": "Renditja standarde e listave:",
        "defaultPostsOrdering": "Renditja standarde e postimeve:",
        "defaultTagsOrdering": "Renditja standarde e etiketave:",
        "descending": "Në zbritje",
        "disableAuthorsPagination": "Çaktivizoj faqosjen e autorëve",
        "disableAuthorsPaginationIndexing": "Çaktivizoj indeksimin e autorëve të faqosur",
        "disableAuthorsPaginationIndexingInfo": "Kur aktivizohet, skedarët e faqosjes së autorëve do të hiqen nga harta e uebsajtit dhe do u shtohen metaetiketat <strong>noindex, follow</strong> për robotët.",
        "disableAuthorsPaginationInfo": "Kur aktivizohet, faqosja e autorëve nuk do të kryhet.",
        "disableHomepagePaginationIndexing": "Çaktivizoj indeksimin e kryefaqes së faqosur",
        "disableTagsPagination": "Çaktivizoj faqosjen e etiketave",
        "disableTagsPaginationIndexing": "Çaktivizoj indeksimin e etiketave të faqosura",
        "disableTagsPaginationIndexingInfo": "Kur aktivizohet, skedarët e faqosjes së etiketave do të hiqen nga harta e uebsajtit dhe do u shtohen metaetiketat <strong>noindex, follow</strong> për robotët.",
        "disableTagsPaginationInfo": "Kur aktivizohet, faqosja e etiketave nuk do të kryhet.",
        "displayEmptyAuthors": "Shfaq autorët pa postime",
        "displayEmptyAuthorsInfo": "Kur aktivizohet, autorët që nuk kanë postime, sidoqoftë, do të kenë nënfaqet e veta në listën e autorëve.",
        "displayEmptyTags": "Shfaq etiketat pa postime",
        "displayEmptyTagsInfo": "Kur aktivizohet, etiketat që nuk kanë postime, sidoqoftë, do të kenë nënfaqet e veta në listën e etiketave.",
        "dontIndexThisPage": "Kërkoni që motori i kërkimit të mos e lexojë të gjithë uebsajtin.",
        "editorFontFamily": "Familja e fontit",
        "editorFontFamilySansSerif": "Gotik",
        "editorFontFamilySerif": "Romak",
        "editorFontSize": "Përmasat e fontit (px)",
        "editors": "Editorët",
        "embedConsents": "Kërkoj miratim për materialet e bashkëngjitura",
        "embedConsentsDescription": "Ky seksion ju lejon të bllokoni materialet që hapen në iframes të palëve të treta për të shërbyer cookies. Kur vendosni URL e domenit për iframe, p.sh. <strong>youtube.com</strong>, plotësoni elementet e kërkuara, si mesazhin, butonin e pranimit, dhe e caktoni te një grup ekzistues të cookies, iframes do të zëvendësohen me një tekst informues për vizitorët, që u tregon se materiali është bllokuar për shkak të mosmiratimit nga ana e tyre (d.m.th. gjatë shfaqjes së banerit për cookies, vizitori nuk ka pranuar llojet e cookies që përdor iframe).",
        "embedVideos": "Bashkëngjitja e videove",
        "enableAdvancedPreview": "Aktivizoj parashikimin e avancuar",
        "enableAMP": "Aktivizoj AMP",
        "enableAMPInfo": "AMP (përshpejtuesi i faqeve për celularë) krijon faqe të posaçme statike të materialeve tuaja, të cilat hapen më shpejt në celularë. <br/><strong>Vini re:</strong> kur opsioni aktivizohet, uebsajti do të përdorë skripte nga palë të treta nëpërmjet AMP CDN-së së Google.",
        "ampDeprecatedMessage": "Duke nisur nga versioni tjetër, funksioni AMP do të hiqet. Për këtë mund të lexoni më shumë në blogun zyrtar të Publii-t.",
        "enableAutoIndent": "Aktivizoj nënrenditjen automatike",
        "enableCSSCompression": "Aktivizoj kompresimin e CSS",
        "enableHTMLCompression": "Aktivizoj kompresimin e HTML",
        "enableJSONFeed": "Aktivizoj fluksin informativ JSON",
        "enableMediaLazyLoad": "Aktivizoj hapjen me ngadalë të burimeve multimediale",
        "enableMediaLazyLoadInfo": "Ky opsion aktivizohet kur doni të hapni më me ngadalë imazhet, videot dhe iframes.",
        "enableResponsiveImages": "Aktivizoj imazhet reaktive",
        "enableResponsiveImagesInfo": "Ky opsion aktivizohet kur doni të paraqitni imazhe të përmasave të ndryshme për ekrane me rezolucion të ndryshëm, në varësi të vlerave të përcaktuara ne skedarin config.json te dosja e motivit.",
        "enableRSSFeed": "Aktivizoj fluksin informativ RSS",
        "enableSharingButtons": "Aktivizoj butonët për shpërndarjen e materialit",
        "enableSpellchecker": "Aktivizoj korrektorin drejtshkrimor",
        "errorPage": "Faqja e gabimit:",
        "errorPageFilenameCannotBeEmpty": "Mos e lini bosh emrin e faqes së gabimit.",
        "errorPageFilenameCannotEqualSearchPageFilename": "Emri i faqes së gabimit nuk mund të jetë njësoj me emrin e faqes së kërkimit.,",
        "errorPageTitleVariables": "Këto ndryshore mund të përdoren në Titullin e Faqes së Gabimit: %sitename.",
        "excludedFiles": "Skedarët e përjashtuar",
        "excludeFeaturedPosts": "Përjashtoj postimet parësore",
        "excludeFilesFromSitemapInfo": "Shkruani listën e skedarëve HTML ose të dosjeve, të ndara me presje, të cilat duhen përjashtuar nga harta e uebsajtit.<br>Për shembull: <strong>avoid-this-file.html,avoid-this-catalog-too</strong>.",
        "experimentalFeaturesWarning": "Ne mendojmë vazhdimisht se si ta përmirësojmë më tej aplikacionin tonë. Ky seksion përmban funksione eksperimentale, të cilat janë ideuar për ta zgjeruar arsenalin e Publii. Meqenëse janë eksperimentale, nuk ju garantojmë se do të punojnë siç duhet; mbani ju përgjegjësi nëse i aktivizoni.",
        "experimentalFeatureAppAutoBeautifySourceCode": "Vetëzbukuroj kodin e burimit në editorin WYSIWYG",
        "experimentalFeatureAppAutoBeautifySourceCodeDesc": "Ky funksion aktivizon zbukurimin automatik të kodit burimor në editorin WYSIWYG",
        "externalImages": "Imazhet e jashtme",
        "externalPage": "Faqja e jashtme",
        "facebook": "Facebook",
        "facebookAppID": "ID e aplikacionit Facebook",
        "facebookAppIDInfo": "Lexoni se si sigurohet <a href=\"https://developers.facebook.com/docs/apps/\" target=\"_blank\" rel=\"noopener noreferrer\">ID e aplikacionit Facebook</a>.",
        "fallbackImage": "Imazhi rezervë",
        "fallbackLogoImage": "Imazhi rezervë i logos",
        "fallbackLogoImageInfo": "Logoja duhet të jetë sa kutia 60 &times; 600 pikselë.",
        "featuredPostsOrderBy": "Rendit postimet parësore nga:",
        "featuredPostsOrdering": "Renditja e postimeve parësore:",
        "feedTitle": "Titulli i fluksit informativ:",
        "filesLocation": "Vendndodhja e skedarëve",
        "footerText": "Teksti i fundit të faqes",
        "frontpage": "Kryefaqja",
        "GDPR": "Parametrat e sferës private",
        "gdprBannerPosition": {
            "centered": "Centroj",
            "left": "Majtas",
            "right": "Djathtas",
            "bar": "Brez"
        },
        "gdprAllowAdvancedConfiguration": "Aktivizoj konfigurimin e avancuar të cookies",
        "gdprAdvancedConfigurationLinkLabel": "Etiketa e butonit për konfigurimin e avancuar",
        "gdprAdvancedConfigurationLinkPlaceholder": "Administroj preferencat",
        "gdprAdvancedConfigurationAcceptButtonLabel": "Etiketa e butonit Pranoj",
        "gdprAdvancedConfigurationRejectButtonLabel": "Etiketa e butonit Refuzoj",
        "gdprAdvancedConfigurationSaveButtonLabel": "Etiketa e butonit Regjistroj",
        "gdprAdvancedConfigurationTitle": "Titulli i mesazhit modal",
        "gdprAdvancedConfigurationDescription": "Mesazhi modal",
        "gdprAdvancedConfigurationPrivacyLink": "Lidhja me politikën e privatësisë",
        "gdprAdvancedConfigurationPrivacyLinkDescription":"Shfaq lidhjen në mesazhin modal rreth faqes për politikën e privatësisë. Po të jetë çaktivizuar opsioni 'Tregoj lidhjen me politikën e privatësisë' te seksioni Bazë, lidhja nuk do të shfaqet në mesazhin modal.",
        "gdprBehaviourInfo": "Mos harroni që të lidhni spirancën e mësipërme me menunë ose materialin e uebsajtit (p.sh. <a href=\"#cookie-settings\">Preferencat për cookies</a>). Përndryshe, vizitorët tuaj nuk do të munden të ndryshojnë preferencat e tyre për cookies.",
        "gdprCookieSettingsRevision": "Versioni i parametrave",
        "gdprCookieSettingsTTL": "Ruaj parametrat e miratimit nga vizitorët për X ditë",
        "gdprDebugMode": "Aktivizoj këndin e testimit",
        "gdprShowRejectButton": "Tregoj butonin Refuzoj",
        "gdprRejectButtonLabel": "Etiketa e butonit Refuzoj",
        "gdprBannerTitle": "Titulli i banerit",
        "gdprBannerMessage": "Mesazhi i banerit",
        "generateOpenGraphTags": "Gjeneroj etiketat Open Graph",
        "generateTwitterCards": "Gjeneroj kartat Twitter",
        "googleAnalyticsTrackingID": "ID e gjurmimit për Google Analytics",
        "hiddenPostsOrderBy": "Rendit postimet e fshehura nga:",
        "hiddenPostsOrdering": "Renditja e postimeve të fshehura:",
        "hideCustomExcerptsOnPostPages": "Fsheh ekstraktet e personalizuara në faqet e postuara",
        "hideCustomExcerptsOnPostPagesInfo": "Kur aktivizohet, postimet do të shfaqen pa tekstin që vendoset mbi elementin \"Më shumë\" në editorin e postimeve.",
        "homepageNoIndexPagination": "Kur aktivizohet, skedarët e faqosjes së kryefaqes do të hiqen nga harta e uebsajtit dhe do u shtohen metaetiketat <strong>noindex, follow</strong> për robotët.",
        "homepagePagination": "Kryefaqja e faqosur",
        "howToPrepareYourThemeForGDPRInfo": "Me aktivizimin e këtij opsioni, uebsajti juaj do të shfaqë një baner për cookies. Lutemi të lexoni artikullin <a href=\"https://getpublii.com/docs/gdpr-cookie-banner-configuration.html\" target=\"_blank\" rel=\"noopener noreferrer\">Konfigurimi i Banerit për Cookies GDPR</a> për më shumë informacion mbi konfigurimin e saktë të banerit.",
        "howYtNoCookiesWorks": "Kur aktivizohet, domeni YouTube për URL e bashkëngjitur, p.sh. 'www.youtube.com' do të ndryshohet automatikisht në 'www.youtube-nocookie.com', për të parandaluar shfletimin e personalizuar për vizitorët e YouTube dhe për të garantuar që informacionet e tyre të mos përdoren për të personalizuar edhe reklamat që ata mund të hasin jashtë uebsajtit tuaj. Mësoni më shumë rreth Modelit të Përmirësuar të Privatësisë duke vizituar <a href=\"https://support.google.com/youtube/answer/171780?hl=en#zippy=%2Cturn-on-privacy-enhanced-mode\">faqen ndihmëse të YouTube</a>.",
        "howVimeoNoTrackWorks": "Kur aktivizohet, URL e bashkëngjitur nga Vimeo (player.vimeo.com/video) do të ketë parametrin shtesë dnt=1, për të parandaluar mbledhjen e gjurmëve personale, cookies dhe të dhëna të tjera më analitike. Mësoni më shumë rreth parametrave të Vimeo duke vizituar <a href=\"https://vimeo.zendesk.com/hc/en-us/articles/360001494447-Player-parameters-overview\">faqen ndihmëse të Vimeo</a>.",
        "imageResizeEngineInfo": "Motori Sharp për ripërmasimin e imazheve është më i shpejtë sesa Jimp, por mund të shkaktojë probleme ndonjëherë. Nëse keni probleme me krijimin ose rigjenerimin e miniaturave, ju lutemi të përdorni motorin Jimp për imazhet. Nëse dëshironi të përdorni imazhe WebP, atëherë ju duhet motori Sharp.",
        "imagesResizeEngine": "Motori për ripërmasimin e imazheve:",
        "imageResizeEngineWarning": "Motori Jimp për ripërmasimin e imazheve dhe opsioni për konvertimin e imazheve në formatin WebP nuk funksionojnë mirë së bashku. Sigurohuni që uebsajtet tuaja të mos e kenë aktivizuar opsionin “Shpejtësia e uebsajtit / Konvertoj në formatin WebP” dhe që të rigjeneroni miniaturat.",
        "indentSize": "Përmasat e nënrenditjes (hapësira)",
        "internalPage": "Faqja e brendshme",
        "leaveBlankForDefaultBackupsDir": "Lëreni bosh që të përdoret direktoria standarde e kopjeve rezervë",
        "leaveBlankForDefaultPreviewDirectory": "Lëreni bosh që të përdoret direktoria standarde e parashikimeve",
        "leaveBlankToUseDefaultPageTitle": "Lëreni bosh që të përdoret titulli standard i faqes",
        "leaveBlankToUseDefaultSitesDir": "Lëreni bosh që të përdoret direktoria standarde e uebsajtit",
        "lightMode": "Pamje e çelët",
        "linkedIn": "LinkedIn",
        "linkLabel": "Etiketa e lidhjes",
        "loadAtStart": "Hap gjatë nisjes:",
        "metaDescription": "Metapërshkrimi:",
        "metaRobots": "Metarobotët:",
        "noIndexWebsite": "Uebsajt i paindeksueshëm",
        "notSelected": "Papërzgjedhur",
        "numberOfPostsInFeed": "Numri i postimeve në fluksin informativ",
        "openDevtoolsInMainW": "Hap automatikisht DevTools në dritaren kryesore",
        "openGraph": "Open Graph",
        "openLastUsedWebsite": "Hap uebsajtin e përdorur së fundmi",
        "openPopupWindowBy": "Hap banerin si",
        "optionsForDevelopers": "Opsionet për programuesit",
        "optionsForEditors": "Opsionet për redaktorët",
        "optionsForExperimentalFeatures": "Funksionet eksperimentale",
        "ordering": {
            "authorASC": "Sipas autorit (në ngjitje)",
            "authorDESC": "Sipas autorit (në zbritje)",
            "createdASC": "Sipas datës së krijimit (në ngjitje)",
            "createdDESC": "Sipas datës së krijimit (në zbritje)",
            "idASC": "Sipas ID (në ngjitje)",
            "idDESC": "Sipas ID (në zbritje)",
            "modifiedASC": "Sipas datës së modifikimit (në ngjitje)",
            "modifiedDESC": "Sipas datës së modifikimit (në zbritje)",
            "nameASC": "Sipas emrit (në ngjitje)",
            "nameDESC": "Sipas emrit (në zbritje)",
            "postsCounterASC": "Sipas numrit të postimeve (në ngjitje)",
            "postsCounterDESC": "Sipas numrit të postimeve (në zbritje)",
            "titleASC": "Sipas titullit (në ngjitje)",
            "titleDESC": "Sipas titullit (në zbritje)"
        },
        "pageName": "Emri i faqes",
        "pageTitle": "Titulli i faqes",
        "pageTitleVariables": "Këto ndryshore mund të përdoren në Titullin e Faqes: %posttitle, %sitename, %authorname",
        "paginationPhrase": "Fraza e faqosjes:",
        "paginationPhraseCannotBeEmpty": "Mos e lini bosh frazën e faqosjes.",
        "paginationPhraseInfo": "Përkufizon frazën që përdoret përpara numrit të faqes në një URL, p.sh. <strong>https://example.com/tags/tag-slug/page/2</strong>.<br>",
        "password": {
            "alwaysAskForPassword": "Gjithmonë pyes për fjalëkalimin",
            "hidePassword": "Fsheh fjalëkalimin",
            "password": "Fjalëkalimi",
            "passwordFieldCantBeEmpty": "Mos e lini bosh fushën e fjalëkalimit.",
            "showPassword": "Tregoj fjalëkalimin"
        },
        "pinterest": "Pinterest",
        "postCreationDate": "Data e krijimit të postimit",
        "postID": "ID e postimit",
        "postModificationDate": "Data e modifikimit të postimit",
        "postPageTitleVariables": "Këto ndryshore mund të përdoren në Titullin e Faqes së Postimit: %posttitle, %sitename, %authorname.",
        "postsListing": "Lista e postimeve",
        "postsOrderBy": "Rendit postimet nga:",
        "postsOrdering": "Renditja e postimeve:",
        "postTile": "Titulli i postimit",
        "previewLocation": "Vendndodhja e parashikimeve",
        "previewLocationChangedConfirmMsg": "Ndryshoi vendi ku ruhen parashikimet. Duhet ditur se kur e parashikoni uebsajtin, skedarët ekzistues në dosje fshihen.",
        "privacyPolicyLinkLabel": "Etiketa e lidhjes me politikën e privatësisë",
        "privacyPolicyPage": "Përzgjidhni faqen",
        "privacyPolicyPageURL": "Vendosni URL e jashtme",
        "privacyPolicyURL": "Burimi i lidhjes me politikën e privatësisë",
        "provideFacebookAppID": "Lutemi të vendosni <a href=\"https://developers.facebook.com/docs/apps/\" target=\"_blank\" rel=\"noopener noreferrer\">ID e aplikacionit Facebook</a>",
        "random": "Rastësore",
        "readAboutOurRecommendedServerSettings": "A doni të dini më shumë se çfarë rekomandohet për konfigurimin e serverit? Lutemi t’i referoheni këtij <a href=\"https://getpublii.com/docs/recommended-server-settings.html\" target=\"_blank\">artikulli</a>.",
        "relatedPostsOptions": "Opsionet për postimet e ngjashme",
        "relatedPostsOptionsInfo": "Kur aktivizohet, postimet e ngjashme do të mblidhen nga të gjitha etiketat. Kur çaktivizohet, postimet e ngjashme do të gjenerohen vetëm nga etiketat e njëjta me postimin aktual.",
        "relatedPostsOrdering": "Renditja e postimeve të ngjashme:",
        "relatedPostsSelectionMechanism": "Mekanizmi i përzgjedhjes së postimeve të ngjashme:",
        "removeHTMLComments": "Heq komentet HTML",
        "responsiveImagesQuality": "Cilësia e imazheve reaktive",
        "responsiveImagesAlphaQuality": "Cilësia alfa e imazheve reaktive (vetëm WebP)",
        "RSSJSONFeed": "Fluksi informativ RSS/JSON",
        "saveButtonLabel": "Etiketa e butonit Regjistroj",
        "saveSearchStateInfo": "Kur aktivizohet, Publii do të regjistrojë rezultatet e kërkimit aktual edhe kur krijoni një postim të ri, duke ju lejuar të ktheheni te lista. Normalisht, Publii i regjistron rezultatet e kërkimit vetëm kur hapni një postim për ta redaktuar.",
        "requiresRestartingApp": "Aplikacioni Publii duhet hapur sërish",
        "saveSettings": "Regjistroj parametrat",
        "searchPage": "Faqja e kërkimit:",
        "searchPageFilenameCannotBeEmpty": "Mos e lini bosh emrin e faqes së kërkimit.",
        "searchPageTitleVariables": "Këto ndryshore mund të përdoren në Titullin e Faqes së Kërkimit: %sitename.",
        "selectedDirInvalid": "Nuk ekziston direktoria e përzgjedhur.",
        "selectPage": "Përzgjidhni faqen",
        "showFeaturedImage": "Tregoj imazhin prezantues",
        "showFeaturedImageInfo": "Shfaq imazhin prezantues të postimit në fluksin informativ.",
        "showFullText": "Tregoj tekstin e plotë",
        "showFullTextInFeedInfo": "Shfaq tekstin e plotë të postimit në fluksin informativ.",
        "showModificationDate": "Tregoj datën e modifikimit",
        "showModificationDateAsColumn": "Tregoj datën e modifikimit si shtyllë",
        "showOnlyFeaturedPosts": "Tregoj vetëm postimet parësore",
        "showPostTagsOnTheListing": "Tregoj etiketat e postimeve në listë",
        "showPostSlugsOnTheListing": "Tregoj klishetë e postimeve në listë",
        "showPrivacyPolicyLink": "Tregoj lidhjen me politikën e privatësisë",
        "sitemap": "Harta e uebsajtit",
        "sitemapLinkInfo": "Harta XML e uebsajtit gjendet këtu: <a href=\"{sitemapLink}\" class=\"sitemap-external-link\" target=\"_blank\" rel=\"noopener noreferrer\">sitemap.xml</a>",
        "siteSettings": "Parametrat e uebsajtit",
        "siteSettingsSaveDuplicateNameErrorMessage": "Ky emër uebsajti po përdoret tashmë. Lutemi të provoni një emër tjetër.",
        "siteSettingsSaveEmptyNameErrorMessage": "Mos e lini bosh emrin e uebsajtit. Lutemi të vendosni një emër.",
        "siteSettingsSaveNoKeyringErrorMessage": "Publii nuk mund të regjistrojë parametrat, sepse ka një problem me programin për ruajtjen e sigurt të fjalëkalimeve. Hapeni aplikacionin nga e para dhe provojeni prapë. Nëse problemi vijon, ju lutemi ta raportoni në forumin e komunitetit.",
        "siteSettingsSaveNoKeyringErrorMessageLinux": "Publii nuk mund të regjistrojë parametrat, sepse nuk është instaluar asnjë program për ruajtjen e sigurt të fjalëkalimeve. Ndiqni udhëzimet për instalimin e Node Keytar te https://github.com/atom/node-keytar/ dhe provojeni prapë. Me shumë gjasë, sistemit tuaj i mungojnë paketat libsecret-1-dev dhe gnome-keyring.",
        "siteSettingsSaveSiteNotExistsErrorMessage": "Nuk ekziston uebsajti. Lutemi ta hapni sërish aplikacionin.",
        "siteSettingsSaveSuccessMessage": "Regjistroi me sukses parametrat e uebsajtit.",
        "sitesLocation": "Vendndodhja e uebsajteve",
        "sitesLocationChangedConfirmMsg": "Ndryshoi vendndodhja e uebsajteve. Para se të kryhet zhvendosja e skedarëve të uebsajteve tuaja, skedarët ekzistues do të fshihen nga dosja e destinuar; doni të vijoni?",
        "spellcheckerDoesNotSupportLanguage": "Korrektori drejtshkrimor nuk e mundëson gjuhën e përzgjedhur. Rekomandojmë që ky funksion të çaktivizohet.",
        "system": "Sistemi",
        "systemColors": "Përdor ngjyrat e sistemit",
        "tagPages": "Faqja e etiketave",
        "tagPageTitleVariables": "Këto ndryshore mund të përdoren në Titullin e Faqes së Etiketës: %tagname, %sitename.",
        "tagPrefix": "Prefiksi i etiketës:",
        "tagPrefixInfo": "Prefikset që vendosni këtu shtohen përpara klishesë së etiketës në URL, p.sh. <strong>https://shembull.com/PREFIKSI_I_ETIKETES/klisheja-e-etiketes</strong>.<br>Prefikset përdoren edhe për gjenerimin e faqes së listës me etiketa (nëse e mundëson motivi), p.sh. <strong>https://shembull.com/PREFIKSI_I_ETIKETES/index.html</strong>.",
        "tagsListPage": "Faqja e listës me etiketa",
        "tagsListPageTitleVariables": "Këto ndryshore mund të përdoren në Titullin e Faqes së Listës me Etiketa: %sitename.",
        "tagsPrefixCannotBeEmpty": "Mos e lini bosh prefiksin e etiketave nëse aktivizoni URL më të paraqitshme.",
        "themeDoesNotHaveSupportedFeaturesList": "<p>Në skedarin <strong>config.json</strong> të motivit tuaj mungon seksioni <strong>supportedFeatures</strong>. Lutemi ta përditësoni ose modifikoni që të përmbajë informacion të saktë se cilat funksione mundëson motivi që po përdorni. <a href=\"https://getpublii.com/dev/theme-supported-features\" target=\"_blank\" rel=\"noopener noreferrer\">Lexoni më shumë për funksionet e mundshme</a>.</p>",
        "themeDoesNotSupport404ErrorPage": "Motivi juaj nuk e mundëson faqen e gabimit 404.",
        "themeDoesNotSupportAuthorPages": "Motivi juaj nuk i mundëson faqet e autorëve.",
        "themeDoesNotSupportErrorPages": "Motivi juaj nuk i mundëson faqet e gabimeve.",
        "themeDoesNotSupportSearchPages": "Motivi juaj nuk i mundëson faqet e kërkimeve.",
        "themeDoesNotSupportTagPages": "Motivi juaj nuk i mundëson faqet e etiketave.",
        "themeDoesNotSupportTagsListPage": "Motivi juaj nuk i mundëson faqet e listave me etiketa.",
        "themeDoesNotSupportEmbedConsents": "Motivi juaj nuk e mundëson dhënien e miratimit për materialet e bashkëngjitura.",
        "themePrimaryColor": "Ngjyra primare e motivit",
        "timeFormat": "Formati i orës:",
        "toViewSitemapEnableIndexingInfo": "Për të parë parametrat e hartës së uebsajtit, ju lutemi të çaktivizoni opsionin 'Kërkoj që motorët e kërkimit të mos e indeksojnë këtë uebsajt' në skedën e parametrave SEO; përndryshe, harta e uebsajtit tuaj nuk do të gjenerohet.",
        "tumblr": "Tumblr",
        "twitter": "Twitter",
        "twitterCards": "Kartat Twitter",
        "twitterUsername": "Emri në Twitter",
        "twitterSummaryCard": "Kartë përmbledhëse",
        "twitterSummaryCardLargeImage": "Kartë përmbledhëse me imazh të madh",
        "urls": "URL-të",
        "useAsTitlePageTitle": "Përdor si titull për faqen e titullit",
        "useAsTitlePageTitleInfo": "Kur aktivizohet, metaetiketat og:title dhe twitter:title do të përmbajnë titullin e faqes, jo titullin e postimit, emrin e etiketës apo të autorit.",
        "useGlobalConfiguration": "Përdor konfigurimin global",
        "useOnlyTags": "Përdor vetëm etiketat",
        "useOnlyTitles": "Përdor vetëm titujt",
        "usePrettyURLs": "Përdor URL më të paraqitshme",
        "usePrettyURLsInfo": "Kur aktivizohet, URL-të e postimeve nuk do të kenë mbaresën .html, p.sh. ato do të ndryshojnë nga <strong>https://example.com/post.html</strong> në <strong>https://example.com/post/</strong>.",
        "useSiteGlobalSettings": "Përdor parametrat globalë të uebsajtit",
        "useTitlesAndTags": "Përdor titujt dhe etiketat",
        "useWideScrollbars": "Përdor rrëshqitës më të gjerë",
        "versionParameter": "Parametri i versionit",
        "versionParameterInfo": "Shton parametrin e versionit në URL-të CSS/JS për të anashkaluar depon e shfletuesit të internetit. Ky opsion mund të rritë numrin e skedarëve që duhen sinkronizuar gjatë publikimit të uebsajtit.",
        "vimeoNoTrack": "Aktivizoj direktivën 'Mos gjurmo' për videot nga Vimeo",
        "webpLossless": "Kompresoj imazhet reaktive WebP pa ulur cilësinë",
        "websiteSpeed": "Shpejtësia e uebsajtit",
        "whatsApp": "WhatsApp",
        "youMustReviewGdprSettings": "Sigurohuni që të kontrolloni dhe rishikoni parametrat për Sferën tuaj Private, sidomos parametrat e Banerit për Cookies, për shkak se ka pasur disa ndryshime të rëndësishme në Publii v.0.40. <a href=\"https://getpublii.com/blog/release-040.html#cookie-banner\" target=\"_blank\">Lexoni më shumë...</a>",
        "ytNoCookies": "Aktivizoj metodën më konfidenciale për videot nga YouTube"
    },
    "site": {
        "addNewWebsite": "Shtoj uebsajt të ri",
        "cloneWebsite": "Klonoj uebsajtin",
        "cloneWebsiteSuccessMsg": "Klonoi uebsajtin. Kaloi te: ",
        "createNewWebsite": "Krijoni uebsajt të ri",
        "createWebsite": "Krijoj uebsajtin",
        "createYourFirstWebsite": "Krijoni uebsajtin tuaj të parë",
        "creationInProgress": "Vijon krijimin...",
        "deleteWebsite": "Fshij uebsajtin",
        "deleteWebsiteConfirmMsg": "Vërtet do e hiqni këtë uebsajt? Veprimi është i pakthyeshëm.",
        "deleteWebsiteCSuccessMsg": "Hoqi uebsajtin.",
        "deleteWebsiteSuccessMsg": "Hoqi uebsajtin. Kaloi te: ",
        "duplicateWebsite": "Dublikoj uebsajtin",
        "erroOcurredDuringSiteDatabaseCreationInfo": "Ka një problem me krijimin e databazës së uebsajtit. Lutemi të kontrolloni programin antivirus dhe provojeni prapë. Mund t’ju duhet të fshini edhe dosjen e pasaktë të uebsajtit nga direktoria që përdor Publii.",
        "installFromBackup": "Instaloj nga kopja rezervë",
        "removeWebsite": "Heq uebsajtin",
        "restoreFromBackup": {
            "createWebsite": "Krijoj uebsajtin",
            "invalidBackupContent": "Skedari i ngarkuar nuk është kopje rezervë e vlefshme.",
            "invalidSiteData": "Kopja rezervë e ngarkuar është dëmtuar.",
            "iWantChangeName": "Ndryshoj emrin e uebsajtit",
            "restoreFailed": "Ka një problem me krijimin e uebsajtit nga kopja rezervë. Lutemi ta provoni prapë.",
            "selectSiteName": "Lutemi të përcaktoni emrin e uebsajtit",
            "siteExistsWantOverride": "Në direktorinë e përzgjedhur ekzistojnë disa uebsajte. Doni të vijoni dhe të rrezikoni humbjen e të gjitha të dhënave nga uebsajtet e mëparshme? Uebsajti nga kopja rezervë do të ketë më përparësi sesa uebsajti ekzistues me të njëjtin emër.",
            "siteNameCannotBeEmpty": "Mos e lini bosh emrin e uebsajtit",
            "unsupportedFormat": "Format i pagarantuar - lutemi të përdorni skedarin TAR për kopjen rezervë.",
            "unpackError": "Ka një problem me shpaketimin e kopjes rezervë - lutemi ta provoni prapë.",
            "yesPleaseOverride": "Po, jap përparësi"
        },
        "selectedBackupFile": "Skedari i përzgjedhur me kopjen rezervë: ",
        "siteLoadingErrorMsg": "Ka një problem me hapjen e uebsajtit të përzgjedhur. Lutemi të kontrolloni skedarët e tij dhe provojeni prapë.",
        "siteName": "Emri i uebsajtit:",
        "siteSettingsSaveSuccessMsg": "Regjistroi me sukses parametrat e uebsajtit.",
        "siteWithThisNameExists": "Ky emër uebsajti ekziston që më parë!",
        "specifyNameForWebsiteDuplicate": "Lutemi të përcaktoni emrin e ri për uebsajtin e dublikuar:",
        "websiteAuthorRequired": "Duhet emri i autorit dhe të ketë vetëm shkronja",
        "websiteName": "Emri i uebsajtit",
        "websiteNameAlreadyInUseMsg": "Ky emër po përdoret për një uebsajt tjetër. Lutemi ta provoni prapë.",
        "websiteNameCantBeEmpty": "Mos e lini bosh emrin e uebsajtit. Lutemi ta provoni prapë.",
        "websiteNameRequired": "Duhet emri i uebsajtit",
        "websiteNotFound": "Nuk gjen uebsajtin"
    },
    "supportedFeatures": {
        "featureNames": {
            "authorImages": "imazhet prezantuese me autorë",
            "authorPages": "nënfaqja e autorëve",
            "blockEditor": "editori me blloqe",
            "customComments": "komentet e personalizuara",
            "customSearch": "kërkimi i personalizuar",
            "errorPage": "nënfaqja e gabimeve",
            "searchPage": "nënfaqja e kërkimeve",
            "tagImages": "imazhet prezantuese me etiketa",
            "tagsList": "nënfaqja e listës me etiketa",
            "tagPages": "nënfaqja e etiketave"
        },
        "yourThemeDoNotSupport": "Motivi aktual nuk e mundëson funksionin e kërkuar: {featureName}"
    },
    "sync": {
        "accessID": "ID e aksesit",
        "accessIDFieldCantBeEmpty": "Mos e lini bosh fushën ID e aksesit",
        "acl": "ACL",
        "afterInitialSyncSiteWillBeAvailableOnline": "Uebsajti do të publikohet në internet pas sinkronizimit fillestar",
        "allFilesUploadedPart1": "Ngarkoi me sukses në server të gjithë skedarët.",
        "allFilesUploadedPart2": "Vizitoni uebsajtin duke klikuar butonin e mëposhtëm.",
        "apiRateLimiting": "Limitet e përdorimit të API",
        "apiRateLimitingNote": "Ky opsion duhet çaktivizuar vetëm kur përdorni Github për Ndërmarrjet, që nuk ka limit përdorimi të API. Përndryshe çaktivizimi i këtij opsioni mund të shkaktojë probleme me publikimin.",
        "apiServer": "Serveri për API",
        "apiServerNote": "Vlera duhet ndryshuar vetëm kur përdorni instancën tuaj të GitHub (edicioni për Ndërmarrjet).",
        "authenticationMethod": "Metoda e vërtetimit",
        "branch": "Dega",
        "branchExampleGitHubNote": "Shembuj: <strong>gh-pages</strong>, <strong>docs</strong> ose <strong>main</strong>.",
        "branchExampleGitLabeNote": "Shembuj: <strong>docs</strong>, <strong>main</strong> ose <strong>master</strong>.",
        "branchFieldCantBeEmpty": "Mos e lini bosh fushën e degës",
        "bucket": "Buqeta",
        "bucketFieldCantBeEmpty": "Mos e lini bosh fushën e buqetës",
        "certificates": "Certifikatat",
        "changeServerType": "Ndryshoj llojin e serverit",
        "checkingConnection": "Kontrollon linjën...",
        "clickToChangeDeploymentMethod": "Klikoni për të ndryshuar metodën e publikimit",
        "configureServer": "Konfiguroj serverin",
        "connectedToServer": "Në linjë me serverin",
        "connectingToServer": "Lidhet me serverin...",
        "connectionToServerErrorAdditionalMessage": "Ka një problem me lidhjen me serverin:",
        "connectionToServerErrorMessage": "Ka një problem me lidhjen me serverin. Lutemi të kontrolloni parametrat e tij dhe provojeni prapë.",
        "connectionToServerErrorText": "Ka një problem me lidhjen me serverin...",
        "connectToServerCantStoreFilesErrorMsg": "Gabim! Aplikacioni arriti të lidhej me serverin tuaj, por nuk i depozitoi skedarët. Lutemi të kontrolloni lejet për skedarët në server",
        "connectToServerErrorMsg": "Gabim! Aplikacioni nuk arriti të lidhej me serverin tuaj.",
        "connectToServerSuccessMsg": "Sukses! Aplikacioni arriti të lidhej me serverin tuaj.",
        "deploymentMethodFtpMsg": "Transmetimi nëpërmjet protokollit FTP është i pakoduar, që do të thotë se të dhënat që kalojnë përmes tij, edhe emri apo fjalëkalimi, mund të lexohen po të interceptohen nga dikush. Nëse është e mundur, ju rekomandojmë të përdorni protokollet FTPS ose SFTP.",
        "deploymentMethodGithubPagesMsg": "Për informacion më të hollësishëm mbi konfigurimin e uebsajteve në Github Pages, lexoni <a href=\"https://getpublii.com/docs/host-static-website-github-pages.html\" target=\"_blank\" rel=\"noopener noreferrer\">dokumentacionin</a> e Publii.",
        "deploymentMethodGithubPagesNote": "Ky do të jetë shtegu i repozitorit tuaj në Github sipas formatit të mëposhtëm: <strong>EMRI_JUAJ.github.io/EMRI_I_REPOZITORIT_TUAJ</strong>.<br>Nëse përdorni një emër domeni të personalizuar, thjesht vendosni emrin e tij në fushë.",
        "deploymentMethodGitlabPagesMsg": "Për informacion më të hollësishëm mbi konfigurimin e uebsajteve në GitLab Pages, lexoni <a href=\"https://getpublii.com/docs/host-static-website-gitlab-pages.html\" target=\"_blank\" rel=\"noopener noreferrer\">dokumentacionin</a> e Publii.",
        "deploymentMethodGoogleCloudMsg": "Për informacion më të hollësishëm mbi konfigurimin e uebsajteve në Google Cloud, lexoni <a href=\"https://getpublii.com/docs/make-static-website-google-cloud.html\" target=\"_blank\" rel=\"noopener noreferrer\">dokumentacionin</a> e Publii.",
        "deploymentMethodNetlifyMsg": "Për informacion më të hollësishëm mbi konfigurimin e uebsajteve në Netlify, lexoni <a href=\"https://getpublii.com/docs/build-a-static-website-with-netlify.html\" target=\"_blank\" rel=\"noopener noreferrer\">dokumentacionin</a> e Publii.",
        "deploymentMethodS3Msg": "Për informacion më të hollësishëm mbi konfigurimin e uebsajteve në S3, lexoni <a href=\"https://getpublii.com/docs/setup-static-website-hosting-amazon-s3.html\" target=\"_blank\" rel=\"noopener noreferrer\">dokumentacionin</a> e Publii.",
        "deploymentSettingDatHyperIpfsProtocolNote": "Protokollet \"dat://\", \"hyper://\", \"dweb://\" dhe \"ipfs://\" ju duhen vetëm nëse planifikoni ta përdorni uebsajtin në rrjetet P2P. Lexoni më shumë rreth <a href=\"https://datproject.org/\" target=\"_blank\" rel=\"noopener noreferrer\">dat://</a>, <a href=\"https://hypercore-protocol.org/\" target=\"_blank\" rel=\"noopener noreferrer\">hyper://</a>, <a href=\"https://dwebx.org/\" target=\"_blank\" rel=\"noopener noreferrer\">dweb://</a> dhe <a href=\"https://ipfs.io/\" target=\"_blank\" rel=\"noopener noreferrer\">IPFS</a>",
        "deploymentSettingDoubleSlashProtocolNote": "Vini re: kur përdorni si protokoll \"//\", disa funksione, si etiketat Open Graph, butonët e shpërndarjes etj. nuk do të punojnë siç duhet.",
        "deploymentSettingFileProtocolNote": "Protokolli \"file://\" ju duhet vetëm kur përdorni metodën manuale të publikimit të uebsajteve në intranet.",
        "deploymentSettingRelativeUrlsNote": "Vini re: kur përdorni URL-të relative, disa funksione, si etiketat Open Graph, hartat e uebsajteve, flukset RSS, flukset JSON etj. do të çaktivizohen.",
        "destinationServerNotConfiguredErrorMessage": "Uebsajti nuk mund të sinkronizohet, pasi serveri i destinuar nuk është konfiguruar drejt. <br>Kontrolloni parametrat e serverit që të siguroheni se ka informacion të saktë.",
        "destinationServerNotConfiguredErrorText": "Sigurohuni që serveri i destinuar është konfiguruar siç duhet.",
        "domainNameNotSetErrorMessage": "Uebsajti nuk mund të sinkronizohet, pasi duket sikur mungon emri i domenit. <br>Kontrolloni parametrat e serverit që të siguroheni se e ka emrin e domenit.",
        "domainNameNotSetErrorText": "Sigurohuni që të vendosni emrin e domenit.",
        "duringSyncYouCantChangeFilesLocation": "Nuk ndryshohet vendndodhja e skedarëve gjatë procesit të sinkronizimit.",
        "fieldIsCaseSensitive": "Te kjo fushë duhet respektuar madhësia e germave.",
        "filesNotSyncedErrorMessage": "Lutemi të kontrolloni skedarin hard-upload-errors-log.txt te Instrumentet -&gt; Mbikëqyrësi i protokollit.",
        "filesNotSyncedErrorText": "Disa skedarë nuk u sinkronizuan siç duhet.",
        "ftp": "FTP",
        "ftps": "FTPS",
        "ftpWithSSLTLS": "FTP me SSL/TLS",
        "generatePreviewFiles": "Gjeneroj skedarët e parashikimit",
        "getWebsiteFiles": "Marr skedarët e uebsajtit",
        "github": "GitHub",
        "githubSyncedPart1": "Ndryshimet në Github Pages mund të shfaqen disa minuta pas publikimit, ",
        "githubSyncedPart2": "ndaj ju lutemi të bëni durim.",
        "gitlabPages": "Gitlab Pages",
        "gitlabSyncedPart1": "Ndryshimet në Gitlab Pages mund të shfaqen disa minuta pas publikimit, ",
        "gitlabSyncedPart2": "ndaj ju lutemi të bëni durim.",
        "googleCloud": "Google Cloud",
        "googleCloudPrefixNote": "Uebsajti mund të vendoset në një nëndirektori. Lutemi të mos përdorni viza të pjerrëta në fillim të emrit të prefiksit (d.m.th. <strong>/blog/</strong>) - pasi ato krijojnë direktori të tjera me emrin bosh. Shembull si duhet prefiksi: <strong>blog</strong>.",
        "goToAppSettings": "Shkoj te parametrat e aplikacionit",
        "goToSettings": "Shkoj te parametrat",
        "keyFile": "Skedari-çelës",
        "lastRendered": "Shndërrimi i fundit",
        "lastSync": "Sinkronizimi i fundit",
        "leaveBlankToUseDefaultOutputDirectory": "Lëreni bosh që të përdoret direktoria-output standarde",
        "manualDeployment": "Publikim manual",
        "manualOutputFieldCantBeEmpty": "Mos e anashkaloni përzgjedhjen manuale të outputit",
        "ManualUpload": "Ngarkimi manual",
        "netlify": "Netlify",
        "netlifyToken": "Xhetoni i Netlify",
        "nonCompressedCatalog": "Katalog i pakompresuar",
        "note": "Shënim:",
        "operationsDone": "operacione të kryera",
        "outputDirectory": "Direktoria-output",
        "outputDirectoryNote": "Publii do të krijojë katalogun/skedarin {siteName} në direktorinë e përzgjedhur. Po të ekzistojë do të zëvendësohet nga skedarët e rinj.",
        "outputType": "Lloji i outputit",
        "outputTypeNote": "Publii do të gjenerojë një katalog ose arkiv ZIP/TAR të uebsajtit. Pastaj këta skedarë mund të ngarkohen manualisht në çdo server.",
        "parallelUploads": "Ngarkimet paralele",
        "parallelUploadsNote": "Operacionet e shumta paralele mund të shkaktojnë probleme me ngarkimin kur keni një linjë të ngadaltë interneti ose gabime të llojit 403 për shkak të limiteve të API.",
        "passphraseForKey": "Frazëkalimi si çelës",
        "passphraseForKeyNote": "Kjo fushë duhet përdorur vetëm kur çelësi juaj ka nevojë për një frazëkalim",
        "port": "Porti",
        "portFormatNote": "Mos e lini bosh fushën e portit dhe vendosni numra të plotë pozitivë mes 1 dhe 65535.",
        "prefix": "Prefiksi",
        "preparationError": "Problem me përgatitjen",
        "preparedToUpload": "Gati për ngarkim",
        "preparingFiles": "Përgatit skedarët",
        "previewCatalogDoesNotExistInfo": "Nuk ekziston katalogu i parashikimeve. Lutemi të shkoni fillimisht te Parametrat e aplikacionit dhe të përzgjidhni direktorinë e saktë.",
        "previewChanges": "Parashikoj ndryshimet",
        "provideAccessData": "Jepni të dhënat e aksesit",
        "provideFTPPasswordFor": "Lutemi të vendosni fjalëkalimin FTP për ",
        "provideFTPPasswordForServer": "Lutemi të vendosni fjalëkalimin FTP për serverin e mëposhtëm: ",
        "region": "Rajoni",
        "regionFieldCantBeEmpty": "Mos e anashkaloni përzgjedhjen e rajonit",
        "remotePath": "Shtegu në distancë",
        "remotePathMatchServerOrRootPathNote": "Shtegu duhet të jetë njësoj me shtegun e serverit tuaj, p.sh. public_html/, public_html/blog/ ose me shtegun bazë, p.sh. /home/username/public_html/.",
        "remotePathMatchServerRootPathNote": "Shtegu duhet të jetë njësoj me shtegun bazë të serverit tuaj, p.sh. /public_html/, /public_html/blog/.",
        "repository": "Repozitori",
        "repositoryFieldCantBeEmpty": "Mos e lini bosh fushën e repozitorit",
        "requireCertificateForConnection": "Kërkoj certifikatë të vlefshme për linjën",
        "requireFTPPassAlwaysOnSync": "Kërkoj fjalëkalimin FTP sa herë që sinkronizoj uebsajtin",
        "s3CompatibleStorage": "Depo e përshtatshme S3",
        "s3PrefixNote": "Uebsajti mund të vendoset në një nëndirektori. Lutemi të mos përdorni viza të pjerrëta në fillim të emrit të prefiksit (d.m.th. <strong>/blog/</strong>) - pasi ato krijojnë direktori të tjera me emrin bosh. Shembull si duhet prefiksi: <strong>blog/</strong>.",
        "s3ProviderEndpoint": "Operatori final S3",
        "s3ProviderEndpointNote": "Mos e lini bosh operatorin final të personalizuar kur keni zgjedhur \"Përdor një operator të personalizuar S3\"",
        "secretKey": "Çelësi sekret",
        "secretKeyFieldCantBeEmpty": "Mos e lini bosh fushën e çelësit sekret",
        "selectServerType": "Përzgjidhni llojin e serverit:",
        "serverFieldCantBeEmpty": "Mos e lini bosh fushën e serverit.",
        "serverGitLabNote": "Vlera duhet ndryshuar vetëm kur përdorni instancën tuaj të GitLab.",
        "serverSettingsSaveErrorMsg": "Publii nuk mund të regjistrojë parametrat, sepse ka një problem me programin për ruajtjen e sigurt të fjalëkalimeve. Hapeni aplikacionin nga e para dhe provojeni prapë. Nëse problemi vijon, ju lutemi ta raportoni në forumin e komunitetit.",
        "serverSettingsSaveLinuxErrorMsg": "Publii nuk mund të regjistrojë parametrat, sepse nuk është instaluar asnjë program për ruajtjen e sigurt të fjalëkalimeve. Ndiqni udhëzimet për instalimin e Node Keytar te https://github.com/atom/node-keytar/ dhe provojeni prapë. Me shumë gjasë, sistemit tuaj i mungojnë paketat libsecret-1-dev dhe gnome-keyring.",
        "serverSettingsSaveSuccessMsg": "Regjistroi me sukses parametrat e serverit.",
        "settings": "Parametrat",
        "sftp": "SFTP",
        "sftpKeyNote": "Lutemi të përzgjidhni skedarin-çelës",
        "sftpWithKey": "SFTP (me çelës)",
        "sftpWithPassword": "SFTP (me fjalëkalim)",
        "siteFieldCantBeEmpty": "Mos e lini bosh fushën ID e uebsajtit",
        "siteID": "ID e uebsajtit",
        "siteIsInSync": "Uebsajti është sinkronizuar",
        "syncFTPNoPasswordMsg": "Uebsajti nuk mund të sinkronizohet pa fjalëkalimin. Lutemi ta provoni prapë",
        "syncInProgress": "Vijon sinkronizimin",
        "syncInProgressMessage": "Nuk ndryshohet emri i uebsajtit gjatë procesit të sinkronizimit.",
        "syncYourWebsite": "Sinkronizoj uebsajtin",
        "tarArchive": "Arkiv TAR",
        "testConnection": "Testoj linjën",
        "testConnectionNoPasswordMsg": "Nuk testohet linja pa fjalëkalimin. Lutemi ta provoni prapë",
        "token": "Xhetoni",
        "tokenFieldCantBeEmpty": "Mos e lini bosh fushën e xhetonit",
        "uploadingWebsite": "Ngarkon uebsajtin",
        "useCustomS3Provider": "Përdor operator të personalizuar S3",
        "useCustomS3ProviderNote": "Vini re: AWS është operatori standard S3. Kur të përdorni një operator alternativ duhet plotësuar fusha \"Operatori final S3\".",
        "useFtps": "Përdor FTP me SSL/TLS",
        "useRelativeURLs": "Përdor URL relative",
        "username": "Përdoruesi",
        "usernameFieldCantBeEmpty": "Mos e lini bosh fushën e përdoruesit.",
        "usernameOrganization": "Përdoruesi / Organizata",
        "visitWebsite": "Vizitoj uebsajtin",
        "visitYourWebsite": "Vizitoni uebsajtin",
        "websiteFilesPreparedInfo": "Skedarët e uebsajtit janë gati. Përdorni butonin \"Marr skedarët e uebsajtit\" <br>për t’i marrë e publikuar.",
        "websiteLinkInvalidMsg": "Ndjesë! Lidhja me uebsajtin duket e pavlefshme.",
        "websiteSynchronization": "Sinkronizimi i uebsajtit",
        "websiteSynchronizationInfo": "Skedarët dublikatë do të mbishkruhen, si edhe emrat e atyre që ndodhen tashmë në destinacion ose <br>ngjasojnë me skedarët e gjeneruar nga Publii.",
        "websiteURL": "URL e uebsajtit",
        "youHaventSelectedAnyThemeInfo": "Nuk keni përzgjedhur asnjë motiv. Lutemi të shkoni fillimisht te Parametrat dhe të përzgjidhni motivin.",
        "yourJSONKey": "Çelësi JSON",
        "yourJSONKeyFieldCantBeEmpty": "Mos e anashkaloni përzgjedhjen e skedarit-çelës JSON",
        "yourPrivateKey": "Çelësi privat",
        "yourWebsiteIsInSync": "Uebsajti është sinkronizuar tani",
        "zipArchive": "Arkiv ZIP"
    },
    "tag": {
        "addNewTag": "Shtoj etiketë të re",
        "addThisAsNewTag": "Shtoj këtë si etiketë të re",
        "createFirstTag": "Nuk keni ende asnjë etiketë. Le të krijojmë të parën!",
        "editTag": "Përpunoj etiketën",
        "filterOrSearchTags": "Filtroni ose kërkoni etiketat...",
        "hideTag": "Fsheh etiketën",
        "leaveBlankToUseDefaultTagPageURL": "Lëreni bosh që të përdoret URL standarde e faqes së etiketës",
        "mainTag": "Etiketa kryesore",
        "newTagHasBeenCreated": "Krijoi etiketë të re",
        "noMainTagForPostMsg": "Kur postimi ka etiketa, por nuk ka një etiketë kryesore, e para do të përcaktohet sipas rendit alfabetik.",
        "noSupportFoFeaturedImagesForTags": "Motivi juaj nuk i mundëson imazhet prezantuese për etiketat.",
        "noTagsAvailable": "Nuk keni etiketa",
        "noTagsMatchingYourCriteria": "Nuk ka etiketa që i plotësojnë këto kritere.",
        "removeTagMessage": "Vërtet do i hiqni etiketat e përzgjedhura?",
        "removeTagSuccessMessage": "Hoqi etiketat e përzgjedhura",
        "themeDoesNotSupportForTagPagesInTheme": "Opsioni \"Regjistroj & Parashikoj\" nuk mundësohet, pasi motivi që keni nuk i përdor faqet e etiketave.",
        "selectTag": "Përzgjidhni etiketën",
        "selectTagPage": "Përzgjidhni faqen e etiketës",
        "tag": "Etiketa",
        "tagDataParsingErrorMessage": "Ka një problem me analizimin e të dhënave të etiketës me ID: ",
        "tagHasBeenEdited": "Përpunoi etiketën",
        "tagIsNotAllowed": "Kjo etiketë nuk lejohet",
        "tagLink": "Lidhje me etiketën",
        "tagName": "Emri i etiketës:",
        "tagNameCannotBeEmptyErrorMessage": "Mos e lini bosh emrin e etiketës. Lutemi të vendosni një emër.",
        "tagNameInUseErrorMessage": "Ky emër etikete po përdoret tashmë. Lutemi të provoni një emër tjetër.",
        "tagNameNotAllowedErrorMessage": "Emri/klisheja e etiketës së përzgjedhur nuk lejohet.",
        "tagNameSimilarInUseErrorMessage": "Ky emër etikete po përdoret tashmë; për emrat nuk respektohet madhësia e germave. Lutemi të provoni një emër tjetër.",
        "tagPage": "Faqja e etiketës",
        "tagsListLink": "Lidhje me listën e etiketave",
        "tagStatusChangeSuccessMessage": "Ndryshoi statusi i etiketave të përzgjedhura",
        "tagWillNotAppearInGeneratedTagLists": "Etiketa nuk do të shfaqet në listat e gjeneruara, siç janë faqet e postimeve apo etiketave.",
        "thisTagIsHidden": "Etiketa është fshehur",
        "toUseThisOptionEnableIndexingTagPages": "Më parë duhet aktivizuar indeksimi i faqeve të etiketave te parametrat SEO."
    },
    "theme": {
        "addThemeSuccessMessage": "Shtoi me sukses motivin.",
        "authorsPostsPerPage": "Postimet me autorë për faqe:",
        "authorsPostsPerPageInfo": "Përdorni vlerën -1 nëse doni të shfaqni të gjitha postimet e autorëve.",
        "changeAppTheme": "Ndryshoj motivin e aplikacionit",
        "customSettings": "Parametrat e personalizuar",
        "defaultPostTemplate": "Modeli standard i postimit",
        "defaultTemplate": "Modeli standard",
        "deleteTheme": "Fshij motivin",
        "dropYourThemeHere": "Hidheni këtu motivin",
        "excerptLength": "Gjatësia e ekstraktit:",
        "getMoreThemes": "Gjej motive të tjera",
        "goToThemesManager": "Shkoni te administruesi i motiveve",
        "installTheme": "Instaloj motivin",
        "leaveBlankToUseDefault": "Lëreni bosh që të përdoret vlera standarde",
        "postOptions": "Opsionet e postimit",
        "postOptionsInfo": "Ky seksion ju lejon të përcaktoni opsionet globale për informacionet shtesë që duhen përfshirë në postimet tuaja. Ndryshimet që bëni këtu do të kenë efekt në të gjitha postimet e uebsajtit, por Parametrat e Aplikacionit mund të ndryshohen rast pas rasti po të doni t’i përpunoni vetë.",
        "postsPerPage": "Postimet për faqe:",
        "postsPerPageInfo": "Përdorni vlerën -1 nëse doni të shfaqni të gjitha postimet.",
        "removeThemeMessage": "Vërtet do e hiqni motivin {themeName}?",
        "removeThemeSuccessMessage": "Hoqi me sukses motivin.",
        "resetThemeSettings": "Kthej parametrat fillestarë të motivit",
        "saveSettingsSuccessMessage": "Regjistroi me sukses parametrat e motivit.",
        "selectTheme": "Përzgjidhni motivin",
        "settingsResetMessage": "Vërtet do i ktheni parametrat fillestarët të motivit?",
        "settingsResetSuccessMessage": "Ktheu parametrat e motivit në gjendjen fillestare.",
        "tagsPostsPerPage": "Postimet me etiketa për faqe:",
        "tagsPostsPerPageInfo": "Përdorni vlerën -1 nëse doni të shfaqni të gjitha postimet me etiketa.",
        "themes": "Motivet",
        "themeSettings": "Parametrat e motivit",
        "translations": "Përkthimet",
        "translationsInfo": "Nëse doni të përktheni frazat e motiveve në gjuhë të ndryshme nga anglishtja - lutemi të lexoni dokumentacionin për <a href=\"https://getpublii.com/dev/translations-api/\" target=\"_blank\" rel=\"noopener noreferrer\">API e Përkthimeve</a><br><br>",
        "updateThemeSuccessMessage": "Përditësoi me sukses motivin.",
        "uploadThemeErrorMessage": "Skedarët e ngarkuar janë të pasaktë. Lutemi të ngarkoni direktorinë ose skedarin ZIP të motivit.",
        "websiteLogo": "Logoja e uebsajtit:"
    },
    "tools": {
        "css": {
            "customCSS": "Personalizoj CSS",
            "customCSSSaveSuccessMsg": "Regjistroi me sukses CSS e personalizuar.",
            "normal": "Normal",
            "putCustomCSSAMPComment": "Vendoseni këtu kodin e personalizuar CSS (do të përdoret vetëm nga AMP)",
            "putCustomCSSComment": "Vendoseni këtu kodin e personalizuar CSS"
        },
        "customHTML": "Personalizoj HTML",
        "find": "Gjeni:",
        "findAndReplace": "Gjeni dhe zëvendësoni:",
        "findAndReplaceShortcut": "Ctrl + Alt + F",
        "findAndReplaceShortcutMac": "Cmd + Alt + F",
        "findShortcut": "Ctrl + F",
        "findShortcutMac": "Cmd + F",
        "goToTools": "Shkoj te instrumentet",
        "logFileEmpty": "Skedari i protokollit është bosh...",
        "logViewer": "Mbikëqyrësi i protokollit",
        "pluginActivationError": "Fisha nuk aktivizohet - lutemi ta provoni prapë",
        "pluginDeactivationError": "Fisha nuk çaktivizohet - lutemi ta provoni prapë",
        "selectFileToLoad": "Përzgjidhni skedarin për ngarkim",
        "thumbnails": {
            "listRegeneratedFiles": "Lista e skedarëve të gjeneruar:",
            "processingRegenerateThumbnailsInfo": "Me shtypjen e butonit Rigjeneroj miniaturat do të fillojë gjenerimi i përmasave të reja të imazheve, siç janë përcaktuar në motivin tuaj të ri.",
            "progress": "Progresi: ",
            "regenerateThumbnails": "Rigjeneroj miniaturat",
            "regenerateThumbnailsInfo": "Nëse keni ndryshuar motivin ose keni probleme me imazhet reaktive, mund t’i rigjeneroni ato me butonin e mëposhtëm. Kjo zgjat pak kur uebsajti ka shumë imazhe, ndaj ju lutemi të bëni durim.",
            "regenerateThumbnailsNotNecessaryInfo": "Deri tani nuk keni përzgjedhur një motiv për uebsajtin. Rigjenerimi i miniaturave do të ishte i panevojshëm.",
            "regeneratingThumbnails": "Rigjeneron miniaturat...",
            "skipRegeneration": "Anashkaloj rigjenerimin",
            "themeOrThumbnailsSettingsChanged": "Ndryshoi motivi ose parametrat e miniaturave.",
            "thumbnailsCreated": "Krijoi të gjitha miniaturat.",
            "thumbnailsRegenerationCancelled": "Anuloi rigjenerimin e miniaturave."
        },
        "wpImport": {
            "addTagsToContentAutomatically": "Shtoj automatikisht etiketat <p> dhe <br> te materiali i postuar",
            "categories": "Kategoritë",
            "checkingWXRFile": "Kontrollon skedarin e përzgjedhur WXR",
            "contentFormatting": "Formatimi i përmbajtjes:",
            "duringWXRAnalyzeWeHaveFound": "Gjetjet nga analiza e WXR",
            "importAuthors": "Importoj autorët",
            "importData": "Importoj të dhënat",
            "importingData": "Importon të dhënat",
            "importNote": "Postimet do të importohen në formatin e përshtatshëm për editorin WYSIWYG.",
            "importSelectedTypesOfPosts": "Importoni llojet e përzgjedhura të postimeve:",
            "pages": "faqet",
            "postAuthors": "Autorët e postimeve",
            "selectWXRFileLabel": "Lutemi të përzgjidhni skedarin WXR:",
            "selectWXRFilePlaceholder": "Përzgjidhni skedarin WXR për importim",
            "usedTaxonomyForPosts": "Taksonomia e përdorur për postimet:",
            "useMainAuthor": "Përdor autorin kryesor te Publii",
            "wpImporter": "Importoj nga WP",
            "wpImportGoToRegenerateMsg": "Importoi të dhënat tuaja nga WordPress. Nëse keni përzgjedhur tashmë një motiv, mund t’ju duhet të rigjeneroni miniaturat."
        }
    },
    "toolsPlugin": {
        "pluginSettingsLoadError": "Ka një problem me hapjen e parametrave të fishës",
        "pluginSettingsSaveSuccess": "Regjistroi me sukses parametrat e fishës",
        "pluginSettingsSaveError": "Ka një problem me regjistrimin e parametrave të fishës",
        "tabsLabel": "Parametrat e fishës",
        "thisPluginHasNoOptions": "Fisha nuk ka opsione të tjera..."
    },
    "ui": {
        "aboutPublii": "Për Publii-n",
        "alternativeText": "Teksti alternativ",
        "AMP": "AMP",
        "appConfiguration": "Konfigurimi i aplikacionit",
        "applyChanges": "Zbatoj ndryshimet",
        "authors": "Autorët",
        "backToTools": "Kthehem te Instrumentet",
        "backToPosts": "Postimet",
        "basicInformation": "Informacioni bazë",
        "beautifyCode": "Zbukuroj kodin",
        "cancel": "Anuloj",
        "cancelPostWarningMsg": "Ndryshimet që nuk janë regjistruar do të humbasin - doni të vijoni?",
        "canonicalURL": "URL kanonike",
        "caption": "Diçitura",
        "checkDocumentation": "Lexoni dokumentacionin e Publii",
        "close": "Mbyll",
        "copyToClipboard": "Kopjoj në memorie",
        "credits": "Mirënjohje",
        "customLink": "Lidhje e personalizuar",
        "customTemplate": "Modeli i personalizuar",
        "delete": "Fshij",
        "description": "Përshkrimi",
        "donate": "Ndihmoj financiarisht",
        "edit": "Përpunoj",
        "featuredImage": "Imazhi prezantues",
        "fillAllRequiredFields": "Lutemi të plotësoni të gjitha fushat e kërkuara",
        "frontpageLink": "Lidhje me kryefaqen",
        "gdprBreakingChangesConfirmMsg": "Kemi ndryshuar mjaft nga parametrat në seksionin për Sferën Private (ish-GDPR). Rekomandojmë që të rishikoni parametrat dhe t’i regjistroni sërish.",
        "githubRepository": "Repozitori në Github",
        "goBack": "Kthehem",
        "goToPluginCustomOptions": "Fsheh opsionet shtesë",
        "goToPluginStandardOptions": "Tregoj opsionet shtesë",
        "goToSettings": "Shkoj te parametrat për Sferën Private",
        "help": "Ndihmë",
        "hide": "Fsheh",
        "hideThisNotification": "Fsheh njoftimin",
        "id": "ID",
        "ifCanonicalUrlIsSetMetaRobotsTagIsIgnored": "Kur aktivizoni URL-të kanonike, etiketa e metarobotëve nuk do të merret parasysh.",
        "indexFollow": "index, follow",
        "indexNofollow": "index, nofollow",
        "indexFollowNoArchive": "index, follow, noarchive",
        "indexNofollowNoArchive": "index, nofollow, noarchive",
        "iUnderstand": "Në rregull, kuptoj",
        "lastModified": "Modifikimi i fundit",
        "leaveBlankToUseDefaultPageTitle": "Lëreni bosh që të përdoret titulli standard i faqes",
        "linkTarget": "Objektivi i lidhjes",
        "loading": "Hap...",
        "menus": "Menutë",
        "metaDescription": "Metapërshkrimi",
        "metaRobotsIndex": "Indeksimi nga metarobotët",
        "minimize": "Minimizoj",
        "more": "Më shumë",
        "moreInformationOnPublii": "Më shumë informacion për Publii",
        "moreItems": "Zëra të tjerë",
        "name": "Emri",
        "newWindow": "Dritarja e re",
        "noindexFollow": "noindex, follow",
        "noindexNofollow": "noindex, nofollow",
        "none": "Asnjë",
        "notAvailableInYourTheme": "Nuk e mundëson motivi",
        "notSet": "Papërcaktuar",
        "of": "nga",
        "ok": "OK",
        "otherOptions": "Opsionet e tjera",
        "pages": "Faqet",
        "pageTitle": "Titulli i faqes",
        "pleaseFillAllRequiredFields": "Lutemi të plotësoni të gjitha fushat e kërkuara",
        "posts": "Postimet",
        "preview": "Parashikoj",
        "previewFrontPageOnly": "Parashikoj vetëm kryefaqen",
        "previewFullWebsite": "Parashikoj gjithë uebsajtin",
        "publiiOnGithub": "Kontrolloni Publii në Github",
        "publishAndClose": "Publikoj dhe mbyll",
        "publishPost": "Publikoj postimin",
        "renderFrontPageOnly": "Shndërroj vetëm kryefaqen",
        "renderFullWebsite": "Shndërroj gjithë uebsajtin",
        "reportBugInSupportDesk": "Raportoni problemet me programin",
        "reportIssue": "Raportoj një problem",
        "sameWindow": "Dritarja aktuale",
        "save": "Regjistroj",
        "saveAndClose": "Regjistroj dhe mbyll",
        "saveAndPreview": "Regjistroj dhe parashikoj",
        "saveAndRender": "Regjistroj dhe shndërroj",
        "saveAsDraft": "Regjistroj si draft",
        "saveChanges": "Regjistroj ndryshimet",
        "saveDraft": "Regjistroj draftin",
        "saveDraftAndClose": "Regjistroj draftin dhe mbyll",
        "search": "Kërkoni...",
        "selectOption": "Përzgjidhni opsionin",
        "selectWebsite": "Përzgjidhni uebsajtin",
        "seo": "SEO",
        "server": "Serveri",
        "show": "Tregoj",
        "slug": "Klisheja",
        "supportPublii": "Bëni një donacion në mbështetje të Publii!",
        "tags": "Etiketat",
        "theme": "Motivi",
        "tools": "Instrumentet dhe fishat",
        "unhide": "Zbuloj",
        "uploadInProgress": "Vijon ngarkimin...",
        "whatsNew": "Çfarë ka të re?"
    }
}
