{
    "Action": "Akcja",
    "Activity": "Aktywność",
    "Address": "Adres",
    "Advanced": "Zaawansowane",
    "Align": "Wyrównaj",
    "Align center": "Wyrównaj do środka",
    "Align left": "Wyrównaj do lewej",
    "Align right": "Wyrównaj do prawej",
    "Alignment": "Wyrównanie",
    "All": "Wszystkie",
    "Alternative source": "Alternatywne źródło",
    "Alternative source URL": "Alternatywny URL źródła",
    "Anchor": "Kotwica",
    "Anchor...": "Kotwica",
    "Anchors": "Kotwice",
    "Animals and Nature": "Zwierzęta i natura",
    "Arrows": "Strzałki",
    "B": "B",
    "Background color": "Kolor tła",
    "Black": "Czarny",
    "Block": "Zablokuj",
    "Blockquote": "Blok cytatu",
    "Blue": "Niebieski",
    "Body": "Treść",
    "Bold": "Pogrubienie",
    "Border": "Ramka",
    "Border color": "Kolor ramki",
    "Border style": "Styl ramki",
    "Border width": "Grubość ramki",
    "Bottom": "Dół",
    "Browse for an image": "Przeglądaj zdjęcia",
    "Bullet list": "Lista wypunktowana",
    "Cancel": "Anuluj",
    "Capitalization": "Jak w zdaniu",
    "Caption": "Tytuł",
    "Cell": "Komórka",
    "Cell padding": "Dopełnienie komórki",
    "Cell properties": "Właściwości komórki",
    "Cell spacing": "Odstępy komórek",
    "Cell type": "Typ komórki",
    "Center": "Środek",
    "Characters": "Znaki",
    "Characters (no spaces)": "Znaki (bez spacji)",
    "Circle": "Kółko",
    "Class": "Klasa CSS",
    "Clear formatting": "Wyczyść formatowanie",
    "Close": "Zamknij",
    "Code": "Kod",
    "Code sample": "Przykład kodu źródłowego",
    "Color": "Kolor",
    "Color Picker": "Selektor kolorów",
    "Color swatch": "Próbka koloru",
    "Cols": "Kol.",
    "Column": "Kolumna",
    "Column group": "Grupa kolumn",
    "Constrain proportions": "Zachowaj proporcje",
    "Copy": "Kopiuj",
    "Copy row": "Kopiuj wiersz",
    "Could not find the specified string.": "Nie znaleziono poszukiwanego tekstu.",
    "Could not load emoticons": "Nie można załadować emoji",
    "Count": "Liczba",
    "Currency": "Waluta",
    "Current window": "Bieżące okno",
    "Custom color": "Kolor niestandardowy",
    "Custom...": "Niestandardowy...",
    "Cut": "Wytnij",
    "Cut row": "Wytnij wiersz",
    "Dark Blue": "Ciemnoniebieski",
    "Dark Gray": "Ciemnoszary",
    "Dark Green": "Ciemnozielony",
    "Dark Orange": "Ciemnopomarańczowy",
    "Dark Purple": "Ciemnopurpurowy",
    "Dark Red": "Ciemnoczerwony",
    "Dark Turquoise": "Ciemnoturkusowy",
    "Dark Yellow": "Ciemnożółty",
    "Date/time": "Data/Czas",
    "Decrease indent": "Zmniejsz wcięcie",
    "Default": "Domyślne",
    "Delete column": "Usuń kolumnę",
    "Delete row": "Usuń wiersz",
    "Delete table": "Usuń tabelę",
    "Dimensions": "Wymiary",
    "Disc": "Dysk",
    "Div": "Div",
    "Document": "Dokument",
    "Document properties": "Właściwości dokumentu",
    "Drop an image here": "Upuść obraz tutaj",
    "Edit": "Edycja",
    "Edit image": "Edytuj obrazek",
    "Embed": "Osadź",
    "Emoticons": "Emoji",
    "Emoticons...": "Emoji",
    "Error": "Błąd",
    "Extended Latin": "Rozszerzony łaciński",
    "Failed to upload image: {0}": "Nie udało się przesłać obrazu: {0}",
    "Find": "Znajdź",
    "Find and replace": "Znajdź i zamień",
    "Find and replace...": "Znajdź i zamień...",
    "Find whole words only": "Znajdź tylko całe wyrazy",
    "Finish": "Zakończ",
    "Flags": "Flagi",
    "Font": "Font",
    "Font Sizes": "Rozmiar fontu",
    "Fonts": "Fonty",
    "Food and Drink": "Jedzenie i picie",
    "Footer": "Stopka",
    "Format": "Format",
    "Format Painter": "Malarz formatów",
    "Formats": "Formaty",
    "Fullscreen": "Pełny ekran",
    "G": "G",
    "General": "Ogólne",
    "Gray": "Szary",
    "Green": "Zielony",
    "H Align": "Wyrównanie w pionie",
    "Header": "Nagłówek",
    "Header 1": "Nagłówek H1",
    "Header 2": "Nagłówek H2",
    "Header 3": "Nagłówek H3",
    "Header 4": "Nagłówek H4",
    "Header 5": "Nagłówek H5",
    "Header 6": "Nagłówek H6",
    "Header cell": "Komórka nagłówka",
    "Headers": "Nagłówki",
    "Heading 1": "Nagłówek H1",
    "Heading 2": "Nagłówek H2",
    "Heading 3": "Nagłówek H3",
    "Heading 4": "Nagłówek H4",
    "Heading 5": "Nagłówek H5",
    "Heading 6": "Nagłówek H6",
    "Headings": "Nagłówki",
    "Height": "Wysokość",
    "Help": "Pomoc",
    "Horizontal line": "Pozioma linia",
    "Horizontal space": "Odstęp poziomy",
    "Id": "Identyfikator",
    "Id should start with a letter, followed only by letters, numbers, dashes, dots, colons or underscores.": "Identyfikator powinien zaczynać się zawsze literą, dozwolone są litery, numery, ukośniki, kropki, dwukropki i podłogi",
    "Ignore": "Ignoruj",
    "Ignore all": "Ignoruj wszystko",
    "Image": "Obraz",
    "Image description": "Opis obrazka",
    "Image list": "Lista obrazków",
    "Image options": "Opcje obrazu",
    "Image title": "Tytuł obrazu",
    "Image...": "Obraz",
    "Increase indent": "Zwiększ wcięcie",
    "Inline": "W tekście",
    "Insert": "Wstaw",
    "Insert column after": "Wstaw kolumnę po",
    "Insert column before": "Wstaw kolumnę przed",
    "Insert date/time": "Wstaw datę/czas",
    "Insert image": "Wstaw obrazek",
    "Insert link": "Wstaw link",
    "Insert row after": "Wstaw wiersz po",
    "Insert row before": "Wstaw wiersz przed",
    "Insert table": "Wstaw tabelę",
    "Insert video": "Wstaw wideo",
    "Insert/Edit Link": "Wstaw/Edytuj link",
    "Insert/edit iframe": "Wstaw/edytuj iframe",
    "Insert/edit image": "Wstaw lub zmień obrazek",
    "Insert/edit link": "Wstaw/edytuj link",
    "Insert/edit media": "Wstaw/Edytuj media",
    "Insert/edit video": "Wstaw/edytuj wideo",
    "Italic": "Kursywa",
    "Justify": "Wyjustuj",
    "Keyboard Navigation": "Nawigacja za pomocą klawiatury",
    "Language": "Język",
    "Left": "Lewo",
    "Left to right": "Od lewej do prawej",
    "Light Blue": "Jasnoniebieski",
    "Light Gray": "Jasnoszary",
    "Light Green": "Jasnozielony",
    "Light Purple": "Jasnopurpurowy",
    "Light Red": "Jasnoczerwony",
    "Light Yellow": "Jasnożółty",
    "Link": "Adres linku",
    "Link list": "Lista linków",
    "Link...": "Link...",
    "Loading emoticons...": "Ładowanie emoji...",
    "Lower Alpha": "Małe litery",
    "Lower Greek": "Małe greckie",
    "Lower Roman": "Małe rzymskie",
    "Match case": "Dopasuj wielkość liter",
    "Mathematical": "Matematyczne",
    "Media": "Media",
    "Media poster (Image URL)": "Okładka (URL obrazu)",
    "Media...": "Multimedia...",
    "Medium Blue": "średnioniebieski",
    "Medium Gray": "Średnioszary",
    "Medium Purple": "średniopurpurowy",
    "Merge cells": "Połącz komórki",
    "Middle": "Środek",
    "Midnight Blue": "Nocny błękit",
    "More...": "Więcej...",
    "Name": "Nazwa",
    "Navy Blue": "Ciemnoniebieski",
    "New window": "Nowe okno",
    "Next": "Nast.",
    "No": "Nie",
    "No color": "Bez koloru",
    "Nonbreaking space": "Niełamliwa spacja",
    "None": "Brak",
    "Numbered list": "Lista numerowana",
    "OR": "LUB",
    "Objects": "Obiekty",
    "Ok": "Ok",
    "Open help dialog": "Otwórz okno dialogowe pomocy",
    "Open link in...": "Otwórz link w...",
    "Orange": "Pomarańczowy",
    "Page break": "Podział strony",
    "Paragraph": "Akapit",
    "Paste": "Wklej",
    "Paste as text": "Wklej jako zwykły tekst",
    "Paste or type a link": "Wklej lub wpisz adres linka",
    "Paste row after": "Wklej wiersz po",
    "Paste row before": "Wklej wiersz przed",
    "Paste your embed code below:": "Wklej tutaj kod do osadzenia:",
    "People": "Ludzie",
    "Permanent Pen Properties": "Właściwości markera",
    "Permanent pen properties...": "Właściwości markera...",
    "Poster": "Okładka",
    "Powered by {0}": "Powered by {0}",
    "Pre": "Tekst preformatowany",
    "Preferences": "Ustawienia",
    "Preformatted": "Wstępne formatowanie",
    "Prev": "Poprz.",
    "Preview": "Podgląd",
    "Previous": "Poprzedni",
    "Print": "Drukuj",
    "Print...": "Drukuj...",
    "Purple": "Purpurowy",
    "Quotations": "Cudzysłowy",
    "R": "R",
    "Red": "Czerwony",
    "Redo": "Powtórz",
    "Remove color": "Usuń kolor",
    "Remove link": "Usuń link",
    "Replace": "Zamień",
    "Replace all": "Zamień wszystko",
    "Replace with": "Zamień na",
    "Restore last draft": "Przywróć ostatni szkic",
    "Rich Text Area. Press ALT-0 for help.": "Obszar tekstu sformatowanego. Naciśnij ALT-0, aby uzyskać pomoc.",
    "Rich Text Area. Press ALT-F9 for menu. Press ALT-F10 for toolbar. Press ALT-0 for help": "Obszar Edycji. ALT-F9 - menu. ALT-F10 - pasek narzędzi. ALT-0 - pomoc",
    "Right": "Prawo",
    "Right to left": "Od prawej do lewej",
    "Row": "Wiersz",
    "Row group": "Grupa wierszy",
    "Row properties": "Właściwości wiersza",
    "Row type": "Typ wiersza",
    "Rows": "Wiersz.",
    "Save": "Zapisz",
    "Scope": "Kontekst",
    "Search": "Wyszukaj",
    "Select all": "Zaznacz wszystko",
    "Select...": "Wybierz...",
    "Selection": "Zaznaczenie",
    "Shortcut": "Skrót",
    "Show caption": "Pokaż podpis",
    "Show invisible characters": "Pokaż niewidoczne znaki",
    "Size": "Rozmiar",
    "Source": "Kod HTML",
    "Source code": "Kod źródłowy",
    "Special character": "Znak specjalny",
    "Special character...": "Znak specjalny",
    "Spellcheck": "Sprawdzanie pisowni",
    "Split cell": "Podziel komórki",
    "Square": "Kwadrat",
    "Strikethrough": "Przekreślenie",
    "Style": "Styl",
    "Subscript": "Indeks dolny",
    "Superscript": "Indeks górrny",
    "Switch to or from fullscreen mode": "Włącz lub wyłącz tryb pełnoekranowy",
    "Symbols": "Symbole",
    "System Font": "Font systemowy",
    "Table": "Tabela",
    "Table of Contents": "Spis treści",
    "Table properties": "Właściwości tabeli",
    "Target": "Cel",
    "Text": "Tekst",
    "Text color": "Kolor tekstu",
    "Text to display": "Tekst do wyświetlenia",
    "The URL you entered seems to be an email address. Do you want to add the required mailto: prefix?": "Wprowadzony adres wygląda na adres e-mail. Czy chcesz dodać mailto: jako prefiks?",
    "The URL you entered seems to be an external link. Do you want to add the required http:// prefix?": "Wprowadzony adres wygląda na link zewnętrzny. Czy chcesz dodać http:// jako prefiks?",
    "Title Case": "Jak Nazwy Własne",
    "To open the popup, press Shift+Enter": "Aby otworzyć okienko, naciśnij Shift+Enter",
    "Tools": "Narzędzia",
    "Top": "Góra",
    "Travel and Places": "Podróże i miejsca",
    "Turquoise": "Turkusowy",
    "UPPERCASE": "WIELKIE LITERY",
    "Underline": "Podkreślenie",
    "Undo": "Cofnij",
    "Update": "Aktualizuj",
    "Upload": "Prześlij",
    "Upper Alpha": "Wielkie litery",
    "Upper Roman": "Wielkie rzymskie",
    "Url": "URL",
    "User Defined": "Własny",
    "V Align": "Wyrównanie w poziomie",
    "Valid": "Prawidłowe",
    "Version": "Wersja",
    "Vertical space": "Odstęp pionowy",
    "View": "Widok",
    "Warn": "Ostrzeżenie",
    "White": "Biały",
    "Whole words": "Całe słowa",
    "Width": "Szerokość",
    "Word count": "Liczba słów",
    "Words": "Słowa",
    "Words: {0}": "Słów: {0}",
    "Yellow": "Żółty",
    "Yes": "Tak",
    "You have unsaved changes are you sure you want to navigate away?": "Masz niezapisane zmiany. Czy na pewno chcesz opuścić ten widok?",
    "alignment": "wyrównanie",
    "comments": "komentarze",
    "example": "przykład",
    "formatting": "formatowanie",
    "history": "historia",
    "indentation": "wcięcie",
    "lowercase": "małe litery",
    "permanent pen": "marker",
    "styles": "style",
    "{0} characters": "{0} znaków",
    "{0} words": "{0} słów"
}
