{
    "Action": "Veprimi",
    "Activity": "Aktivitete",
    "Address": "Adresë",
    "Advanced": "Avancuar",
    "Align": "Radhit",
    "Align center": "Centroj",
    "Align left": "Radhit majtas",
    "Align right": "Radhit djathtas",
    "Alignment": "Radhitja",
    "All": "Të gjitha",
    "Alternative source": "Burimi alternativ",
    "Alternative source URL": "URL e burimit alternativ",
    "Anchor": "Spiranca",
    "Anchor...": "Spiranca...",
    "Anchors": "Spirancat",
    "Animals and Nature": "Kafshë dhe natyrë",
    "Arrows": "Shigjetat",
    "B": "B",
    "Background color": "Ngjyra e sfondit",
    "Black": "Zezë",
    "Block": "Bllok",
    "Blockquote": "Citat",
    "Blue": "Blu",
    "Body": "Trupi",
    "Bold": "Trash",
    "Border": "Bordura",
    "Border color": "Ngjyra e bordurës",
    "Border style": "Stili i bordurës",
    "Border width": "Gjerësia e bordurës",
    "Bottom": "Fund",
    "Browse for an image": "Shfletoj për imazhin",
    "Bullet list": "Listë me pika",
    "Cancel": "Anuloj",
    "Capitalization": "Kapitalizimi",
    "Caption": "Diçitura",
    "Cell": "Qeliza",
    "Cell padding": "Mbushja mes qelizave",
    "Cell properties": "Karakteristikat e qelizës",
    "Cell spacing": "Hapësira mes qelizave",
    "Cell type": "Lloji i qelizës",
    "Center": "Qendër",
    "Characters": "Germat",
    "Characters (no spaces)": "Germat (pa hapësira)",
    "Circle": "Rreth",
    "Class": "Klasa",
    "Clear formatting": "Heq formatimin",
    "Close": "Mbyll",
    "Code": "Kod",
    "Code sample": "Kampioni i kodit",
    "Color": "Ngjyra",
    "Color Picker": "Mbledhësi i ngjyrave",
    "Color swatch": "Ngjyra mostër",
    "Cols": "Kol",
    "Column": "Shtylla",
    "Column group": "Grupi i shtyllave",
    "Constrain proportions": "Ruaj proporcionet",
    "Copy": "Kopjoj",
    "Copy row": "Kopjoj rreshtin",
    "Could not find the specified string.": "Ky tekst nuk gjendet.",
    "Could not load emoticons": "Nuk hapen emotikonat",
    "Count": "Numri",
    "Currency": "Monedha",
    "Current window": "Dritarja aktuale",
    "Custom color": "Ngjyra e personalizuar",
    "Custom...": "Personalizoj...",
    "Cut": "Pres",
    "Cut row": "Pres rreshtin",
    "Dark Blue": "Blu e zënë",
    "Dark Gray": "Gri e zënë",
    "Dark Green": "Jeshile e zënë",
    "Dark Orange": "Portokalli e zënë",
    "Dark Purple": "Vjollcë e zënë",
    "Dark Red": "Kuqe e zënë",
    "Dark Turquoise": "Turkuaz e zënë",
    "Dark Yellow": "Verdhë e zënë",
    "Date/time": "Data/ora",
    "Decrease indent": "Ul nënrenditjen",
    "Default": "Standard",
    "Delete column": "Fshij shtyllën",
    "Delete row": "Fshij rreshtin",
    "Delete table": "Fshij tabelën",
    "Dimensions": "Dimensionet",
    "Disc": "Disku",
    "Div": "Div",
    "Document": "Dokumenti",
    "Document properties": "Karakteristikat e dokumentit",
    "Drop an image here": "Hidheni këtu imazhin",
    "Edit": "Përpunoj",
    "Edit image": "Përpunoj imazhin",
    "Embed": "Bashkëngjit",
    "Emoticons": "Emotikonat",
    "Emoticons...": "Emotikonat...",
    "Error": "Gabimi",
    "Extended Latin": "Latine e zgjeruar",
    "Failed to upload image: {0}": "E pamundur të ngarkohej imazhi: {0}",
    "Find": "Gjej",
    "Find and replace": "Gjej dhe zëvendësoj",
    "Find and replace...": "Gjej dhe zëvendësoj...",
    "Find whole words only": "Gjej vetëm fjalët e plota",
    "Finish": "Përfundoj",
    "Flags": "Piketa",
    "Font": "Fonti",
    "Font Sizes": "Përmasat e fontit",
    "Fonts": "Fontet",
    "Food and Drink": "Ushqim dhe pije",
    "Footer": "Fundi i faqes",
    "Format": "Formati",
    "Format Painter": "Kopjoj formatin",
    "Formats": "Formatet",
    "Fullscreen": "Ekran i madh",
    "G": "G",
    "General": "Të përgjithshme",
    "Gray": "Gri",
    "Green": "Jeshile",
    "H Align": "Radhit h",
    "Header": "Koka e faqes",
    "Header 1": "Kreu H1",
    "Header 2": "Kreu H2",
    "Header 3": "Kreu H3",
    "Header 4": "Kreu H4",
    "Header 5": "Kreu H5",
    "Header 6": "Kreu H6",
    "Header cell": "Qeliza e kokës",
    "Headers": "Kokat e faqes",
    "Heading 1": "Nëntitulli H1",
    "Heading 2": "Nëntitulli H2",
    "Heading 3": "Nëntitulli H3",
    "Heading 4": "Nëntitulli H4",
    "Heading 5": "Nëntitulli H5",
    "Heading 6": "Nëntitulli H6",
    "Headings": "Nëntitujt",
    "Height": "Gjatësia",
    "Help": "Ndihmë",
    "Horizontal line": "Vijë horizontale",
    "Horizontal space": "Hapësirë horizontale",
    "Id": "Id",
    "Id should start with a letter, followed only by letters, numbers, dashes, dots, colons or underscores.": "Duhet të fillojë me një shkronjë dhe të vazhdojë vetëm me shkronja, numra, viza, pika, dy pika ose viza të poshtme.",
    "Ignore": "Shpërfill",
    "Ignore all": "Shpërfill të gjitha",
    "Image": "Imazhi",
    "Image description": "Përshkrimi i imazhit",
    "Image list": "Lista e imazheve",
    "Image options": "Opsionet e imazhit",
    "Image title": "Titulli i imazhit",
    "Image...": "Imazhi...",
    "Increase indent": "Rrit nënrenditjen",
    "Inline": "Në rresht",
    "Insert": "Vë",
    "Insert column after": "Shtoj shtyllën prapa",
    "Insert column before": "Shtoj shtyllën përpara",
    "Insert date/time": "Vë datën/orën",
    "Insert image": "Vë imazhin",
    "Insert link": "Vë lidhjen",
    "Insert row after": "Shtoj rreshtin prapa",
    "Insert row before": "Shtoj rreshtin përpara",
    "Insert table": "Vë tabelën",
    "Insert video": "Vë videon",
    "Insert/Edit Link": "Vë/Përpunoj lidhjen",
    "Insert/edit iframe": "Vë/Përpunoj iframe",
    "Insert/edit image": "Vë/Përpunoj imazhin",
    "Insert/edit link": "Vë/Përpunoj lidhjen",
    "Insert/edit media": "Vë/Përpunoj median",
    "Insert/edit video": "Vë/Përpunoj videon",
    "Italic": "Pjerr",
    "Justify": "Rrafshoj",
    "Keyboard Navigation": "Lundrimi me tastierë",
    "Language": "Gjuha",
    "Left": "Majtas",
    "Left to right": "Nga e majta-djathtas",
    "Light Blue": "Blu e çelët",
    "Light Gray": "Gri e çelët",
    "Light Green": "Jeshile e çelët",
    "Light Purple": "Vjollcë e çelët",
    "Light Red": "Kuqe e çelët",
    "Light Yellow": "Verdhë e çelët",
    "Link": "Lidhja",
    "Link list": "Lista e lidhjeve",
    "Link...": "Lidhja...",
    "Loading emoticons...": "Hap emotikonat...",
    "Lower Alpha": "Alfa të vogla",
    "Lower Greek": "Greke të vogla",
    "Lower Roman": "Romake të vogla",
    "Match case": "Respektoj madhësinë e shkronjave",
    "Mathematical": "Matematike",
    "Media": "Media",
    "Media poster (Image URL)": "Posteri i burimit multimedial (URL e imazhit)",
    "Media...": "Media...",
    "Medium Blue": "Blu e mesme",
    "Medium Gray": "Gri e mesme",
    "Medium Purple": "Vjollcë e mesme",
    "Merge cells": "Shkrij qelizat",
    "Middle": "Mes",
    "Midnight Blue": "Blu nate",
    "More...": "Më shumë...",
    "Name": "Emri",
    "Navy Blue": "Blu marine",
    "New window": "Dritarja e re",
    "Next": "Tjetër",
    "No": "Jo",
    "No color": "Pa ngjyra",
    "Nonbreaking space": "Hapësirë unifikuese",
    "None": "Asnjë",
    "Numbered list": "Listë me numra",
    "OR": "OSE",
    "Objects": "Objekte",
    "Ok": "Ok",
    "Open help dialog": "Hap tabelën për ndihmë",
    "Open link in...": "Hap lidhjen në...",
    "Orange": "Portokalli",
    "Page break": "Ndërprerja e faqes",
    "Paragraph": "Paragraf",
    "Paste": "Ngjit",
    "Paste as text": "Ngjit si tekst",
    "Paste or type a link": "Ngjitni ose shkruani adresën",
    "Paste row after": "Ngjit rreshtin prapa",
    "Paste row before": "Ngjit rreshtin përpara",
    "Paste your embed code below:": "Bashkëngjiteni kodin më poshtë:",
    "People": "Njerëz",
    "Permanent Pen Properties": "Karakteristikat e markuesit",
    "Permanent pen properties...": "Karakteristikat e markuesit...",
    "Poster": "Posteri",
    "Powered by {0}": "Realizuar nga {0}",
    "Pre": "Paraformat",
    "Preferences": "Preferencat",
    "Preformatted": "Paraformatuar",
    "Prev": "Përpa",
    "Preview": "Parashikoj",
    "Previous": "Përpara",
    "Print": "Printoj",
    "Print...": "Printoj...",
    "Purple": "Vjollcë",
    "Quotations": "Citimet",
    "R": "R",
    "Red": "Ribë",
    "Redo": "Ribëj",
    "Remove color": "Heq ngjyrën",
    "Remove link": "Heq lidhjen",
    "Replace": "Zëvendësoj",
    "Replace all": "Zëvendësoj të gjitha",
    "Replace with": "Zëvendësoj me",
    "Restore last draft": "Kthej draftin e fundit",
    "Rich Text Area. Press ALT-0 for help.": "Zona e formatuar. Shtypni ALT-0 për ndihmë.",
    "Rich Text Area. Press ALT-F9 for menu. Press ALT-F10 for toolbar. Press ALT-0 for help": "Zona e formatuar. Shtypni ALT-F9 për menunë. Shtypni ALT-F10 për brezin e instrumenteve. Shtypni ALT-0 për ndihmë.",
    "Right": "Djathtas",
    "Right to left": "Nga e djathta-majtas",
    "Row": "Rreshti",
    "Row group": "Grupi i rreshtave",
    "Row properties": "Karakteristikat e rreshtit",
    "Row type": "Lloji i rreshtit",
    "Rows": "Rreshtat",
    "Save": "Regjistroj",
    "Scope": "Indikatori",
    "Search": "Kërkoni",
    "Select all": "Përzgjedh të gjitha",
    "Select...": "Përzgjidhni...",
    "Selection": "Përzgjedhja",
    "Shortcut": "Kombinimi",
    "Show caption": "Tregoj diçiturën",
    "Show invisible characters": "Tregoj germat e padukshme",
    "Size": "Përmasat",
    "Source": "Burimi",
    "Source code": "Burimi i kodit",
    "Special character": "Germa të veçanta",
    "Special character...": "Germa të veçanta...",
    "Spellcheck": "Korrektimi drejtshkrimor",
    "Split cell": "Ndaj qelizën",
    "Square": "Katror",
    "Strikethrough": "Shuaj",
    "Style": "Stili",
    "Subscript": "Deponenti",
    "Superscript": "Eksponenti",
    "Switch to or from fullscreen mode": "Kaloj te pamja me ekran të madh",
    "Symbols": "Simbole",
    "System Font": "Fonti i sistemit",
    "Table": "Tabela",
    "Table of Contents": "Tabela përmbledhëse",
    "Table properties": "Karakteristikat e tabelës",
    "Target": "Objektivi",
    "Text": "Teksti",
    "Text color": "Ngjyra e tekstit",
    "Text to display": "Teksti që duhet shfaqur",
    "The URL you entered seems to be an email address. Do you want to add the required mailto: prefix?": "Kjo URL duket si adresë imejli. Do e shtoni parashtesën e kërkuar mailto: ?",
    "The URL you entered seems to be an external link. Do you want to add the required http:// prefix?": "Kjo URL duket si lidhje e jashtme. Do e shtoni parashtesën e kërkuar http:// ?",
    "Title Case": "Madhësia e germave të titullit",
    "To open the popup, press Shift+Enter": "Faqja modale hapet duke shtypur Shift+Enter",
    "Tools": "Instrumentet",
    "Top": "Krye",
    "Travel and Places": "Udhëtime dhe vende",
    "Turquoise": "Turkuaz",
    "UPPERCASE": "GERMA TË MËDHA",
    "Underline": "Nënvizoj",
    "Undo": "Kthej",
    "Update": "Përditësoj",
    "Upload": "Ngarkoj",
    "Upper Alpha": "Alfa të mëdha",
    "Upper Roman": "Romake të mëdha",
    "Url": "Url",
    "User Defined": "E përcaktuar nga përdoruesi",
    "V Align": "Radhit v",
    "Valid": "E saktë",
    "Version": "Versioni",
    "Vertical space": "Hapësirë vertikale",
    "View": "Pamja",
    "Warn": "Vërej",
    "White": "Bardhë",
    "Whole words": "Fjalët e plota",
    "Width": "Gjerësia",
    "Word count": "Numri i fjalëve",
    "Words": "Fjalët",
    "Words: {0}": "Fjalët: {0}",
    "Yellow": "Verdhë",
    "Yes": "Po",
    "You have unsaved changes are you sure you want to navigate away?": "Nuk keni regjistruar ndryshimet. Doni të largoheni?",
    "alignment": "radhitja",
    "comments": "komentet",
    "example": "shembull",
    "formatting": "formatimi",
    "history": "historiku",
    "indentation": "nënrenditja",
    "lowercase": "germa të vogla",
    "permanent pen": "markuesi",
    "styles": "stilet",
    "{0} characters": "{0} germa",
    "{0} words": "{0} fjalë"
}
