{
    "Action": "Action",
    "Activity": "Activity",
    "Address": "Address",
    "Advanced": "Advanced",
    "Align": "Align",
    "Align center": "Align center",
    "Align left": "Align left",
    "Align right": "Align right",
    "Alignment": "Alignment",
    "All": "All",
    "Alternative source": "Alternative source",
    "Alternative source URL": "Alternative source URL",
    "Anchor": "Anchor",
    "Anchor...": "Anchor...",
    "Anchors": "Anchors",
    "Animals and Nature": "Animals and Nature",
    "Arrows": "Arrows",
    "B": "B",
    "Background color": "Background color",
    "Black": "Black",
    "Block": "Block",
    "Blockquote": "Blockquote",
    "Blue": "Blue",
    "Body": "Body",
    "Bold": "Bold",
    "Border": "Border",
    "Border color": "Border color",
    "Border style": "Border style",
    "Border width": "Border width",
    "Bottom": "Bottom",
    "Browse for an image": "Browse for an image",
    "Bullet list": "Bullet list",
    "Cancel": "Cancel",
    "Capitalization": "Capitalization",
    "Caption": "Caption",
    "Cell": "Cell",
    "Cell padding": "Cell padding",
    "Cell properties": "Cell properties",
    "Cell spacing": "Cell spacing",
    "Cell type": "Cell type",
    "Center": "Center",
    "Characters": "Characters",
    "Characters (no spaces)": "Characters (no spaces)",
    "Circle": "Circle",
    "Class": "Class",
    "Clear formatting": "Clear formatting",
    "Close": "Close",
    "Code": "Code",
    "Code sample": "Code sample",
    "Color": "Color",
    "Color Picker": "Color Picker",
    "Color swatch": "Color swatc",
    "Cols": "Cols",
    "Column": "Column",
    "Column group": "Column group",
    "Constrain proportions": "Constrain proportions",
    "Copy": "Copy",
    "Copy row": "Copy row",
    "Could not find the specified string.": "Could not find the specified string.",
    "Could not load emoticons": "Could not load emoticons",
    "Count": "Count",
    "Currency": "Currency",
    "Current window": "Current window",
    "Custom color": "Custom color",
    "Custom...": "Custom...",
    "Cut": "Cut",
    "Cut row": "Cut row",
    "Dark Blue": "Dark Blue",
    "Dark Gray": "Dark Gray",
    "Dark Green": "Dark Green",
    "Dark Orange": "Dark Orange",
    "Dark Purple": "Dark Purple",
    "Dark Red": "Dark Red",
    "Dark Turquoise": "Dark Turquoise",
    "Dark Yellow": "Dark Yellow",
    "Date/time": "Date/time",
    "Decrease indent": "Decrease indent",
    "Default": "Default",
    "Delete column": "Delete column",
    "Delete row": "Delete row",
    "Delete table": "Delete table",
    "Dimensions": "Dimensions",
    "Disc": "Disc",
    "Div": "Div",
    "Document": "Document",
    "Document properties": "Document properties",
    "Drop an image here": "Drop an image here",
    "Edit": "Edit",
    "Edit image": "Edit image",
    "Embed": "Embed",
    "Emoticons": "Emoticons",
    "Emoticons...": "Emoticons...",
    "Error": "Error",
    "Extended Latin": "Extended Latin",
    "Failed to upload image: {0}": "Failed to upload image: {0}",
    "Find": "Find",
    "Find and replace": "Find and replace",
    "Find and replace...": "Find and replace..",
    "Find whole words only": "Find whole words only",
    "Finish": "Finish",
    "Flags": "Flags",
    "Font": "Font",
    "Font Sizes": "Font Sizes",
    "Fonts": "Fonts",
    "Food and Drink": "Food and Drink",
    "Footer": "Footer",
    "Format": "Format",
    "Format Painter": "Format Painter",
    "Formats": "Formats",
    "Fullscreen": "Fullscreen",
    "G": "G",
    "General": "General",
    "Gray": "Gray",
    "Green": "Green",
    "H Align": "H Align",
    "Header": "Header",
    "Header 1": "Header H1",
    "Header 2": "Header H2",
    "Header 3": "Header H3",
    "Header 4": "Header H4",
    "Header 5": "Header H5",
    "Header 6": "Header H6",
    "Header cell": "Header cell",
    "Headers": "Headers",
    "Heading 1": "Heading H1",
    "Heading 2": "Heading H2",
    "Heading 3": "Heading H3",
    "Heading 4": "Heading H4",
    "Heading 5": "Heading H5",
    "Heading 6": "Heading H6",
    "Headings": "Headings",
    "Height": "Height",
    "Help": "Help",
    "Horizontal line": "Horizontal line",
    "Horizontal space": "Horizontal space",
    "Id": "Id",
    "Id should start with a letter, followed only by letters, numbers, dashes, dots, colons or underscores.": "Id should start with a letter, followed only by letters, numbers, dashes, dots, colons or underscores.",
    "Ignore": "Ignore",
    "Ignore all": "Ignore all",
    "Image": "Image",
    "Image description": "Image description",
    "Image list": "Image list",
    "Image options": "Image options",
    "Image title": "Image title",
    "Image...": "Image...",
    "Increase indent": "Increase indent",
    "Inline": "Inline",
    "Insert": "Insert",
    "Insert column after": "Insert column after",
    "Insert column before": "Insert column before",
    "Insert date/time": "Insert date/time",
    "Insert image": "Insert image",
    "Insert link": "Insert link",
    "Insert row after": "Insert row after",
    "Insert row before": "Insert row before",
    "Insert table": "Insert table",
    "Insert video": "Insert video",
    "Insert/Edit Link": "Insert/Edit Link",
    "Insert/edit iframe": "Insert/edit iframe",
    "Insert/edit image": "Insert/edit image",
    "Insert/edit link": "Insert/edit link",
    "Insert/edit media": "Insert/edit media",
    "Insert/edit video": "Insert/edit video",
    "Italic": "Italic",
    "Justify": "Justify",
    "Keyboard Navigation": "Keyboard Navigation",
    "Language": "Language",
    "Left": "Left",
    "Left to right": "Left to right",
    "Light Blue": "Light Blue",
    "Light Gray": "Light Gray",
    "Light Green": "Light Green",
    "Light Purple": "Light Purple",
    "Light Red": "Light Red",
    "Light Yellow": "Light Yellow",
    "Link": "Link",
    "Link list": "Link list",
    "Link...": "Link...",
    "Loading emoticons...": "Loading emoticons...",
    "Lower Alpha": "Lower Alpha",
    "Lower Greek": "Lower Greek",
    "Lower Roman": "Lower Roman",
    "Match case": "Match case",
    "Mathematical": "Mathematical",
    "Media": "Media",
    "Media poster (Image URL)": "Media poster (Image URL)",
    "Media...": "Media...",
    "Medium Blue": "Medium Blue",
    "Medium Gray": "Medium Gray",
    "Medium Purple": "Medium Purple",
    "Merge cells": "Merge cells",
    "Middle": "Middle",
    "Midnight Blue": "Midnight Blue",
    "More...": "More...",
    "Name": "Name",
    "Navy Blue": "Navy Blue",
    "New window": "New window",
    "Next": "Next",
    "No": "No",
    "No color": "No color",
    "Nonbreaking space": "Nonbreaking space",
    "None": "None",
    "Numbered list": "Numbered list",
    "OR": "OR",
    "Objects": "Objects",
    "Ok": "Ok",
    "Open help dialog": "Open help dialog",
    "Open link in...": "Open link in...",
    "Orange": "Orange",
    "Page break": "Page break",
    "Paragraph": "Paragraph",
    "Paste": "Paste",
    "Paste as text": "Paste as text",
    "Paste or type a link": "Paste or type a link",
    "Paste row after": "Paste row after",
    "Paste row before": "Paste row before",
    "Paste your embed code below:": "Paste your embed code below:",
    "People": "People",
    "Permanent Pen Properties": "Permanent Pen Properties",
    "Permanent pen properties...": "Permanent pen properties...",
    "Poster": "Poster",
    "Powered by {0}": "Powered by {0}",
    "Pre": "Pre",
    "Preferences": "Preferences",
    "Preformatted": "Preformatted",
    "Prev": "Prev",
    "Preview": "Preview",
    "Previous": "Previous",
    "Print": "Print",
    "Print...": "Print...",
    "Purple": "Purple",
    "Quotations": "Quotations",
    "R": "R",
    "Red": "Red",
    "Redo": "Redo",
    "Remove color": "Remove color",
    "Remove link": "Remove link",
    "Replace": "Replace",
    "Replace all": "Replace all",
    "Replace with": "Replace with",
    "Restore last draft": "Restore last draft",
    "Rich Text Area. Press ALT-0 for help.": "Rich Text Area. Press ALT-0 for help.",
    "Rich Text Area. Press ALT-F9 for menu. Press ALT-F10 for toolbar. Press ALT-0 for help": "Rich Text Area. Press ALT-F9 for menu. Press ALT-F10 for toolbar. Press ALT-0 for help",
    "Right": "Right",
    "Right to left": "Right to lef",
    "Row": "Row",
    "Row group": "Row group",
    "Row properties": "Row properties",
    "Row type": "Row type",
    "Rows": "Rows",
    "Save": "Save",
    "Scope": "Scope",
    "Search": "Search",
    "Select all": "Select all",
    "Select...": "Select...",
    "Selection": "Selection",
    "Shortcut": "Shortcut",
    "Show caption": "Show caption",
    "Show invisible characters": "Show invisible characters",
    "Size": "Size",
    "Source": "Source",
    "Source code": "Source code",
    "Special character": "Special character",
    "Special character...": "Special character...",
    "Spellcheck": "Spellcheck",
    "Split cell": "Split cell",
    "Square": "Square",
    "Strikethrough": "Strikethrough",
    "Style": "Style",
    "Subscript": "Subscript",
    "Superscript": "Superscript",
    "Switch to or from fullscreen mode": "Switch to or from fullscreen mode",
    "Symbols": "Symbols",
    "System Font": "System Font",
    "Table": "Table",
    "Table of Contents": "Table of Contents",
    "Table properties": "Table properties",
    "Target": "Target",
    "Text": "Text",
    "Text color": "Text color",
    "Text to display": "Text to display",
    "The URL you entered seems to be an email address. Do you want to add the required mailto: prefix?": "The URL you entered seems to be an email address. Do you want to add the required mailto: prefix?",
    "The URL you entered seems to be an external link. Do you want to add the required http:// prefix?": "The URL you entered seems to be an external link. Do you want to add the required http:// prefix?",
    "Title Case": "Title Case",
    "To open the popup, press Shift+Enter": "To open the popup, press Shift+Enter",
    "Tools": "Tools",
    "Top": "Top",
    "Travel and Places": "Travel and Places",
    "Turquoise": "Turquoise",
    "UPPERCASE": "UPPERCASE",
    "Underline": "Underline",
    "Undo": "Undo",
    "Update": "Update",
    "Upload": "Upload",
    "Upper Alpha": "Upper Alpha",
    "Upper Roman": "Upper Roman",
    "Url": "Url",
    "User Defined": "User Defined",
    "V Align": "V Align",
    "Valid": "Valid",
    "Version": "Version",
    "Vertical space": "Vertical space",
    "View": "View",
    "Warn": "Warn",
    "White": "White",
    "Whole words": "Whole words",
    "Width": "Width",
    "Word count": "Word count",
    "Words": "Words",
    "Words: {0}": "Words: {0}",
    "Yellow": "Yellow",
    "Yes": "Yes",
    "You have unsaved changes are you sure you want to navigate away?": "You have unsaved changes are you sure you want to navigate away?",
    "alignment": "alignment",
    "comments": "comments",
    "example": "example",
    "formatting": "formatting",
    "history": "history",
    "indentation": "indentation",
    "lowercase": "lowercase",
    "permanent pen": "permanent pen",
    "styles": "styles",
    "{0} characters": "{0} characters",
    "{0} words": "{0} words"
}
