{
    "author": {
        "addNewAuthor": "Add new author",
        "author": "Author",
        "authorDataParsingErrorMessage": "An error occurred during parsing of author data for ID: ",
        "authorHasBeenUpdated": "Author has been updated",
        "authorLink": "Author link",
        "authorName": "Author name",
        "authorNameCannotBeEmptyErrorMessage": "Author name cannot be empty. Please enter a name",
        "authorNameInUseErrorMessage": "Provided author name is already in use. Please try another name.",
        "authorNameSimilarInUseErrorMessage": "Provided author name is in use; author names are not case-sensitive. Please try another name.",
        "authorPage": "Author page",
        "authorSlugCannotBeEmpty": "Author slug cannot be empty",
        "avatar": "Avatar",
        "avatarAndFeaturedImage": "Avatar and Featured image",
        "cannotRemoveMainAuthor": "The main author cannot be removed.",
        "changePostAuthor": "Change post author",
        "editAuthor": "Edit author",
        "eMail": "E-mail",
        "filterOrSearchAuthors": "Filter or search authors...",
        "gravatarEmailWarningMessage": "Enter the email address you used for registering your account on Gravatar.",
        "mainAuthor": "Main author",
        "mainAuthorCannotBeRemoved": "This is the main author of this website. It cannot be removed.",
        "newAuthorHasBeenCreated": "New author has been created",
        "noAuthorsMatchingYourCriteria": "There are no authors matching your criteria.",
        "removeAuthorsMessage": "Do you really want to remove selected authors?",
        "removeAuthorsSuccessMessage": "Selected authors have been removed",
        "selectAuthor": "Select author",
        "selectAuthorPage": "Select author page",
        "themeDoesNotSupportFeaturedImagesForAuthors": "Your theme does not support featured images for authors",
        "whenYouUseGravatarYourSiteVisitorsWillQueryAThirdPartyServer": "When you use the Gravatar service, please note, that your site visitors need to query a third-party server to load your avatar image.",
        "toUseThisOptionEnableIndexingAuthorPages": "To use this option, first enable indexing of author pages in SEO settings.",
        "useGravatarMessage": "Use <a href=\"https://gravatar.com/\" target=\"_blank\" rel=\"noopener noreferrer\">Gravatar </a> to provide your author avatar",
        "useGravatarServiceMessage": "In order to use Gravatar service first provide the author's e-mail.",
        "website": "Website"
    },
    "core": {
        "archive": {
            "destinationNotExists": "Specified output destination not exists",
            "errorDuringCreatingTAR": "An error occurred during TAR archive creation. Please try again.",
            "errorDuringCreatingZIP": "An error occurred during ZIP archive creation. Please try again."
        },
        "backup": {
            "destinationDirectoryDoesNotExists": "Destination directory does not exist",
            "errorDuringFileSaveProcess": "An error occurred during the file saving process",
            "errorDuringReadingBackupFile": "An error occurred during reading of the backup file",
            "fileDoesNotExists": "Backup file does not exist",
            "fileIsCorrupted": "The backup file is corrupted - aborting the restore process.",
            "locationDoesNotExists": "Backup location does not exist",
            "temporaryDirectoryDoesNotExists": "Temporary directory does not exist"
        },
        "credits": {
            "errorLoadingLicenseMsg": "An error occurred during loading of the license. Please try again."
        },
        "images": {
            "responsiveImagesDisabled": "Responsive images are disabled under site settings - all responsive images have been removed."
        },
        "rendering": {
            "renderingProcessCrashed": "Rendering process crashed",
            "renderingProcessCrashedMsg": "For more information, check the rendering-errors.log and rendering-process.log files under Tools -> Log viewer.",
            "renderingProcessFailed": "Rendering process failed"
        },
        "server": {
            "branchDoesNotExist": "Selected branch does not exist.",
            "creatingNewRemoteFilesTree": "Creating new remote files tree...",
            "finishingDeploymentProcess": "Finishing the deployment process...",
            "getInfoAboutLatestCommit": "Get information about the latest commit...",
            "preparingFilesTreeToUpload": "Preparing file tree for upload...",
            "repositoryDoesNotExist": "Selected repository does not exist.",
            "requestLimitExceededInfo": "Your API request limit was exceeded ({remaining} requests left). Please wait till {resetTime} UTC and then try again.",
            "requestTimeout": "Request timeout.",
            "retrievingHandlerOfRemoteFilesTree": "Retrieving remote file tree handler...",
            "retrievingRemoteFilesTree": "Retrieving the remote file tree...",
            "tokenOrServerAddressInvalid": "Provided credentials or server/repository address are invalid.",
            "tooManyFilesInfo": "Your website contains over 4000 items ({numberOfFiles} files and directories). Currently our Github Pages implementation only supports websites with up to 4000 items."
        },
        "site": {
            "noConfigurationForResponsiveImages": "There is no configuration data for responsive images",
            "noImagesToRegenerate": "There are no images to regenerate",
            "noThemeSelected": "No theme selected"
        },
        "sureYouWantQuit": "Are you sure you want to quit? \nAll unsaved changes will be lost.",
        "wpImport": {
            "authorsProgressInfo": "Importing authors ({progress} / {total})",
            "imageDownloadError": "An error occurred during downloading of the image: {image}",
            "imagesProgressInfo": "Downloading images ({progress} / {total})",
            "postsProgressInfo": "Importing posts ({progress} / {total})",
            "tagsProgressInfo": "Importing tags ({progress} / {total})"
        }
    },
    "customHTML": {
        "tabs": {
            "head": "Head",
            "body": "Body",
            "comments": "Comments",
            "searchInput": "Search input",
            "searchContent": "Search content",
            "socialSharing": "Social sharing",
            "footer": "Footer",
            "beforePost": "Before every post",
            "afterPost": "After every post"
        }
    },
    "date": {
        "apr": "Apr",
        "aug": "Aug",
        "changePostPublicationDate": "Change post publication date",
        "dec": "Dec",
        "feb": "Feb",
        "jan": "Jan",
        "jul": "Jul",
        "jun": "Jun",
        "mar": "Mar",
        "may": "May",
        "nov": "Nov",
        "oct": "Oct",
        "sep": "Sep"
    },
    "editor": {
        "addHeading": "Add heading",
        "addLabel": "Add label",
        "alignTextCenter": "Align text center",
        "alignTextLeft": "Align text left",
        "alignTextRight": "Align text right",
        "blockEditorHelpPanelDesc": "You can insert a block either by clicking the <span>+</span> or <span>TAB</span> button on a new line, or typing the following shortcuts or markdown syntax on a new line:",
        "blocks": {
            "code": {
                "idTooltip": "This value will be used as the code ID"
            },
            "cssClassesLabel": "CSS class",
            "cssClassesTooltip": "These CSS classes will be added in the class attribute of the field",
            "embed": {
                "idTooltip": "This value will be used as the embed ID"
            },
            "gallery": {
                "idTooltip": "This value will be used as the gallery ID"
            },
            "header": {
                "customIdLabel": "Use custom ID",
                "customIdTooltip": "Enable this option if you want to use your own ID, instead of the auto-generated ID",
                "idTooltip": "This value will be used as the header ID"
            },
            "html": {
                "idTooltip": "This value will be used as the HTML ID"
            },
            "idLabel": "ID",
            "image": {
                "idTooltip": "This value will be used as the image ID"
            },
            "list": {
                "idTooltip": "This value will be used as the list ID"
            },
            "paragraph": {
                "idTooltip": "This value will be used as the paragraph ID",
                "styleLabel": "Paragraph style",
                "styles": {
                    "highlight": "Highlight",
                    "info": "Info",
                    "success": "Success",
                    "warning": "Warning"
                },
                "styleTooltip": "Select additional styling for the paragraph block"
            },
            "quote": {
                "idTooltip": "This value will be used as the quote ID"
            },
            "separator": {
                "idTooltip": "This value will be used as the separator ID"
            },
            "toc": {
                "idTooltip": "This value will be used as the ID of the table of contents"
            }
        },
        "cantSavePostWithEmptyTitle": "You cannot save a post with an empty title.",
        "changesSaved": "Changes have been saved",
        "clearFormatting": "Clear formatting",
        "clickToConfirm": "Click to confirm",
        "code": "Code",
        "conversions": {
            "toCode": "Code",
            "toHeader": "Header",
            "toHTML": "HTML",
            "toList": "List",
            "toParagraph": "Paragraph",
            "toQuote": "Quote"
        },
        "convertTo": "Convert to:",
        "custom": "Custom",
        "defaultSelect": "- Select -",
        "deleteBlock": "Delete block",
        "dot": "Dot",
        "dots": "Dots",
        "dragAndDropImgToEditor": "Drag and drop an image onto the editor",
        "dropToUploadYourPhotoOr": "Drop to upload your photo or",
        "dropToUploadYourPhotosOr": "Drop to upload your photos or",
        "element": "Element",
        "emptyGalleryBlock": "Empty gallery block",
        "emptyImageBlock": "Empty image block",
        "enterAltText": "Enter alternative text",
        "enterCaption": "Enter caption",
        "enterUrlOrEmbedCode": "Enter URL or embed code...",
        "errorOccurred": "An error occurred - please try again.",
        "gallery": "Gallery",
        "header": "Header",
        "heading1": "Heading 1",
        "heading2": "Heading 2",
        "heading3": "Heading 3",
        "heading4": "Heading 4",
        "heading5": "Heading 5",
        "heading6": "Heading 6",
        "hideBulkEdit": "Hide Bulk Edit",
        "hideHelp": "Hide Help",
        "hideStats": "Hide Stats",
        "html": "HTML",
        "insertGallery": "Insert gallery",
        "list": "List",
        "markdown": "Markdown",
        "markdownHelpPanelDesc": "You can easily manage headings, text styles or create other HTML elements by using the following keyboard shortcuts or markdown syntax:",
        "newDraftCreated": "New draft has been created",
        "newPostCreated": "New post has been created",
        "nothingFound": "No blocks found",
        "paragraph": "Paragraph",
        "quote": "Quote",
        "quoteAuthor": "Quote author",
        "quoteText": "Quote text",
        "readMore": "Read more",
        "readMoreBlockName": "Readmore",
        "selectFiles": "Select files",
        "separator": "Separator",
        "shortcuts": "Shortcuts",
        "sourceCode": "Source code",
        "searchForABlock": "Search for a block...",
        "startWriting": "Start writing...",
        "startWritingOrPressTabToChooseBlock": "Start writing or press the TAB key to choose a block.",
        "toc": "TOC",
        "tocAutoGenerationInfo": "The table of contents is generated automatically based on the headings (H1-H6) of your content.",
        "togglePostStatsPanel": "Toggle post statistics panel",
        "unableToSetSpellCheckerForLanguage": "(!) Unable to set spellchecker to use the selected language - ",
        "useOrderedList": "Use ordered list",
        "useUnorderedList": "Use unordered list",
        "viewBulkEdit": "Bulk Edit",
        "viewHelp": "View Help",
        "viewStats": "View Stats",
        "wideLine": "Wide line"
    },
    "file": {
        "addNewFile": "Add new file",
        "backups": "Backups",
        "createBackup": "Create backup",
        "createBackupConfirmMsg": "Select a name for your backup - filename can contain only alphanumeric characters, dashes and underscores:",
        "createBackupErrorMsg": "An error occurred during backup creation. Please try again.",
        "createBackupNameEmptyMsg": "Provided filename cannot be empty. Please enter a name.",
        "createBackupNameInUseMsg": "Provided filename (<strong>{filename}</strong>) is already in use by an existing backup. Please try again with a different name.",
        "createBackupSuccessMsg": "Backup has been created.",
        "createFirstBackupMsg": "You don't have any backups, yet. Let's create the first one!",
        "creatingBackup": "Creating backup",
        "creationDate": "Creation date",
        "deleteBackupsConfirmMsg": "Do you really want to remove the selected backups? This action cannot be undone.",
        "deleteBackupsErrorMsg": "An error occurred during removal of the selected backups. Please try again.",
        "deleteBackupsSuccessMsg": "Selected backups have been removed",
        "dragAndDropBackupFile": "Drag and drop backup file here or",
        "dropYourFileHere": "Drop your file here",
        "file": "File",
        "fileFromFileManager": "File from File Manager",
        "fileManager": "File manager",
        "filename": "Filename",
        "files": "Files",
        "fileSemicolon": "File:",
        "fileSize": "File Size",
        "filterOrSearchFiles": "Filter or search files...",
        "mediaFiles": "media/files",
        "noBackupsAvailable": "No backups available",
        "noFileInMediaFilesDirInfo": "There are no files in the media/files directory...",
        "noFileInRootDirInfo": "There are no files in the root directory...",
        "noFileMatchingCriteriaInfo": "There are no files matching your criteria.",
        "operations": "Operations",
        "preparingFilesInOutputDir": "Preparing files in the output directory",
        "provideNameForNewFile": "Please provide name for a new file",
        "removeFilesConfirmMsg": "Do you really want to remove the selected files? This action cannot be undone.",
        "removeFilesSuccessMsg": "Selected files have been removed",
        "rename": "Rename",
        "renameBackupConfirmLabel": "Rename file",
        "renameBackupConfirmMsg": "Please specify a new backup filename:",
        "renameBackupErrorMsg": "An error occurred while renaming the selected backup file. Please try again.",
        "renameBackupNameEmptyMsg": "The backup filename cannot be empty. Please try again.",
        "renameBackupNameInUseMsg": "The specified name is in use by another backup file. Please try again.",
        "renameBackupSameNameMsg": "The specified name is the same as the old name. Please try again.",
        "renameBackupSuccessMsg": "The backup has been successfully renamed.",
        "restore": "Restore",
        "restoreBackupConfirmLabel": "Restore backup",
        "restoreBackupConfirmMsg": "Do you really want to restore the selected backup? Existing files will be overwritten.",
        "restoreBackupErrorMsg": "An error occurred while restoring the selected backup file: ",
        "restoreBackupSuccessMsg": "The website has been successfully restored.",
        "rootDirectory": "root directory",
        "selectedFileExistsMsg": "The following files cannot be copied as they already exist in the selected directory: ",
        "selectedFilenameInUseMsg": "The selected filename is in use. Please use a different filename.",
        "selectFile": "Select file",
        "selectFileFromFileManager": "Select a file from the File Manager",
        "uploadFiles": "Upload files"
    },
    "gdpr": {
        "addGroup": "Add group",
        "embedConsents": {
            "addRule": "Add rule",
            "groupButtonLabel": "Button label",
            "groupCookieGroup": "Cookies group",
            "groupRule": "URL contains",
            "groupRulePlaceholder": "youtube.com",
            "groupTextPlaceholder": "Consent text"
        },
        "groupDescriptionPlaceholder": "Enter a cookies group description here",
        "groupID": "Group ID",
        "groupName": "Group name",
        "state": "State"
    },
    "image": {
        "addImages": "Add images",
        "align": "Align",
        "centeredImage": "Centered image",
        "columns": "Columns:",
        "dropFeaturedImageOr": "Drop featured image here or",
        "dropToUploadPhotoOr": "Drop to upload your photo or",
        "eightColumns": "8 columns",
        "enterAltText": "Enter alt text",
        "enterCaption": "Enter caption",
        "fiveColumns": "5 columns",
        "fourColumns": "4 columns",
        "fullWidth": "Full-width",
        "fullWidthImage": "Full-width image",
        "image": "Image",
        "imageAlternativeText": "Image alternative text",
        "imageCaption": "Image caption",
        "images": "Images",
        "insertEditGallery": "Insert/Edit Gallery",
        "layout": "Layout",
        "loadingImage": "Loading image...",
        "none": "None",
        "oneColumn": "1 column",
        "pictures": "pictures",
        "removeImage": "Remove image",
        "sevenColumns": "7 columns",
        "sixColumns": "6 columns",
        "threeColumns": "3 columns",
        "twoColumns": "2 columns",
        "uploading": "Uploading",
        "wide": "Wide",
        "wideImage": "Wide image",
        "yourGalleryIsEmpty": "Your gallery is empty"
    },
    "langs": {
        "addLanguageSuccessMessage": "Language has been added",
        "deleteLanguage": "Delete language",
        "getMoreLanguages": "Get more languages",
        "goToLanguagesManager": "Go to the languages manager",
        "installLanguage": "Install language",
        "isOutdated": "Outdated",
        "isOutdatedTitle": "This language supports Publii up to v.{supportedVersion}, while you are using Publii v.{currentVersion} - please update Publii to use this language.",
        "language": "Language:",
        "languageChangedMsg": "Application language changed",
        "languageChangeError": "Language change error occurred - please try again.",
        "languageLoadingError": "An error occurred during loading of app language. The default language (english) will be used instead. Please go to the language settings to select another.",
        "languages": "Languages",
        "removeLanguageMessage": "Do you really want to remove the {languageName} language?",
        "removeLanguageSuccessMessage": "The selected language has been removed",
        "updatedLanguageSuccessMessage": "Selected language has been updated",
        "uploadLanguageErrorMessage": "An error occurred during installation. Please try again."
    },
    "link": {
        "addDownloadAttr": "Add \"download\" attribute",
        "addLink": "Add link",
        "addNofollow": "Add rel=\"nofollow\"",
        "downloadAttribute": "Attribute 'download':",
        "insertEditLink": "Insert/Edit link",
        "linkInvalidMsg": "Sorry! This link seems to be invalid.",
        "linkRelAttribute": "Link \"rel\" attribute",
        "linkTitleAttribute": "Link \"title\" attribute",
        "openInNewTab": "Open in new tab",
        "previewLinkInBrowser": "Preview this link in browser",
        "previewOnlyExternalLinksMsg": "You can only preview external links in the post editor",
        "removeLink": "Remove link",
        "selectLinkType": "Select link type"
    },
    "menu": {
        "addMenuItem": "Add menu item",
        "addNewMenu": "Add new menu",
        "addNewMenuItem": "Add new menu item",
        "addSubmenu": "Add submenu",
        "addSubmenuItem": "Add submenu item",
        "assignedMenu": "Assigned menu",
        "classCSS": "CSS class",
        "createNewMenu": "Create new menu",
        "deleteThisMenuItem": "Delete this menu item",
        "duplicateThisMenuItem": "Duplicate this menu item",
        "editMenuItem": "Edit menu item",
        "editMenuName": "Edit menu name",
        "editThisMenuItem": "Edit this menu item",
        "externalLink": "External link",
        "externalURL": "External URL",
        "hideThisMenuItem": "Hide this menu item",
        "insertActions": "Insert selected item:",
        "insertAfter": "after",
        "insertAsChild": "as submenu",
        "insertBefore": "before",
        "internalLink": "Internal link",
        "items": "Items",
        "label": "Label",
        "likedItemError": "Linked item hasn't been rendered (empty tag/author page), doesn't exist or has been trashed",
        "likedItemIsADraft": "Linked item is a draft",
        "menu": "Menu",
        "menuItemsRemoveMessage": "Do you really want to remove selected menu item?",
        "menuItemIsHidden": "This menu item is hidden",
        "menuNameCannotBeEmptyCreateNewMenuErrorMessage": "The menu name field cannot be empty. Please enter a menu name.",
        "menuNameCannotBeEmptyErrorMessage": "The menu name field cannot be empty. Please enter a new menu name.",
        "menuNameExistsErrorMessage": "The specified menu name already exists. Please use a different name.",
        "menuNameHasBeenEdited": "Menu name has been edited",
        "menuNameInUseErrorMessage": "The specified menu name is in use. Please enter a new menu name.",
        "menusRemoveMessage": "Do you really want to remove the selected menus?",
        "menusRemoveSuccessMessage": "The selected menus have been removed",
        "moveItem": "Move",
        "newMenuCreated": "New menu has been created",
        "noMenusAvailable": "No menus available",
        "noMenusCreateNewOne": "You don't have any menus, yet. Let's create the first one!",
        "noMenusMessage": "There are no menu items; create new ones via the \"Add menu item\" button above.",
        "provideNameForNewMenu": "Provide a name for your new menu:",
        "provideNewNameForMenu": "Provide a new name for the selected menu:",
        "selectItemType": "Select item type",
        "selectLinkTarget": "Select link target",
        "showThisMenuItem": "Show this menu item",
        "textSeparator": "Text separator",
        "type": "Type",
        "unassigned": "Unassigned",
        "unselectItem": "Unselect"
    },
    "menuPositionPopup": {
        "invalidValue": "Invalid value: the entered value cannot be 0 and exceed the theme's default maximum limit. Use -1 for no restrictions.",
        "maxLevels": "Max level:",
        "themeDefaultValue": "Theme default value:",
        "title": "Configure menu position",
        "usedBy": "Used by other menu:"
    },
    "plugins": {
        "addPluginSuccessMessage": "Plugin has been added",
        "deletePlugin": "Delete plugin",
        "getMorePlugins": "Get more plugins",
        "goToPluginsManager": "Go to the plugins manager",
        "installPlugin": "Install plugin",
        "isIncompatible": "Is outdated",
        "isIncompatibleTitle": "This plugin supports Publii from v.{supportedVersion}, while you are using Publii v.{currentVersion} - please update Publii to use this plugin.",
        "plugin": "Plugin:",
        "plugins": "Plugins",
        "removePluginMessage": "Do you really want to remove the {pluginName} plugin?",
        "removePluginSuccessMessage": "The selected plugin has been removed",
        "updatedPluginSuccessMessage": "Selected plugin has been updated",
        "uploadPluginErrorMessage": "An error occurred during installation. Please try again."
    },
    "post": {
        "addNewPost": "Add new post",
        "addPostTitle": "Add post title",
        "all": "All",
        "changePostDate": "Change post date",
        "characters": "Characters",
        "configureThemeBeforeGeneratingPreview": "A theme must be selected and configured for this website before a preview of this post may be generated.",
        "currentDefaultTemplate": "Current default template",
        "customPostTypes": "Custom Post Types",
        "drafts": "Drafts",
        "duplicate": "Duplicate",
        "duplicatePostErrorMessage": "An error occurred during duplication of the selected posts. Please try again.",
        "duplicatePostSuccessMessage": "Selected posts have been duplicated",
        "editorBlock": "Block editor",
        "editorBlockInfo": "A modern and intuitive editor with shortkey and markdown support to make blogging easy, with no need to worry about HTML or other code elements.",
        "editorBlockNotSupportedEditPostInfo": "The current theme does not support the block editor used in this post. This post may be rendered incorrectly to the output files.",
        "editorBlockNotSupportedNewPostInfo": "The current theme does not support the block editor used in this post. This post may be rendered incorrectly to the output files.",
        "editorBlockUse": "Use Block editor",
        "editorMarkdown": "Markdown editor",
        "editorMarkdownInfo": "This editor supports Markdown syntax as shorthand for producing content quickly; great for extensive, no-frills projects such as documentation.",
        "editorMarkdownUse": "Use Markdown editor",
        "editorWYSIWYG": "WYSIWYG editor",
        "editorWYSIWYGInfo": "This editor provides a familiar word-processing experience, with additional tools for users that want to control every aspect of their page content.",
        "editorWYSIWYGUse": "Use WYSIWYG editor",
        "editPostAnyway": "Edit post anyway",
        "excluded": "Excluded",
        "excludeFromHomepage": "Exclude from homepage",
        "featured": "Featured",
        "filterOrSearchPosts": "Filter or search posts...",
        "hidden": "Hidden",
        "hidePost": "Hide Post",
        "includeInHomepage": "Include in homepage",
        "markAsDraft": "Mark as draft",
        "markAsFeatured": "Mark as featured",
        "markAsUnfeatured": "Mark as unfeatured",
        "min": "min",
        "modificationDate": "Modification date",
        "moveToTrash": "Move to trash",
        "noPostsMatchingYourCriteria": "There are no posts matching your criteria.",
        "openEditorAnyway": "Open editor anyway",
        "paragraphs": "Paragraphs",
        "post": "Post",
        "postAuthor": "Post author",
        "postLink": "Post link",
        "postName": "Post name:",
        "postPage": "Post page",
        "posts": "posts",
        "postSettings": "Post settings",
        "postSlug": "Post slug",
        "postSlugLengthWarning": "Post slugs longer than 250 characters can lead to the creation of broken files during website rendering.",
        "postSlugTooLong": "Post slug is too long",
        "postSlugUpdateButton": "Update",
        "postState": "Post state",
        "postStatusChangeSuccessMessage": "Status of the selected posts has been changed",
        "postTemplate": "Post template",
        "postWillNotAppearOnHomepageListMsg": "Post will not appear on homepage listings",
        "postWillNotAppearOnListMsg": "Post will not appear in any generated post lists such as tag or author pages",
        "publicationDate": "Publication date",
        "publish": "Publish",
        "published": "Published",
        "readingTime": "Reading Time",
        "removePostMessage": "Do you really want to remove the selected posts? This cannot be undone.",
        "removePostSuccessMessage": "Selected posts have been removed",
        "selectPostPage": "Select post page",
        "sentences": "Sentences",
        "setCustomPostDate": "Set custom post date",
        "status": "Status",
        "thisPostIsADraft": "This post is a draft",
        "thisPostIsExcludedFromHomepage": "This post is excluded from the homepage",
        "thisPostIsFeatured": "This post is featured",
        "thisPostIsHidden": "This post is hidden",
        "title": "Title",
        "trashed": "Trashed",
        "uniqueWords": "Unique words",
        "updatedOn": "Updated on",
        "url": "URL",
        "words": "Words"
    },
    "publii": {
        "aboutPublii": "About Publii",
        "currentPubliiVersion": "Version",
        "accept": "Accept",
        "copyright": "Copyright 2023 <a href=\"https://tidycustoms.net\" target=\"_blank\" rel=\"noopener noreferrer\">TidyCustoms</a>. All rights reserved.<br>Publii is designed and maintained by core team and is made possible by the <a href=\"https://electronjs.org\" target=\"_blank\" rel=\"noopener noreferrer\">Electron</a> Open Source project and other ",
        "creditsIntro": "Publii uses the following third-party Open Source Software:",
        "dataCollectionInfo": "<strong>We do not collect any </strong>personal data while you use Publii app; we do not store, track, or allow third parties to collect, personally identifiable information about you. ",
        "homepage": "Homepage",
        "license": "License",
        "licensingInformation": "Licensing information",
        "openSourceSoftware": "Open Source Software",
        "publiiLicenseAgreement": "Publii License Agreement.",
        "publiiLicenseAgreementInfo": "This software is licensed under GNU GPL version 3.<br>By clicking \"Accept\" you agree to the"
    },
    "rendering": {
        "errorDuringPreviewCreatingMsg": "An error occurred during preview creation.",
        "rendering": "Rendering...",
        "renderingErrorText": "An error occurred during the website rendering process.",
        "renderingPleaseWait": "Please wait while the rendering process is completed.",
        "selectThemeBeforeCreatingPreviewMsg": "You have to select a theme before trying to create a preview of your website. Please go to the website settings section and select a theme."
    },
    "repeater": {
        "addItem": "Add item",
        "duplicateItem": "Duplicate item",
        "emptyState": "Click the button to add first element",
        "removeItem": "Remove item"
    },
    "settings": {
        "addGDPRCookieBanner": "Enable banner",
        "additionalValidElementsInWYSIWYGEditor": "Additional valid elements in the WYSIWYG editor",
        "additionalValidElementsInWYSIWYGEditorInfo": "If the WYSIWYG editor automatically removes some tags from your HTML code, you may add them here as allowed elements.<br> For example: <strong>v-select[*],v-dropdown[*]</strong> will allow custom v-select and v-dropdown tags with any attributes.",
        "advancedOptions": "Advanced options",
        "advancedPreviewDesc": "Advanced preview allows you to render a website without opening your browser",
        "alwaysAddIndexHTMLInURLs": "Always add index.html in URLs",
        "alwaysSaveSearchState": "Always save search state",
        "anchorLink": "Anchor link",
        "appSettings": "App settings",
        "appSettingsSavedMsg": "App settings have been successfully saved.",
        "appSettingsSaveErrorMsg": "An error occurred during saving of the App Settings. Please try again.",
        "appUIZoomLevel": "Interface scale",
        "appUIZoomLevelInfo": "Adjust the interface scale to enhance your visibility and comfort while managing your content. This option allows you to scale the user interface to your preferred size, ensuring that text, icons, and other UI elements are easily readable and accessible.",
        "ascending": "Ascending",
        "authorPage": "Author page",
        "authorPages": "Author pages",
        "authorPageTitleVariables": "The following variables can be used in the Author Page Title: %authorname, %sitename.",
        "authorPrefix": "Author prefix:",
        "authorPrefixInfo": "Defines the prefix that appears before the author slug in a URL e.g. <strong>https://example.com/AUTHOR_PREFIX/author-slug</strong>.<br>",
        "authorsPrefixCannotBeEmpty": "Authors prefix cannot be empty.",
        "authorsPrefixCannotEqualTagsPrefix": "The authors prefix cannot be the same as  the tags prefix.",
        "backupLocation": "Backup location",
        "backupLocationChangedConfirmMsg": "The backups storage location has been changed. All new backups will be stored in this directory. If you require access to earlier backups, they may be moved manually to the new directory.",
        "badge": "Badge",
        "badgeAndCustomLink": "Badge + custom link",
        "badgeLabel": "Badge label",
        "bannerPosition": "Banner position",
        "basicSettings": "Basic settings",
        "byIDAscending": "By ID ascending",
        "byIDDescending": "By ID descending",
        "cannotAddIndexHTMLInURLsInfo": "Enable this option if you cannot enable loading index.html files by default when a folder on your server is opened.",
        "cardTypes": "Card types:",
        "changeSitesLocationWithoutCopyingFiles": "Change sites location without moving existing sites to the new catalog",
        "closePostEditorOnSave": "Close post editor on save",
        "codeEditor": "Code editor (CodeMirror)",
        "colorTheme": "Color theme",
        "content": "Content",
        "convertToWebp": "Convert to WebP format",
        "convertToWebpInfo": "Enable this option if you want to convert all JPG, JPEG and PNG images to WebP format. Once enabled, your image thumbnails will need to be regenerated. Note, this feature works only if you’re using the Sharp library for generating thumbnails.",
        "convertToWebpJimpWarning": "This option does not work with the currently used image resizing engine, Jimp. Instead, switch to Sharp in the app's settings.",
        "cookieGroups": "Cookie Groups",
        "cookieBanner": "Cookie Banner",
        "cookieBasic": "Basic",
        "cookieBasicDescription": "This section contains the settings responsible for displaying the cookie banner on the your site, which lets visitors know if the website uses cookies.",
        "cookieAdvanced": "Advanced",
        "cookieAdvancedDescription": "This section contains options for displaying a modal pop-up with advanced cookie settings, which lets visitors manage consents for a specific group of cookies.",
        "createXMLSitemap": "Create XML Sitemap",
        "currentTheme": "Current theme:",
        "customElementsInWYSIWYGEditor": "Custom elements available in the WYSIWYG editor",
        "customElementsInWYSIWYGEditorInfo": "If the WYSIWYG editor automatically removes some tags from your HTML code, you may add them here as custom elements.<br> For example: <strong>v-select,v-dropdown</strong>",
        "customFeedTitle": "Custom feed title",
        "customLanguageCode": "Custom language code:",
        "darkMode": "Dark mode",
        "defaultAuthorsOrdering": "Default authors ordering:",
        "defaultOrderingOnLists": "Default lists ordering:",
        "defaultPostsOrdering": "Default posts ordering:",
        "defaultTagsOrdering": "Default tags ordering:",
        "descending": "Descending",
        "disableAuthorsPagination": "Disable authors pagination",
        "disableAuthorsPaginationIndexing": "Disable authors pagination indexing",
        "disableAuthorsPaginationIndexingInfo": "When enabled, your authors pagination files will be excluded from the sitemap and will have the <strong>noindex, follow</strong> robots metatags added.",
        "disableAuthorsPaginationInfo": "When enabled, your authors pagination won't be generated.",
        "disableHomepagePagination": "Disable homepage pagination",
        "disableHomepagePaginationInfo": "When enabled, your homepage pagination won't be generated.",
        "disableHomepagePaginationIndexing": "Disable homepage pagination indexing",
        "disableTagsPagination": "Disable tags pagination",
        "disableTagsPaginationIndexing": "Disable tags pagination indexing",
        "disableTagsPaginationIndexingInfo": "When enabled, your tags pagination files will be excluded from the sitemap and will have the <strong>noindex, follow</strong> robots metatags added.",
        "disableTagsPaginationInfo": "When enabled, your tags pagination won't be generated.",
        "displayEmptyAuthors": "Display authors w/o posts",
        "displayEmptyAuthorsInfo": "When enabled, authors without posts assigned to them will still have their subpages created and appear on the authors list.",
        "displayEmptyTags": "Display tags w/o posts",
        "displayEmptyTagsInfo": "When enabled, tags without posts assigned to them will still have their subpages created and appear on the tags list.",
        "dontIndexThisPage": "Ask the search engine not to crawl the whole website.",
        "editorFontFamily": "Font family",
        "editorFontFamilySansSerif": "Sans serif",
        "editorFontFamilySerif": "Serif",
        "editorFontSize": "Font size (px)",
        "editors": "Editors",
        "embedConsents": "Embed content consents",
        "embedConsentsDescription": "This section allows you to block content loaded in iframes from third-party content providers that may set cookies. By providing the domain of the iframe URL e.g. <strong>youtube.com</strong>, filling out the required elements such as a message, an accept button, and assigning it to an existing cookie group, iframes will be replaced with a placeholder informing visitors that the content is blocked due to their consent settings (i.e. that the visitor has not consented to the types of cookies used by the iframe in the cookie banner).",
        "embedVideos": "Embedding Videos",
        "enableAdvancedPreview": "Enable advanced preview",
        "enableAutoIndent": "Enable auto-indent",
        "enableCSSCompression": "Enable CSS compression",
        "enableHTMLCompression": "Enable HTML compression",
        "enableJSONFeed": "Enable JSON feed",
        "enableMediaLazyLoad": "Enable media lazy load",
        "enableMediaLazyLoadInfo": "Enable this option if you want to use native lazy loading that lazy loads images, videos and iframes.",
        "enableResponsiveImages": "Enable responsive images",
        "enableResponsiveImagesInfo": "Enable this option if you want to deliver different sized images at different screen resolutions depending on breakpoints defined through the config.json file in a theme's folder.",
        "enableRSSFeed": "Enable RSS feed",
        "enableSharingButtons": "Enable sharing buttons",
        "enableSpellchecker": "Enable spellchecker",
        "errorPage": "Error page:",
        "errorPageFilenameCannotBeEmpty": "Error page filename cannot be empty.",
        "errorPageFilenameCannotEqualSearchPageFilename": "Error page filename cannot be the same as search page filename.,",
        "errorPageTitleVariables": "The following variables can be used in the Error Page Title: %sitename.",
        "excludedFiles": "Excluded files",
        "excludeFeaturedPosts": "Exclude featured posts",
        "excludeFilesFromSitemapInfo": "Type a comma-separated list of HTML files or folders to exclude from the sitemap.<br>For example: <strong>avoid-this-file.html,avoid-this-catalog-too</strong>.",
        "experimentalFeaturesWarning": "We're always looking for ways to improve our app. This section contains experimental features designed to extend Publii's functionality. Since they're experimental we can't guarantee they will work properly; activate them at your own risk.",
        "experimentalFeatureAppAutoBeautifySourceCode": "Auto-beautify source code in WYSIWYG editor",
        "experimentalFeatureAppAutoBeautifySourceCodeDesc": "This function enable automatic beautify for source code in the WYSIWYG editor",
        "externalImages": "External images",
        "externalPage": "External page",
        "facebook": "Facebook",
        "facebookAppID": "Facebook App ID",
        "facebookAppIDInfo": "Read how to obtain <a href=\"https://developers.facebook.com/docs/apps/\" target=\"_blank\" rel=\"noopener noreferrer\">Facebook App ID</a>.",
        "fallbackImage": "Fallback image",
        "fallbackLogoImage": "Fallback logo image",
        "fallbackLogoImageInfo": "The logo must fit in a 60 &times; 600 pixel box.",
        "featuredPostsOrderBy": "Featured posts order by:",
        "featuredPostsOrdering": "Featured posts ordering:",
        "feedTitle": "Feed title:",
        "filesLocation": "Files location",
        "footerText": "Footer text",
        "frontpage": "Frontpage",
        "GDPR": "Privacy Settings",
        "gdprBannerPosition": {
            "centered": "Centered",
            "left": "Left",
            "right": "Right",
            "bar": "Bar"
        },
        "gdprAllowAdvancedConfiguration": "Enable advanced cookies configuration",
        "gdprAdvancedConfigurationLinkLabel": "Advanced configuration button label",
        "gdprAdvancedConfigurationLinkPlaceholder": "Manage preferences",
        "gdprAdvancedConfigurationAcceptButtonLabel": "Accept button label",
        "gdprAdvancedConfigurationRejectButtonLabel": "Reject button label",
        "gdprAdvancedConfigurationSaveButtonLabel": "Save button label",
        "gdprAdvancedConfigurationTitle": "Pop-up title",
        "gdprAdvancedConfigurationDescription": "Pop-up message",
        "gdprAdvancedConfigurationPrivacyLink": "Privacy policy link",
        "gdprAdvancedConfigurationPrivacyLinkDescription":"Display a link to the privacy policy page in the pop-up message. If the 'Show privacy policy link' option in the Basic section is disabled, the link will also not be displayed in the pop-up.",
        "gdprBehaviourInfo": "Remember to place a link with the above anchor in your website navigation or the website content (e.g. <a href=\"#cookie-settings\">Cookie preferences</a>). Otherwise, your website's visitors might not be able to change their individual cookie preferences.",
        "gdprCookieSettingsRevision": "Settings version",
        "gdprCookieSettingsTTL": "Store visitors consent settings for X days",
        "gdprDebugMode": "Enable debug mode",
        "gdprShowRejectButton": "Show reject button",
        "gdprRejectButtonLabel": "Reject button label",
        "gdprBannerTitle": "Banner title",
        "gdprBannerMessage": "Banner message",
        "generateOpenGraphTags": "Generate Open Graph tags",
        "generateTwitterCards": "Generate Twitter cards",
        "googleAnalyticsTrackingID": "Google Analytics Tracking ID",
        "hiddenPostsOrderBy": "Hidden posts order by:",
        "hiddenPostsOrdering": "Hidden posts ordering:",
        "hideCustomExcerptsOnPostPages": "Hide custom excerpts on post pages",
        "hideCustomExcerptsOnPostPagesInfo": "When enabled, your post pages won't display text which is placed above the \"Read more\" element in the post editor.",
        "homepageNoIndexPagination": "When enabled, your homepage pagination files will be excluded from the sitemap and will have the <strong>noindex, follow</strong> robots metatags added.",
        "homepagePagination": "Homepage pagination",
        "howToPrepareYourThemeForGDPRInfo": "Enabling this option will display a cookie banner on your website. Please read the <a href=\"https://getpublii.com/docs/gdpr-cookie-banner-configuration.html\" target=\"_blank\" rel=\"noopener noreferrer\">GDPR Cookie Banner Configuration</a> article for more information on how to configure the banner correctly. ",
        "howYtNoCookiesWorks": "When enabled, the YouTube domain for the embed URL e.g. 'www.youtube.com' will be automatically changed to 'www.youtube-nocookie.com', to prevent the embedded player from personalizing the YouTube browsing experience of the visitors, and also ensures that no information is used to customize advertising shown to the visitor outside of your site. Learn more about Enhanced Privacy Mode by visiting <a href=\"https://support.google.com/youtube/answer/171780?hl=en#zippy=%2Cturn-on-privacy-enhanced-mode\">YouTube help page</a>.",
        "howVimeoNoTrackWorks": "When enabled, the additional dnt=1 parameter will be added to the Vimeo embed URL (player.vimeo.com/video) to prevent the embedded player from tracking any session data, including all cookies and analytics. Learn more about Vimeo player parameters by visiting <a href=\"https://vimeo.zendesk.com/hc/en-us/articles/360001494447-Player-parameters-overview\">Vimeo help page</a>.",
        "imageResizeEngineInfo": "The Sharp resize engine is much faster than Jimp, but can cause issues with some images. If you are encountering problems when creating or regenerating thumbnails, please try switching to the Jimp resize engine. Should you wish to use WebP images, then you’ll need to use the Sharp resize engine.",
        "imagesResizeEngine": "Images resize engine:",
        "imageResizeEngineWarning": "Jimp resize engine and the option to convert images to WebP format won't work properly. Make sure that all of your websites has the “Website Speed / Convert to WebP format” disabled, and make sure to regenerate thumbnails for consistency.",
        "indentSize": "Indent size (spaces)",
        "internalPage": "Internal page",
        "leaveBlankForDefaultBackupsDir": "Leave blank to use the default backups directory",
        "leaveBlankForDefaultPreviewDirectory": "Leave blank to use the default preview directory",
        "leaveBlankToUseDefaultPageTitle": "Leave blank to use the default Page title",
        "leaveBlankToUseDefaultSitesDir": "Leave blank to use the default sites directory",
        "lightMode": "Light mode",
        "linkedIn": "LinkedIn",
        "linkLabel": "Link label",
        "loadAtStart": "Load at start:",
        "metaDescription": "Meta Description:",
        "metaRobots": "Meta Robots:",
        "noIndexForChatGPTBot": "Block GPTBot bot",
        "noIndexForChatGPTUser": "Block ChatGPT-User bot",
        "noIndexForChatGPTBotInfo": "When enabled, this option prevents your site content from being indexed by GPTBot bot (<a href=\"https://platform.openai.com/docs/gptbot\" target=\"_blank\">used for crawling</a>). Please note that it will only take effect if you do not use your own robots.txt file.",
        "noIndexForChatGPTUserInfo": "When enabled, this option prevents your site content from being indexed by ChatGPT-User bot (<a href=\"https://platform.openai.com/docs/plugins/bot\" target=\"_blank\">used in ChatGPT plugins</a>). Please note that it will only take effect if you do not use your own robots.txt file.",
        "noIndexForCommonCrawlBots": "Block Common Crawl bots",
        "noIndexForCommonCrawlBotsInfo": "When enabled, this option prevents your site content from being indexed by Common Crawl bots. Please note that it will only take effect if you do not use your own robots.txt file.",
        "noIndexWebsite": "Noindex website",
        "notSelected": "Not selected",
        "numberOfPostsInFeed": "Number of posts in feed",
        "openDevtoolsInMainW": "Open DevTools automatically in the Main Window",
        "openGraph": "Open Graph",
        "openLastUsedWebsite": "Open the last used website",
        "openPopupWindowBy": "Open banner by",
        "optionsForDevelopers": "Options for developers",
        "optionsForEditors": "Options for editors",
        "optionsForExperimentalFeatures": "Experimental features",
        "ordering": {
            "authorASC": "By author (ascending)",
            "authorDESC": "By author (descending)",
            "createdASC": "By created date (ascending)",
            "createdDESC": "By created date (descending)",
            "idASC": "By ID (ascending)",
            "idDESC": "By ID (descending)",
            "modifiedASC": "By modified date (ascending)",
            "modifiedDESC": "By modified date (descending)",
            "nameASC": "By name (ascending)",
            "nameDESC": "By name (descending)",
            "postsCounterASC": "By posts count (ascending)",
            "postsCounterDESC": "By posts count (descending)",
            "titleASC": "By title (ascending)",
            "titleDESC": "By title (descending)"
        },
        "pageName": "Page name",
        "pageTitle": "Page Title",
        "pageTitleVariables": "The following variables can be used in the Page Title: %posttitle, %sitename, %authorname",
        "paginationPhrase": "Pagination phrase:",
        "paginationPhraseCannotBeEmpty": "Pagination phrase cannot be empty.",
        "paginationPhraseInfo": "Defines the phrase used before the page number in a URL e.g. <strong>https://example.com/tags/tag-slug/page/2</strong>.<br>",
        "password": {
            "alwaysAskForPassword": "Always ask for password",
            "hidePassword": "Hide password",
            "password": "Password",
            "passwordFieldCantBeEmpty": "The password field cannot be empty.",
            "showPassword": "Show password"
        },
        "pinterest": "Pinterest",
        "postCreationDate": "Post creation date",
        "postID": "Post ID",
        "postModificationDate": "Post modification date",
        "postPageTitleVariables": "The following variables can be used in the Post Page Title: %posttitle, %sitename, %authorname.",
        "postsListing": "Posts Listing",
        "postsOrderBy": "Posts order by:",
        "postsOrdering": "Posts ordering:",
        "postTile": "Post title",
        "previewLocation": "Preview location",
        "previewLocationChangedConfirmMsg": "The preview storage location has been changed. Note that existing files in this folder will be deleted when a preview of your website is created.",
        "privacyPolicyLinkLabel": "Privacy policy link label",
        "privacyPolicyPage": "Select page",
        "privacyPolicyPageURL": "Enter external URL",
        "privacyPolicyURL": "Privacy policy link source",
        "provideFacebookAppID": "Please provide the <a href=\"https://developers.facebook.com/docs/apps/\" target=\"_blank\" rel=\"noopener noreferrer\">Facebook App ID</a>",
        "random": "Random",
        "readAboutOurRecommendedServerSettings": "Looking to learn more about recommended server configurations? Please refer to the following documentation <a href=\"https://getpublii.com/docs/recommended-server-settings.html\" target=\"_blank\">article</a>.",
        "relatedPostsOptions": "Related posts options",
        "relatedPostsOptionsInfo": "When enabled, related posts will be taken from all tags. When disabled, related posts will only be generated from the same tags as the current post.",
        "relatedPostsOrdering": "Related posts ordering:",
        "relatedPostsSelectionMechanism": "Related posts selection mechanism:",
        "removeHTMLComments": "Remove HTML comments",
        "responsiveImagesQuality": "Responsive Images quality",
        "responsiveImagesAlphaQuality": "Responsive Images alpha quality (only WebP)",
        "RSSJSONFeed": "RSS/JSON Feed",
        "saveButtonLabel": "Save button label",
        "saveSearchStateInfo": "When enabled, Publii will save the current search results even when creating a new post, allowing you to return to the listing. By default, Publii only saves search results when opening a post to edit.",
        "requiresRestartingApp": "Requires a restart of the Publii app",
        "saveSettings": "Save Settings",
        "searchPage": "Search page:",
        "searchPageFilenameCannotBeEmpty": "Search page filename cannot be empty.",
        "searchPageTitleVariables": "The following variables can be used in the Search Page Title: %sitename.",
        "selectedDirInvalid": "Selected directory does not exist.",
        "selectPage": "Select page",
        "showFeaturedImage": "Show Featured image",
        "showFeaturedImageInfo": "Display a post's featured image in the feed.",
        "showFullText": "Show full text",
        "showFullTextInFeedInfo": "Display full text of the post in the feed.",
        "showModificationDate": "Show modification date",
        "showModificationDateAsColumn": "Show modification date as column",
        "showOnlyFeaturedPosts": "Show only featured posts",
        "showPostTagsOnTheListing": "Show post tags on the listing",
        "showPostSlugsOnTheListing": "Show post slugs on the listing",
        "showPrivacyPolicyLink": "Show privacy policy link",
        "sitemap": "Sitemap",
        "sitemapLinkInfo": "You can find the XML sitemap here: <a href=\"{sitemapLink}\" class=\"sitemap-external-link\" target=\"_blank\" rel=\"noopener noreferrer\">sitemap.xml</a>",
        "siteSettings": "Site settings",
        "siteSettingsSaveDuplicateNameErrorMessage": "Provided site name is in use. Please try another site name.",
        "siteSettingsSaveEmptyNameErrorMessage": "Site name cannot be empty. Please enter a site name.",
        "siteSettingsSaveNoKeyringErrorMessage": "Publii cannot save settings due to a problem with the safe password storage software. Restart the application and try again. If the problem persists, please report it to our team via the community forum.",
        "siteSettingsSaveNoKeyringErrorMessageLinux": "Publii cannot save settings as no safe password storage software is installed. Follow the installation instructions for Node Keytar via https://github.com/atom/node-keytar/ and try again. Most likely the libsecret-1-dev and gnome-keyring packages are missing from your system.",
        "siteSettingsSaveSiteNotExistsErrorMessage": "Site does not exist. Please restart the application.",
        "siteSettingsSaveSuccessMessage": "Site settings have been successfully saved.",
        "sitesLocation": "Sites location",
        "sitesLocationChangedConfirmMsg": "The sites location has been changed. Existing files in the new destination folder will be deleted before your sites files are moved there; do you want to continue?",
        "spellcheckerDoesNotSupportLanguage": "The spellchecker does not support your selected website language. We recommend disabling this feature.",
        "system": "System",
        "systemColors": "Use system colors",
        "tagPages": "Tag pages",
        "tagPageTitleVariables": "The following variables can be used in the Tag Page Title: %tagname, %sitename.",
        "tagPrefix": "Tag prefix:",
        "tagPrefixInfo": "Prefixes entered here will be added before the tag slug in the URL e.g. <strong>https://example.com/TAG_PREFIX/tag-slug</strong>.<br>This prefix is also used to generate the tags list page (if supported in your theme) e.g. <strong>https://example.com/TAG_PREFIX/index.html</strong>.",
        "tagsListPage": "Tags list page",
        "tagsListPageTitleVariables": "The following variables can be used in the Tags List Page Title: %sitename.",
        "tagsPrefixCannotBeEmpty": "Tags prefix cannot be empty if pretty URLs are enabled.",
        "themeDoesNotHaveSupportedFeaturesList": "<p>Your theme's <strong>config.json</strong> file does not contain a <strong>supportedFeatures</strong> section. Please update or modify your theme to include accurate messaging about features which are not supported by your currently used theme. <a href=\"https://getpublii.com/dev/theme-supported-features\" target=\"_blank\" rel=\"noopener noreferrer\">Read more about supported features</a>.</p>",
        "themeDoesNotSupport404ErrorPage": "Your theme does not support a 404 Error page.",
        "themeDoesNotSupportAuthorPages": "Your theme does not support author pages.",
        "themeDoesNotSupportErrorPages": "Your theme does not support error pages",
        "themeDoesNotSupportSearchPages": "Your theme does not support search pages",
        "themeDoesNotSupportTagPages": "Your theme does not support tag pages.",
        "themeDoesNotSupportTagsListPage": "Your theme does not support a Tags list page.",
        "themeDoesNotSupportEmbedConsents": "Your theme does not support consents for embed content.",
        "themePrimaryColor": "Theme primary color",
        "timeFormat": "Time format:",
        "toViewSitemapEnableIndexingInfo": "To view sitemap settings please disable the 'Ask search engines to not index this website' option in the SEO Settings tab; the sitemap won't be generated for your website otherwise.",
        "tumblr": "Tumblr",
        "twitter": "Twitter",
        "twitterCards": "Twitter Cards",
        "twitterUsername": "Twitter username",
        "twitterSummaryCard": "Summary card",
        "twitterSummaryCardLargeImage": "Summary card with large image",
        "urls": "URLs",
        "useAsTitlePageTitle": "Use as a title for the title page",
        "useAsTitlePageTitleInfo": "When this option is enabled, og:title and twitter:title metatags will contain the page title instead of the post title, tag name or author name.",
        "useGlobalConfiguration": "Use global configuration",
        "useOnlyTags": "Use only tags",
        "useOnlyTitles": "Use only titles",
        "usePrettyURLs": "Use pretty URLs",
        "usePrettyURLsInfo": "When enabled, your post URLs won't contain the .html suffix e.g. it will change URLs from <strong>https://example.com/post.html</strong> to <strong>https://example.com/post/</strong>.",
        "useSiteGlobalSettings": "Use global site settings",
        "useTitlesAndTags": "Use titles and tags",
        "useWideScrollbars": "Use wider scrollbars",
        "versionParameter": "Version parameter",
        "versionParameterInfo": "Adds a version parameter in CSS/JS URLs to skip browser cache. This option can cause more files than usual to be synced during deployment.",
        "vimeoNoTrack": "Enable 'Do Not Track' mode for Vimeo videos",
        "webpLossless": "Enable lossless compression for responsive WebP images",
        "websiteSpeed": "Website Speed",
        "whatsApp": "WhatsApp",
        "youMustReviewGdprSettings": "Make sure to check and review your Privacy Settings, especially the Cookie Banner settings due to some significant changes in Publii v.0.40. <a href=\"https://getpublii.com/blog/release-040.html#cookie-banner\" target=\"_blank\">Read more...</a>",
        "ytNoCookies": "Enable Privacy-Enhanced mode for YouTube videos"
    },
    "site": {
        "addNewWebsite": "Add new website",
        "cloneWebsite": "Clone website",
        "cloneWebsiteSuccessMsg": "Website has been cloned. Switched to: ",
        "createNewWebsite": "Create new website",
        "createWebsite": "Create website",
        "createYourFirstWebsite": "Create your first website",
        "creationInProgress": "Creation in progress...",
        "deleteWebsite": "Delete website",
        "deleteWebsiteConfirmMsg": "Do you really want to remove this website? This action cannot be undone.",
        "deleteWebsiteCSuccessMsg": "Website has been removed.",
        "deleteWebsiteSuccessMsg": "Website has been removed. Switched to: ",
        "duplicateWebsite": "Duplicate website",
        "erroOcurredDuringSiteDatabaseCreationInfo": "An error occurred during site database creation. Please check your antivirus software and try again. You can also need to remove the invalid website's folder from the Publii sites directory.",
        "installFromBackup": "Install from backup",
        "removeWebsite": "Remove website",
        "restoreFromBackup": {
            "createWebsite": "Create website",
            "invalidBackupContent": "The uploaded file is a not valid backup.",
            "invalidSiteData": "The uploaded backup is corrupted.",
            "iWantChangeName": "Change website name",
            "restoreFailed": "An error occurred during creating website from backup. Please try again.",
            "selectSiteName": "Please specify a site name",
            "siteExistsWantOverride": "Some websites exist within the selected directory name. Would you like to continue and potentially lose all previous website data? The website from the backup will override the existing site with the same name.",
            "siteNameCannotBeEmpty": "Website name cannot be empty",
            "unsupportedFormat": "Unsupported format - please use TAR backup file.",
            "unpackError": "An error occurred during unpacking backup - please try again.",
            "yesPleaseOverride": "Yes, override"
        },
        "selectedBackupFile": "Selected backup file: ",
        "siteLoadingErrorMsg": "An error occurred during loading of the selected website. Please check the website files and try again.",
        "siteName": "Site name:",
        "siteSettingsSaveSuccessMsg": "Site settings have been successfully saved.",
        "siteWithThisNameExists": "A site using this name already exists!",
        "specifyNameForWebsiteDuplicate": "Please specify the new name for the duplicate website:",
        "websiteAuthorRequired": "author name is required and should contain letters",
        "websiteName": "Website name",
        "websiteNameAlreadyInUseMsg": "The selected name is in use by another website. Please try again.",
        "websiteNameCantBeEmpty": "The website name cannot be empty. Please try again.",
        "websiteNameRequired": "A website name is required",
        "websiteNotFound": "Website not found"
    },
    "supportedFeatures": {
        "featureNames": {
            "authorImages": "author featured images",
            "authorPages": "author subpages",
            "blockEditor": "block editor",
            "customComments": "custom comments",
            "customSearch": "custom search",
            "errorPage": "error subpage",
            "searchPage": "search subpage",
            "tagImages": "tag featured images",
            "tagsList": "tags list subpage",
            "tagPages": "tag subpages"
        },
        "yourThemeDoNotSupport": "Your current theme do not support required feature: {featureName}"
    },
    "sync": {
        "accessID": "Access ID",
        "accessIDFieldCantBeEmpty": "The access ID field cannot be empty",
        "acl": "ACL",
        "afterInitialSyncSiteWillBeAvailableOnline": "After the initial sync, your website will be available online",
        "allFilesUploadedPart1": "All files have been successfully uploaded to your server. ", 
        "allFilesUploadedPart2": "Visit your website by clicking the button below.",
        "apiRateLimiting": "API rate limiting",
        "apiRateLimitingNote": "Disable this option only if you are using Github Enterprise with disabled API rate limiting. Otherwise disabling this option can cause deployment errors.",
        "apiServer": "API Server",
        "apiServerNote": "Change this value only if you are using your own GitHub instance (Enterprise edition).",
        "authenticationMethod": "Authentication method",
        "branch": "Branch",
        "branchExampleGitNote": "Examples: <strong>main</strong>, <strong>gh-pages</strong> or <strong>docs</strong>.",
        "branchExampleGitHubNote": "Examples: <strong>gh-pages</strong>, <strong>docs</strong> or <strong>main</strong>.",
        "branchExampleGitLabeNote": "Example: <strong>main</strong>",
        "branchFieldCantBeEmpty": "The branch field cannot be empty",
        "bucket": "Bucket",
        "bucketFieldCantBeEmpty": "The bucket field cannot be empty",
        "certificates": "Certificates",
        "changeServerType": "Change server type",
        "checkingConnection": "Checking connection...",
        "clickToChangeDeploymentMethod": "Click to change the currently used deployment method",
        "commitAuthor": "Commit author",
        "commitAuthorFieldCantBeEmpty": "Commit author field cannot be empty",
        "commitEmail": "Commit author e-mail",
        "commitMessage": "Commit message",
        "commitMessageFieldCantBeEmpty": "Commit message field cannot be empty",
        "configureServer": "Configure Server",
        "connectedToServer": "Connected to the server",
        "connectingToServer": "Connecting to the server...",
        "connectionToServerErrorAdditionalMessage": "An error occurred while connecting to the server: ",
        "connectionToServerErrorMessage": "An error occurred while connecting to the server. Please check your server settings or try again.",
        "connectionToServerErrorText": "An error occurred while connecting to the server...",
        "connectToServerCantStoreFilesErrorMsg": "Error! Application was able to connect with your server but was unable to store files. Please check file permissions on your server",
        "connectToServerErrorMsg": "Error! The application was unable to connect to your server.",
        "connectToServerSuccessMsg": "Success! The application was able to connect to your server.",
        "deploymentMethodFtpMsg": "FTP protocol uses an unencrypted transmission, which means any data sent over it, including your username and password, could be read by anyone who may intercept your transmission. We strongly recommend using FTPS or SFTP protocols if possible.",
        "deploymentMethodGitMsg": "For detailed information about how to configure a website using Git, check Publii's online <a href=\"https://getpublii.com/docs/host-static-website-git-repository.html\" target=\"_blank\" rel=\"noopener noreferrer\">documentation</a>.",
        "deploymentMethodGithubPagesDeprecated": "Github Pages is deprecated sync method and will be removed in Publii v.0.46. We strongly recommend to migrate your server settings to the Git repository method",
        "deploymentMethodGithubPagesMsg": "For detailed information about how to configure a website using Github Pages, check Publii's online <a href=\"https://getpublii.com/docs/host-static-website-github-pages.html\" target=\"_blank\" rel=\"noopener noreferrer\">documentation</a>.",
        "deploymentMethodGithubPagesNote": "This will be your Github repository path, which should use the following format: <strong>YOUR_USERNAME.github.io/YOUR_REPOSITORY_NAME</strong>.<br>If you are using a custom domain name, set this field to just the custom domain name.",
        "deploymentMethodGitlabPagesDeprecated": "Gitlab Pages is deprecated sync method and will be removed in Publii v.0.46. We strongly recommend to migrate your server settings to the Git repository method",
        "deploymentMethodGitlabPagesMsg": "For detailed information about how to configure a website using GitLab Pages, check Publii's online <a href=\"https://getpublii.com/docs/host-static-website-gitlab-pages.html\" target=\"_blank\" rel=\"noopener noreferrer\">documentation</a>.",
        "deploymentMethodGoogleCloudMsg": "For detailed information about how to configure a website using Google Cloud, check Publii's online <a href=\"https://getpublii.com/docs/make-static-website-google-cloud.html\" target=\"_blank\" rel=\"noopener noreferrer\">documentation</a>.",
        "deploymentMethodNetlifyMsg": "For detailed information about how to configure a website using Netlify, check Publii's online <a href=\"https://getpublii.com/docs/build-a-static-website-with-netlify.html\" target=\"_blank\" rel=\"noopener noreferrer\">documentation</a>.",
        "deploymentMethodS3Msg": "For detailed information about how to configure a website using S3, check Publii's online <a href=\"https://getpublii.com/docs/setup-static-website-hosting-amazon-s3.html\" target=\"_blank\" rel=\"noopener noreferrer\">documentation</a>.",
        "deploymentSettingDatHyperIpfsProtocolNote": "The \"dat://\", \"hyper://\", \"dweb://\" and the \"ipfs://\" protocol is useful only if you have plans to use your website on P2P networks. Read more about <a href=\"https://datproject.org/\" target=\"_blank\" rel=\"noopener noreferrer\">dat://</a>, <a href=\"https://hypercore-protocol.org/\" target=\"_blank\" rel=\"noopener noreferrer\">hyper://</a>, <a href=\"https://dwebx.org/\" target=\"_blank\" rel=\"noopener noreferrer\">dweb://</a> and <a href=\"https://ipfs.io/\" target=\"_blank\" rel=\"noopener noreferrer\">IPFS</a>",
        "deploymentSettingDoubleSlashProtocolNote": "Note: while using \"//\" as protocol, some features like Open Graph tags, sharing buttons etc. will not work properly.",
        "deploymentSettingFileProtocolNote": "The \"file://\" protocol is useful only if you are using the manual deployment method for intranet websites.",
        "deploymentSettingRelativeUrlsNote": "Note: while using relative URLs, some features like Open Graph tags, sitemaps, RSS feeds, JSON feeds etc. will be disabled.",
        "deprecated": "Deprecated",
        "destinationServerNotConfiguredErrorMessage": "Your website cannot currently be synced as the destination server has not been configured correctly. <br>Check your server settings to ensure that the correct information has been entered.",
        "destinationServerNotConfiguredErrorText": "Make sure the destination server is properly configured.",
        "domainNameNotSetErrorMessage": "Your website cannot currently be synced as the settings appear to lack a domain name. <br>Check your server settings to ensure a domain name has been entered.",
        "domainNameNotSetErrorText": "Make sure the domain name is set.",
        "duringSyncYouCantChangeFilesLocation": "File locations cannot be changed during the sync process.",
        "fieldIsCaseSensitive": "This field is case-sensitive.",
        "filesNotSyncedErrorMessage": "Please check the hard-upload-errors-log.txt file using the Tools -&gt; Log Viewer tool.",
        "filesNotSyncedErrorText": "Some files were not synced properly.",
        "ftp": "FTP",
        "ftps": "FTPS",
        "ftpWithSSLTLS": "FTP with SSL/TLS",
        "generatePreviewFiles": "Generate preview files",
        "getWebsiteFiles": "Get website files",
        "git": "Git",
        "github": "GitHub",
        "githubPages": "GitHub Pages",
        "githubSyncedPart1": "Changes on Github Pages may not be visible for a few minutes after completing deployment, ",
        "githubSyncedPart2": "so please be patient.",
        "gitlabPages": "Gitlab Pages",
        "gitlabSyncedPart1": "Changes on Gitlab Pages may not be visible for a few minutes after completing deployment, ",
        "gitlabSyncedPart2": "so please be patient.",
        "googleCloud": "Google Cloud",
        "googleCloudPrefixNote": "Your website may be placed in a subdirectory. Please avoid using slashes at the beginning of the prefix name (i.e. <strong>/blog/</strong>) - as it will create an additional directory with the empty name. Proper prefix example: <strong>blog</strong>.",
        "goToAppSettings": "Go to app settings",
        "goToSettings": "Go to settings",
        "keyFile": "Key file",
        "lastRendered": "Last rendered",
        "lastSync": "Last sync",
        "leaveBlankToUseDefaultOutputDirectory": "Leave blank to use the default output directory",
        "manualDeployment": "Manual deployment",
        "manualOutputFieldCantBeEmpty": "Manual output selection cannot be empty",
        "ManualUpload": "Manual upload",
        "netlify": "Netlify",
        "netlifyToken": "Netlify token",
        "nonCompressedCatalog": "Non-compressed catalog",
        "note": "Note:",
        "operationsDone": "operations done",
        "outputDirectory": "Output directory",
        "outputDirectoryNote": "Publii will create catalog/file {siteName}-files in the selected directory. If it exists - it will be replaced with the new files.",
        "outputType": "Output type",
        "outputTypeNote": "Publii will generate a catalog or ZIP/TAR archive of your website. Then you can upload these files to any destination server manually.",
        "parallelUploads": "Parallel uploads",
        "parallelUploadsNote": "More parallel operations can lead to upload errors on slow internet connections or encounter an error 403 due to API rate limits.",
        "passphraseForKey": "Passphrase for a key",
        "passphraseForKeyNote": "Use this field only if your key needs a passphrase",
        "port": "Port",
        "portFormatNote": "The port field cannot be empty and must be a positive integer between 1 and 65535.",
        "prefix": "Prefix",
        "preparationError": "Preparation error",
        "preparedToUpload": "Prepared to upload",
        "preparingFiles": "Preparing files",
        "previewCatalogDoesNotExistInfo": "The preview catalog does not exist. Please go to the App Settings and select the correct preview directory first.",
        "previewChanges": "Preview your changes",
        "provideAccessData": "Provide access data",
        "provideFTPPasswordFor": "Please provide the FTP password for ",
        "provideFTPPasswordForServer": "Please provide the FTP password for the following server: ",
        "region": "Region",
        "regionFieldCantBeEmpty": "Region selection cannot be empty",
        "remotePath": "Remote path",
        "remotePathMatchServerOrRootPathNote": "Path should match your server path e.g. public_html/, public_html/blog/ or the root path e.g. /home/username/public_html/.",
        "remotePathMatchServerRootPathNote": "Path should match your server root path e.g. /public_html/, /public_html/blog/.",
        "repository": "Repository",
        "repositoryFieldCantBeEmpty": "The repository field cannot be empty",
        "repositoryUrl": "Repository URL",
        "repositoryUrlFieldCantBeEmpty": "Repository URL cannot be empty",
        "repositoryUrlNote": "An URL to your Git repository used to store your website files",
        "requireCertificateForConnection": "Require a valid certificate for connection",
        "requireFTPPassAlwaysOnSync": "Require the FTP password every time you sync your site",
        "s3CompatibleStorage": "S3 compatible storage",
        "s3PrefixNote": "Your website may be placed in a subdirectory. Please avoid using slashes at the beginning of the prefix name (i.e. <strong>/blog/</strong>) - as it will create an additional directory with the empty name. Proper prefix example: <strong>blog/</strong>.",
        "s3ProviderEndpoint": "S3 Provider endpoint",
        "s3ProviderEndpointNote": "The custom endpoint cannot be empty when \"Use a custom S3 provider\" is set to true",
        "secretKey": "Secret key",
        "secretKeyFieldCantBeEmpty": "The secret key field cannot be empty",
        "selectServerType": "Select server type:",
        "serverFieldCantBeEmpty": "The server field cannot be empty.",
        "serverGitLabNote": "Change this value only if you are using your own GitLab instance.",
        "serverSettingsSaveErrorMsg": "Publii cannot save settings due to a problem with the safe password storage software. Restart the application and try again. If the problem persists, please report it to our team via the community forum.",
        "serverSettingsSaveLinuxErrorMsg": "Publii cannot save settings as no safe password storage software is installed. Follow the installation instructions for Node Keytar via https://github.com/atom/node-keytar/ and try again. Most likely the libsecret-1-dev and gnome-keyring packages are missing from your system.",
        "serverSettingsSaveSuccessMsg": "Server settings have been successfully saved.",
        "settings": "Settings",
        "sftp": "SFTP",
        "sftpKeyNote": "Please select the key file",
        "sftpWithKey": "SFTP (with key)",
        "sftpWithPassword": "SFTP (with password)",
        "siteFieldCantBeEmpty": "The Site ID field cannot be empty",
        "siteID": "Site ID",
        "siteIsInSync": "Site is in sync",
        "syncFTPNoPasswordMsg": "Your website cannot be synced without the password. Please try again",
        "syncInProgress": "Sync in progress",
        "syncInProgressMessage": "During sync process you cannot change site name.",
        "syncYourWebsite": "Sync your website",
        "tarArchive": "TAR archive",
        "testConnection": "Test connection",
        "testConnectionNoPasswordMsg": "You cannot test the connection without the password. Please try again",
        "token": "Token",
        "tokenFieldCantBeEmpty": "The token field cannot be empty",
        "uploadingWebsite": "Uploading website",
        "useCustomS3Provider": "Use a custom S3 provider",
        "useCustomS3ProviderNote": "Note: AWS is the default S3 provider. When using an alternative provider, you need to fill the \"S3 provider endpoint\" field.",
        "useFtps": "Use FTP with SSL/TLS",
        "useRelativeURLs": "Use relative URLs",
        "username": "Username",
        "usernameFieldCantBeEmpty": "The username field cannot be empty.",
        "usernameOrganization": "Username / Organization",
        "visitWebsite": "Visit website",
        "visitYourWebsite": "Visit your website",
        "websiteFilesPreparedInfo": "Your website files has been prepared. Use the \"Get website files\" button below <br>to get your files in order to manually deploy them.",
        "websiteLinkInvalidMsg": "Sorry! The website link seems to be invalid.",
        "websiteSynchronization": "Website synchronization",
        "websiteSynchronizationInfo": "Any duplicate files or filenames that already exist in the destination location <br>that match the files generated by Publii will be overwritten.",
        "websiteURL": "Website URL",
        "youHaventSelectedAnyThemeInfo": "You haven't selected any theme. Please go to the Settings and select the theme first.",
        "yourJSONKey": "Your JSON key",
        "yourJSONKeyFieldCantBeEmpty": "The JSON key file selection cannot be empty",
        "yourPrivateKey": "Your private key",
        "yourWebsiteIsInSync": "Your website is now in sync",
        "zipArchive": "ZIP archive"
    },
    "tag": {
        "addNewTag": "Add new tag",
        "addThisAsNewTag": "Add this as new tag",
        "createFirstTag": "You don't have any tags, yet. Let's create the first!",
        "editTag": "Edit tag",
        "filterOrSearchTags": "Filter or search tags...",
        "hideTag": "Hide tag",
        "leaveBlankToUseDefaultTagPageURL": "Leave blank to use a default tag page URL",
        "mainTag": "Main tag",
        "newTagHasBeenCreated": "New tag has been created",
        "noMainTagForPostMsg": "If the post has tags but no main tag has been set, the first tag alphabetically will be used by default.",
        "noSupportFoFeaturedImagesForTags": "Your theme does not support featured images for tags.",
        "noTagsAvailable": "No tags available",
        "noTagsMatchingYourCriteria": "There are no tags matching your criteria.",
        "removeTagMessage": "Do you really want to remove selected tags?",
        "removeTagSuccessMessage": "Selected tags have been removed",
        "themeDoesNotSupportForTagPagesInTheme": "The \"Save & Preview\" option is not available as your theme lacks support for tag pages.",
        "selectTag": "Select tag",
        "selectTagPage": "Select tag page",
        "tag": "Tag",
        "tagDataParsingErrorMessage": "An error occurred while parsing tag data for ID: ",
        "tagHasBeenEdited": "Tag has been edited",
        "tagIsNotAllowed": "This tag is not allowed",
        "tagLink": "Tag link",
        "tagName": "Tag name:",
        "tagNameCannotBeEmptyErrorMessage": "Tag name cannot be empty. Please enter a tag name.",
        "tagNameInUseErrorMessage": "Provided tag name is in use. Please try another tag name.",
        "tagNameNotAllowedErrorMessage": "Selected tag name/slug is not allowed.",
        "tagNameSimilarInUseErrorMessage": "Provided tag name is in use; tag names are not case-sensitive. Please try another tag name.",
        "tagPage": "Tag page",
        "tagsListLink": "Tags list link",
        "tagStatusChangeSuccessMessage": "Status of the selected tags has been changed",
        "tagWillNotAppearInGeneratedTagLists": "Tag will not appear in any generated tag list such as post or tag/s pages.",
        "thisTagIsHidden": "This tag is hidden",
        "toUseThisOptionEnableIndexingTagPages": "To use this option, first enable indexing of tag pages in SEO settings."
    },
    "theme": {
        "addThemeSuccessMessage": "Theme has been successfully added.",
        "authorOptions": "Author options",
        "authorOptionsInfo": "The author options section allows you to set global options for what extra information should be included in your authors. Changes made in this section will affect all authors on your site, but you can also override the Theme Settings on the Author Edit screen for each individual author if necessary.",
        "authorsPostsPerPage": "Authors posts per page:",
        "authorsPostsPerPageInfo": "Use -1 as value if you need to display all authors' posts on the page.",
        "changeAppTheme": "Change application theme",
        "customSettings": "Custom settings",
        "defaultPostTemplate": "Default post template",
        "defaultTemplate": "Default template",
        "deleteTheme": "Delete theme",
        "dropYourThemeHere": "Drop your theme here",
        "excerptLength": "Excerpt length:",
        "getMoreThemes": "Get more themes",
        "goToThemesManager": "Go to the themes manager",
        "installTheme": "Install theme",
        "leaveBlankToUseDefault": "Leave blank to use the default value",
        "postOptions": "Post options",
        "postOptionsInfo": "The Post options section allows you to set global options for what extra information should be included in your posts. Changes made in this section will affect all posts on your site, but you can also override the App Settings on the Post Edit screen for each individual post if necessary.",
        "postsPerPage": "Posts per page:",
        "postsPerPageInfo": "Use -1 as value if you need to display all posts on page.",
        "removeThemeMessage": "Do you really want to remove the {themeName} theme?",
        "removeThemeSuccessMessage": "Theme has been successfully removed.",
        "resetThemeSettings": "Reset theme settings",
        "saveSettingsSuccessMessage": "Theme settings has been successfully saved.",
        "selectTheme": "Select theme",
        "settingsResetMessage": "Do you really want to reset the theme settings?",
        "settingsResetSuccessMessage": "Theme settings has been reset.",
        "tagOptions": "Tag options",
        "tagOptionsInfo": "The Tag options section allows you to set global options for what extra information should be included in your tags. Changes made in this section will affect all tags on your site, but you can also override the Theme Settings on the Tag Edit screen for each individual tag if necessary.",
        "tagsPostsPerPage": "Tags posts per page:",
        "tagsPostsPerPageInfo": "Use -1 as value if you need to display all tag posts on page.",
        "themes": "Themes",
        "themeSettings": "Theme Settings",
        "translations": "Translations",
        "translationsInfo": "If you need to translate theme phrases to languages other than english - please check our documentation regarding the <a href=\"https://getpublii.com/dev/translations-api/\" target=\"_blank\" rel=\"noopener noreferrer\">Translations API</a><br><br>",
        "updateThemeSuccessMessage": "Theme has been successfully updated.",
        "uploadThemeErrorMessage": "The uploaded files are incorrect. Please upload a theme directory or theme ZIP file.",
        "websiteLogo": "Website logo:"
    },
    "tools": {
        "css": {
            "customCSS": "Custom CSS",
            "customCSSSaveSuccessMsg": "Custom CSS has been successfully saved.",
            "normal": "Normal",
            "putCustomCSSComment": "Put your custom CSS code here"
        },
        "customHTML": "Custom HTML",
        "find": "Find:",
        "findAndReplace": "Find and replace:",
        "findAndReplaceShortcut": "Ctrl + Alt + F",
        "findAndReplaceShortcutMac": "Cmd + Alt + F",
        "findShortcut": "Ctrl + F",
        "findShortcutMac": "Cmd + F",
        "goToTools": "Go to tools",
        "logFileEmpty": "The log file is empty...",
        "logViewer": "Log viewer",
        "pluginActivationError": "Cannot activate plugin - please try again",
        "pluginDeactivationError": "Cannot deactivate plugin - please try again",
        "selectFileToLoad": "Select file to load",
        "thumbnails": {
            "listRegeneratedFiles": "List of regenerated files:",
            "processingRegenerateThumbnailsInfo": "Pressing the Regenerate thumbnails button will start generating new image sizes as defined by your new theme.",
            "progress": "Progress: ",
            "regenerateThumbnails": "Regenerate thumbnails",
            "regenerateThumbnailsInfo": "If you've changed your theme or are having issues with your responsive images, you can regenerate them using the button below. This might take a while if your site has a lot of images, so please be patient.",
            "regenerateThumbnailsNotNecessaryInfo": "Currently you have no selected theme for this website. Thumbnails regeneration is not necessary.",
            "regeneratingThumbnails": "Regenerating thumbnails...",
            "skipRegeneration": "Skip regeneration",
            "themeOrThumbnailsSettingsChanged": "Your theme or thumbnail settings have been changed.",
            "thumbnailsCreated": "All thumbnails have been created.",
            "thumbnailsRegenerationCancelled": "Thumbnails regeneration cancelled."
        },
        "wpImport": {
            "addTagsToContentAutomatically": "Add <p> and <br> tags to the post content automatically",
            "categories": "Categories",
            "checkingWXRFile": "Checking the selected WXR file",
            "contentFormatting": "Content formatting:",
            "duringWXRAnalyzeWeHaveFound": "During WXR analysis we have found",
            "importAuthors": "Import authors",
            "importData": "Import data",
            "importingData": "Importing data",
            "importNote": "Posts will be imported in a format compatible with the WYSIWYG editor.",
            "importSelectedTypesOfPosts": "Import selected post types:",
            "pages": "pages",
            "postAuthors": "Post authors",
            "selectWXRFileLabel": "Please select WXR file:",
            "selectWXRFilePlaceholder": "Select a WXR file to import",
            "usedTaxonomyForPosts": "Used taxonomy for posts:",
            "useMainAuthor": "Use main author from Publii",
            "wpImporter": "WP Importer",
            "wpImportGoToRegenerateMsg": "Your WordPress data has been imported. Thumbnails regeneration may be necessary if you have already selected a theme."
        }
    },
    "toolsPlugin": {
        "pluginSettingsLoadError": "An error occurred during loading of plugin settings",
        "pluginSettingsSaveSuccess": "Plugin settings saved successfully",
        "pluginSettingsSaveError": "An error occurred during saving of plugin settings",
        "tabsLabel": "Plugin settings",
        "thisPluginHasNoOptions": "This plugin has no additional options..."
    },
    "ui": {
        "aboutPublii": "About Publii",
        "alternativeText": "Alternative text",
        "appConfiguration": "Application configuration",
        "applyChanges": "Apply changes",
        "authors": "Authors",
        "backToTools": "Back to tools",
        "backToPosts": "Posts",
        "basicInformation": "Basic information",
        "beautifyCode": "Beautify code",
        "cancel": "Cancel",
        "cancelPostWarningMsg": "You will lose all unsaved changes - do you want to continue?",
        "canonicalURL": "Canonical URL",
        "caption": "Caption",
        "checkDocumentation": "Check Publii documentation",
        "close": "Close",
        "copyToClipboard": "Copy to clipboard",
        "credits": "Credits",
        "customLink": "Custom link",
        "customTemplate": "Custom template",
        "delete": "Delete",
        "description": "Description",
        "donate": "Donate",
        "edit": "Edit",
        "featuredImage": "Featured image",
        "fillAllRequiredFields": "Please fill all required fields",
        "frontpageLink": "Frontpage link",
        "gdprBreakingChangesConfirmMsg": "We've made significant changes to the Privacy Settings (formerly GDPR) section. We recommend that you review your settings and save them again.",
        "githubRepository": "Github repository",
        "goBack": "Go back",
        "goToPluginCustomOptions": "Hide additional options",
        "goToPluginStandardOptions": "Show additional options",
        "goToSettings": "Go to Privacy Settings",
        "help": "Help",
        "hide": "Hide",
        "hideThisNotification": "Hide this notification",
        "id": "ID",
        "ifCanonicalUrlIsSetMetaRobotsTagIsIgnored": "If canonical URLs are enabled, the meta robots tag is ignored.",
        "indexFollow": "index, follow",
        "indexNofollow": "index, nofollow",
        "indexFollowNoArchive": "index, follow, noarchive",
        "indexNofollowNoArchive": "index, nofollow, noarchive",
        "iUnderstand": "OK, I understand",
        "lastModified": "Last modified",
        "leaveBlankToUseDefaultPageTitle": "Leave blank to use a default page title",
        "linkTarget": "Link target",
        "loading": "Loading...",
        "menus": "Menus",
        "metaDescription": "Meta description",
        "metaRobotsIndex": "Meta robots index",
        "minimize": "Minimize",
        "more": "More",
        "moreInformationOnPublii": "More information about Publii",
        "moreItems": "More items",
        "name": "Name",
        "newWindow": "New window",
        "noindexFollow": "noindex, follow",
        "noindexNofollow": "noindex, nofollow",
        "none": "None",
        "notAvailableInYourTheme": "Not available in your theme",
        "notSet": "Not set",
        "of": "of",
        "ok": "OK",
        "otherOptions": "Other options",
        "pages": "Pages",
        "pageTitle": "Page Title",
        "pleaseFillAllRequiredFields": "Please fill all required fields",
        "posts": "Posts",
        "preview": "Preview",
        "previewFrontPageOnly": "Preview front page only",
        "previewFullWebsite": "Preview full website",
        "publiiOnGithub": "View Publii on Github",
        "publishAndClose": "Publish and close",
        "publishPost": "Publish post",
        "reloadFile": "Reload file",
        "renderFrontPageOnly": "Render front page only",
        "renderFullWebsite": "Render full website",
        "reportBugInSupportDesk": "Report a bug via our support desk",
        "reportIssue": "Report an issue",
        "sameWindow": "The same window",
        "save": "Save",
        "saveAndClose": "Save and close",
        "saveAndPreview": "Save & Preview",
        "saveAndRender": "Save & Render",
        "saveAsDraft": "Save as draft",
        "saveChanges": "Save Changes",
        "saveDraft": "Save draft",
        "saveDraftAndClose": "Save draft and close",
        "search": "Search...",
        "selectOption": "Select option",
        "selectWebsite": "Select a website",
        "seo": "SEO",
        "server": "Server",
        "show": "Show",
        "slug": "Slug",
        "supportPublii": "Support Publii and donate today!",
        "tags": "Tags",
        "theme": "Theme",
        "tools": "Tools & Plugins",
        "unhide": "Unhide",
        "updateSlug": "Update slug",
        "uploadInProgress": "Upload in progress...",
        "whatsNew": "What's new?"
    }
}
